loan_amount,annual_income,credit_score,employment_years,debt_to_income,num_credit_lines,num_delinquencies,loan_purpose,default
16795,143313,613,7,0.07,3,6,business,1
1860,57909,679,8,0.33,11,5,auto,0
39158,41352,719,12,0.12,17,5,auto,0
45732,121975,351,16,0.12,10,4,auto,1
12284,113848,808,8,0.61,17,4,auto,1
7265,125596,504,12,0.35,14,1,personal,0
17850,35438,556,8,0.61,1,6,home,1
38194,108921,484,5,0.24,9,6,education,1
22962,64999,444,26,0.23,15,7,home,1
48191,38482,313,9,0.23,4,3,home,0
45131,52471,545,4,0.48,3,8,business,1
17023,67279,486,6,0.62,7,9,home,1
42090,129413,636,10,0.37,3,2,home,0
2685,126748,558,23,0.32,15,2,personal,0
1769,74213,339,8,0.73,10,1,auto,1
3433,133909,717,24,0.13,16,9,home,0
6311,33026,650,9,0.39,17,6,home,1
38819,127625,308,10,0.34,19,9,business,0
40188,105184,649,2,0.12,1,1,education,0
18568,25435,383,28,0.24,1,6,business,1
20769,28493,832,7,0.07,14,2,education,0
29693,92227,657,16,0.66,2,0,education,1
7396,79321,677,6,0.48,2,7,education,0
28480,22763,471,11,0.62,10,7,personal,1
42434,40389,324,15,0.42,15,9,personal,0
26658,51498,692,14,0.47,15,0,auto,0
19942,83755,402,20,0.54,7,5,education,0
19431,121545,535,28,0.69,8,3,personal,0
3747,55825,709,12,0.11,11,4,personal,0
1189,36934,848,17,0.28,16,7,home,0
20118,25574,631,17,0.55,7,7,education,0
36773,58179,831,23,0.72,9,6,business,1
2899,21587,328,4,0.74,19,4,home,0
2267,62782,842,13,0.5,1,5,personal,0
32551,124224,318,27,0.19,18,7,personal,0
12394,74412,447,10,0.13,8,4,personal,0
4556,80561,770,2,0.71,8,2,personal,0
4890,97224,790,16,0.35,8,8,business,0
42606,24409,582,26,0.19,14,8,auto,1
31740,147159,412,22,0.7,2,9,auto,1
15502,91319,754,26,0.12,3,0,education,0
22777,119016,629,11,0.56,7,6,personal,0
11627,46751,554,2,0.49,3,3,education,1
9792,58174,698,22,0.11,15,5,business,1
44323,142678,807,27,0.29,11,6,education,0
44021,76572,765,1,0.15,2,7,auto,1
9433,81416,706,3,0.47,18,4,auto,0
44001,32041,397,17,0.38,14,4,auto,1
12016,43227,589,19,0.05,18,5,education,0
24897,55201,455,20,0.73,2,6,personal,0
3612,56069,461,13,0.29,4,4,home,0
24483,102190,396,7,0.23,14,4,auto,1
49555,46370,676,1,0.21,7,3,education,0
18159,115018,749,25,0.16,15,0,home,0
45974,145342,416,18,0.75,6,6,auto,0
41994,147173,805,9,0.26,5,6,auto,0
15541,31586,488,27,0.33,18,5,business,1
36920,70231,775,28,0.66,11,9,auto,1
27531,145758,622,4,0.5,8,1,home,0
2585,25322,479,10,0.31,12,1,home,1
4943,85294,480,27,0.68,18,5,personal,1
24939,99468,586,27,0.57,15,8,home,0
20457,49299,774,8,0.21,8,4,education,0
2021,110715,561,15,0.5,4,6,education,0
12653,90793,822,25,0.7,15,1,auto,0
44573,66501,461,26,0.4,11,5,personal,1
14417,77134,786,4,0.56,1,5,auto,0
41757,131672,480,14,0.73,2,9,personal,0
10692,29777,768,13,0.53,8,5,business,1
46758,31249,320,8,0.12,16,5,personal,1
7873,140902,574,19,0.22,1,3,business,1
6675,41390,559,25,0.47,3,4,business,0
1161,40369,632,4,0.24,18,3,auto,0
38065,32881,765,14,0.72,16,5,education,1
27557,29587,415,8,0.33,13,8,personal,1
34763,113800,712,3,0.37,4,4,auto,0
33606,94327,836,20,0.54,4,4,business,1
12534,127009,556,20,0.42,2,2,business,1
30127,107911,467,3,0.32,13,6,home,1
41397,108147,832,19,0.1,13,4,home,0
26851,127562,314,26,0.47,7,1,personal,0
2016,27833,349,20,0.66,7,8,education,1
25253,137574,603,27,0.53,17,4,home,1
25276,67013,786,21,0.32,10,6,business,0
24247,137341,715,6,0.14,12,6,auto,0
25300,147785,604,14,0.62,16,9,education,0
9529,83620,495,21,0.71,2,7,personal,0
18262,35754,687,16,0.32,9,3,auto,0
10268,127584,754,17,0.56,12,6,personal,0
22271,98113,609,6,0.34,17,2,auto,0
13185,116631,426,29,0.4,16,8,auto,0
22243,106784,474,18,0.64,5,7,education,1
40099,55282,433,27,0.11,19,9,personal,0
9571,56737,365,9,0.42,17,8,home,1
40976,137972,692,26,0.2,3,1,auto,0
39044,117427,664,12,0.29,17,3,auto,0
49984,44124,578,1,0.5,15,0,home,1
41774,90102,662,21,0.07,19,7,education,0
3568,22196,470,26,0.47,15,3,education,0
3027,81527,350,19,0.25,18,3,education,0
3695,116651,627,27,0.52,12,6,business,1
49190,135477,444,10,0.15,12,5,business,0
6258,105395,573,4,0.57,3,2,education,0
23002,31345,454,5,0.5,11,7,education,0
40504,144544,807,2,0.73,10,1,home,1
34159,54077,662,0,0.69,15,0,business,0
14986,86400,624,2,0.25,11,1,personal,0
13666,32055,597,2,0.07,1,8,education,1
39660,123693,793,21,0.51,4,4,education,0
4561,105283,845,3,0.47,8,4,education,0
27854,64484,603,6,0.07,13,5,auto,0
39952,97514,766,28,0.14,17,2,business,0
23662,110135,538,14,0.46,15,0,personal,0
9392,55771,816,10,0.69,1,7,auto,1
31535,132478,475,17,0.68,3,6,auto,1
14067,77654,709,11,0.16,17,7,personal,0
49033,66540,663,3,0.32,4,8,personal,0
24599,103151,322,23,0.08,8,1,personal,0
36222,126263,617,10,0.38,15,4,personal,1
12837,130284,824,5,0.58,8,1,personal,0
15039,137399,575,25,0.6,14,7,education,1
31818,124885,528,18,0.4,6,3,personal,0
20115,142393,407,25,0.12,15,3,personal,0
11965,49377,475,27,0.32,9,9,business,1
25538,115567,619,17,0.7,5,7,education,0
43530,69573,585,14,0.21,13,6,auto,0
6056,62733,628,2,0.27,7,0,education,0
33482,149344,655,16,0.57,17,6,home,1
48716,31760,313,0,0.56,8,9,personal,1
9110,133226,574,1,0.69,5,2,auto,1
14773,119250,370,29,0.32,7,4,home,0
28266,45762,494,18,0.41,8,7,auto,0
18412,70986,822,28,0.38,7,5,education,0
34270,54332,405,8,0.7,12,7,home,1
7910,60100,495,7,0.59,6,4,personal,0
46453,24944,444,11,0.63,4,9,personal,1
26446,68825,649,26,0.14,3,8,home,0
1206,33877,723,26,0.6,5,5,education,0
22518,49990,770,14,0.35,19,8,home,0
23361,149065,515,24,0.07,8,3,education,0
24419,128443,392,22,0.09,5,1,auto,0
49702,119612,559,6,0.52,13,7,education,1
42523,137674,840,20,0.31,10,4,home,0
46151,135074,584,15,0.66,6,1,home,1
23403,75283,783,6,0.56,1,5,auto,1
19141,144041,671,19,0.07,11,2,home,0
15820,23258,369,20,0.53,9,0,business,1
41342,140809,678,11,0.18,16,5,home,0
7374,51629,578,16,0.35,15,7,business,0
2678,57579,601,10,0.49,5,0,home,0
34827,42958,554,3,0.66,15,2,home,1
17198,59465,563,18,0.37,1,5,auto,1
10914,105853,723,1,0.62,15,9,business,0
28890,35775,512,1,0.6,4,2,auto,1
23299,96575,399,23,0.34,16,6,business,0
44585,114633,411,16,0.4,7,5,business,1
44689,54207,607,23,0.54,8,8,personal,1
43557,42553,774,8,0.07,2,5,business,0
45020,129938,847,21,0.67,12,6,auto,1
3693,73632,411,0,0.59,2,1,auto,1
30467,20055,386,9,0.22,14,9,education,1
30723,138012,482,27,0.74,19,3,home,1
47699,108697,464,22,0.18,6,4,personal,1
4627,52873,389,14,0.69,19,1,home,1
26939,121505,754,20,0.28,17,9,auto,0
49925,100720,537,14,0.58,3,9,personal,1
43941,86205,833,24,0.37,10,9,business,0
22834,98199,357,22,0.57,13,6,auto,1
19047,45318,841,20,0.16,18,3,auto,0
27105,53734,701,28,0.24,19,8,auto,0
11230,102227,818,1,0.12,17,7,auto,0
16707,38522,496,13,0.66,8,9,personal,1
22976,31656,345,3,0.26,18,8,home,1
45262,35893,829,17,0.54,7,7,home,1
24776,131393,696,8,0.62,11,4,business,0
31080,36493,373,1,0.68,3,8,auto,0
2306,23632,715,1,0.12,2,4,auto,0
7776,115872,634,17,0.68,19,7,home,1
28251,108648,595,16,0.19,11,3,business,0
10474,81779,383,8,0.57,8,4,education,1
41294,58452,314,7,0.56,11,3,personal,0
22959,33266,433,1,0.06,2,1,home,1
6530,141187,777,1,0.2,12,3,personal,0
30320,136603,618,4,0.39,9,4,home,0
4748,81607,691,11,0.34,6,5,business,0
32968,36940,778,28,0.69,12,3,auto,0
33562,44003,667,29,0.3,18,9,education,1
14545,147880,666,27,0.71,5,3,personal,0
1663,118408,587,15,0.37,17,5,education,1
35766,54815,677,13,0.73,16,6,auto,0
8994,50869,762,19,0.57,12,6,home,1
29021,69297,312,1,0.63,2,3,business,0
31303,80107,835,23,0.12,16,4,auto,0
4304,102793,467,7,0.46,1,2,education,0
47576,36682,569,28,0.15,2,4,education,0
40353,39622,369,3,0.26,13,9,education,1
18675,50408,617,29,0.49,16,4,home,0
45417,28837,675,19,0.56,1,3,education,0
24938,84210,388,8,0.08,19,5,home,0
24664,35407,556,19,0.42,4,4,education,0
2636,49309,516,25,0.45,3,7,personal,0
21080,91918,749,26,0.11,2,1,personal,0
28728,113190,843,24,0.4,12,5,auto,0
27736,38895,440,18,0.55,13,1,auto,0
29673,141284,460,1,0.09,18,5,business,0
38505,119087,331,15,0.58,5,3,education,0
48323,106912,451,10,0.45,12,0,education,1
47645,20370,559,7,0.63,19,5,home,1
1854,134212,578,11,0.2,1,2,auto,0
25548,20486,584,2,0.63,9,6,personal,0
39623,43762,841,12,0.12,1,2,home,0
8392,46613,447,1,0.33,18,9,personal,0
47717,132804,366,12,0.19,3,3,home,1
22556,23196,578,26,0.66,6,8,auto,1
39559,127856,742,7,0.54,4,6,education,0
27309,138975,698,14,0.07,12,3,education,0
22919,114937,427,23,0.06,12,1,auto,0
5931,120565,636,20,0.25,5,4,personal,1
33970,96349,781,8,0.15,13,7,business,1
45215,84839,485,10,0.49,12,1,business,0
13688,61916,468,21,0.51,4,8,auto,0
26342,28572,559,20,0.71,6,4,home,1
38157,133312,806,27,0.72,19,5,education,0
3327,48225,820,2,0.51,6,6,personal,1
41772,65853,770,6,0.05,6,8,business,1
41545,69390,460,13,0.3,11,6,education,1
1197,52275,588,14,0.41,14,3,auto,0
24509,92379,639,8,0.4,3,4,education,0
35698,21105,801,19,0.47,8,2,business,0
45542,136074,405,10,0.72,4,0,personal,0
16087,79896,774,6,0.67,16,2,home,0
23671,63209,762,11,0.13,18,0,home,0
26184,117175,782,18,0.24,7,4,education,1
28848,62487,452,26,0.63,11,6,home,0
43107,38051,448,17,0.63,8,8,business,1
21666,114244,487,12,0.24,6,3,personal,1
45357,120995,430,10,0.56,16,9,home,1
16708,142444,751,0,0.52,5,9,home,0
27370,97400,815,5,0.38,6,0,auto,0
3811,120300,790,20,0.19,6,6,home,0
48011,86961,775,1,0.67,2,2,home,0
7546,80156,562,12,0.52,7,0,business,0
35754,134682,837,12,0.17,9,3,home,0
31206,77175,758,18,0.54,15,8,auto,1
42106,26849,835,8,0.57,14,5,auto,1
12411,121551,594,18,0.67,13,5,auto,1
3911,38976,734,22,0.21,5,6,home,0
2734,119794,574,0,0.74,17,0,education,0
19227,135912,607,22,0.16,5,4,education,0
9680,137275,675,24,0.47,3,3,business,0
20360,76866,457,27,0.51,9,3,education,0
19343,137752,503,26,0.34,9,6,business,0
6759,67078,374,7,0.38,4,1,business,0
24078,142492,679,22,0.67,11,4,auto,0
36153,51113,603,25,0.5,17,6,personal,0
12111,135520,361,13,0.4,14,2,business,1
38504,35401,407,23,0.14,10,1,home,0
2802,32884,486,15,0.06,5,0,auto,0
9155,104360,528,28,0.14,17,4,home,0
9120,57563,347,3,0.72,16,4,home,1
40384,54414,567,17,0.58,1,3,education,0
48025,36142,553,13,0.73,10,7,home,1
48254,132610,386,29,0.07,12,1,business,0
22918,135128,480,26,0.53,18,3,home,0
21445,91492,324,8,0.08,1,4,home,0
31306,99464,687,14,0.6,12,8,education,0
17646,95257,521,2,0.32,6,2,home,0
47843,96693,696,29,0.12,8,0,business,0
32065,55135,810,26,0.45,14,3,business,0
26199,92232,739,3,0.25,5,9,home,0
42976,47862,474,22,0.51,4,5,business,1
17371,25190,610,17,0.51,16,6,business,0
12835,90199,573,13,0.54,6,3,education,0
46936,125366,334,14,0.74,3,3,auto,1
3049,24331,516,7,0.32,4,5,auto,0
32616,144184,707,27,0.38,8,0,personal,0
39191,72186,818,9,0.61,14,4,auto,1
48357,64648,568,23,0.45,7,2,home,0
21932,48549,774,11,0.08,4,7,business,1
30855,101782,624,20,0.64,19,4,auto,1
8158,45761,655,8,0.09,11,6,education,0
44016,23262,389,7,0.17,15,7,personal,1
8400,131624,341,16,0.12,16,7,home,1
43642,71259,664,8,0.1,6,1,auto,0
16151,92572,501,12,0.07,12,1,business,0
2154,144720,665,29,0.09,8,9,education,0
5499,73472,587,13,0.36,10,4,auto,1
7295,107858,780,4,0.23,11,2,business,0
13183,104667,800,8,0.14,9,9,auto,0
30299,24677,351,24,0.51,17,0,home,0
13874,93508,402,25,0.21,14,7,personal,0
33711,100865,660,25,0.06,3,5,business,0
6539,122568,723,15,0.34,9,2,personal,0
43405,121437,504,18,0.27,18,7,personal,0
49354,129916,313,23,0.27,17,0,education,1
3557,70617,769,22,0.36,5,2,business,0
39360,106029,765,6,0.52,6,8,education,0
17482,38595,603,11,0.48,3,5,personal,0
3200,107459,726,25,0.71,16,0,home,0
47940,80148,409,1,0.41,15,8,home,1
3961,66926,814,17,0.38,8,6,auto,0
47975,95271,367,17,0.2,9,0,auto,0
22357,54457,545,15,0.58,4,0,business,0
12969,62531,688,28,0.15,13,4,home,0
3869,93263,607,10,0.39,3,3,personal,0
47760,93300,651,1,0.34,7,7,home,0
29643,148027,365,13,0.51,16,1,business,1
25736,83171,759,3,0.69,17,5,auto,1
39467,139229,646,6,0.71,17,7,auto,1
24328,146159,624,1,0.17,19,0,education,0
26876,138229,332,20,0.23,17,2,auto,0
22295,65771,367,13,0.62,2,0,personal,0
4987,113135,486,6,0.41,5,6,business,1
23399,86354,491,8,0.37,16,0,auto,0
47214,132743,512,7,0.55,11,8,auto,1
34986,133381,727,8,0.47,6,7,personal,1
21880,57289,650,6,0.73,11,2,auto,0
5735,53892,407,18,0.46,1,3,personal,0
45064,91196,539,16,0.38,19,8,auto,0
5555,149662,515,25,0.43,3,9,personal,0
42914,115057,476,22,0.62,8,5,auto,1
41818,58409,629,12,0.48,18,4,business,0
46525,135817,749,10,0.5,13,4,education,0
20830,54470,746,21,0.73,1,0,education,1
18429,38385,836,17,0.48,17,0,home,0
7893,43296,478,16,0.32,5,2,education,0
15373,138566,694,27,0.53,12,1,personal,1
48333,81716,444,15,0.51,11,9,personal,1
4436,109152,497,9,0.06,18,0,education,0
9754,46382,383,3,0.38,8,4,personal,1
11677,96675,384,29,0.57,13,2,business,0
6895,141019,756,3,0.4,2,6,personal,0
20738,117596,775,21,0.6,16,7,business,1
31746,42419,552,10,0.37,12,9,business,0
49404,113321,371,20,0.74,8,5,business,1
33352,101238,522,24,0.26,4,4,auto,1
40790,145032,575,7,0.11,14,9,home,1
42919,114753,545,8,0.35,9,4,personal,1
6600,59291,640,15,0.43,11,0,auto,0
30124,32397,770,9,0.29,16,5,home,1
28643,126415,753,22,0.22,6,5,auto,1
41764,77888,306,8,0.52,12,2,personal,1
10007,55169,487,2,0.31,19,3,business,0
46714,82182,303,24,0.49,16,3,auto,0
38410,112476,424,1,0.6,13,5,home,1
45080,62249,314,8,0.58,4,7,home,1
41447,48341,824,12,0.31,12,8,home,0
9208,95603,539,5,0.45,4,8,auto,0
19589,66144,659,3,0.36,17,4,home,0
44484,81772,817,27,0.66,14,7,education,0
18453,99360,619,13,0.67,17,7,home,1
37212,33444,530,27,0.29,1,9,home,0
44525,65647,329,28,0.11,1,3,auto,1
48202,143662,833,10,0.17,2,3,personal,0
33635,134416,455,1,0.31,17,2,auto,0
34828,118843,698,28,0.44,1,4,auto,0
19711,30974,645,25,0.51,12,7,education,0
4420,132150,494,2,0.28,13,7,personal,1
32216,58383,467,4,0.52,14,8,auto,1
1301,145548,676,24,0.71,10,0,education,0
46236,114826,788,6,0.51,12,3,auto,1
1699,101552,661,10,0.16,18,5,education,1
1190,117648,781,11,0.46,7,4,business,0
11492,114049,543,28,0.43,19,3,home,0
36743,22956,470,10,0.66,15,2,home,1
7102,28077,812,18,0.3,7,1,auto,0
20778,56490,705,12,0.35,14,8,education,0
27641,130363,506,3,0.47,9,9,business,1
35584,144713,453,13,0.42,5,2,home,0
33745,123391,347,11,0.55,1,3,auto,1
24093,128642,300,26,0.08,16,0,auto,0
1569,75612,706,1,0.44,5,0,education,0
39210,120474,406,29,0.14,8,9,personal,0
35663,56159,472,7,0.27,19,8,auto,0
37631,59710,805,21,0.51,12,3,business,0
46681,103536,429,18,0.16,8,9,business,0
8455,33806,697,12,0.27,8,3,personal,0
5014,133096,593,20,0.54,6,5,business,1
12093,98345,746,20,0.51,9,1,education,0
19070,100391,315,27,0.11,2,5,auto,0
36777,127412,648,0,0.45,18,6,education,0
17538,114924,502,28,0.15,1,0,personal,0
11729,26458,433,4,0.23,11,7,personal,0
35177,55524,825,21,0.37,15,5,education,0
46017,26853,807,25,0.13,12,8,home,0
1784,60477,365,25,0.75,3,3,personal,0
28751,52222,779,26,0.17,19,1,auto,0
41864,38320,758,10,0.6,19,8,personal,1
41328,114154,641,10,0.63,10,7,education,1
13533,72243,458,12,0.75,16,1,education,0
41111,65615,460,1,0.35,6,7,business,0
40974,37352,553,18,0.66,9,7,home,1
6801,92833,826,15,0.72,8,4,education,0
20190,113476,848,25,0.17,16,6,business,0
39754,134560,454,4,0.39,8,6,business,0
30592,23203,785,13,0.09,18,3,auto,0
11647,59267,731,28,0.48,5,5,business,1
9716,57941,326,18,0.46,12,9,home,0
24355,102809,311,4,0.19,6,5,auto,1
23009,45368,366,20,0.61,2,5,education,1
25376,97186,841,23,0.08,4,8,education,0
46091,50984,395,25,0.61,16,1,business,1
5780,61941,514,8,0.07,14,9,personal,1
3368,92918,493,23,0.51,17,7,home,1
13039,72683,589,11,0.11,19,7,home,0
7655,146409,843,15,0.23,4,0,business,0
41941,20801,338,18,0.56,18,1,home,1
5495,126538,505,14,0.25,12,3,auto,0
11893,132201,783,16,0.41,2,4,business,0
26547,67965,636,29,0.69,6,4,personal,1
23386,105269,795,14,0.08,6,5,education,0
14403,142693,548,2,0.62,3,6,home,1
33097,29969,373,16,0.1,8,0,education,0
14121,55969,672,12,0.14,12,6,personal,1
11966,102269,437,26,0.13,3,5,personal,1
34621,52449,756,8,0.75,2,4,auto,0
29312,111679,743,27,0.18,1,5,personal,0
23677,45705,652,12,0.68,18,7,personal,1
32289,80303,710,15,0.74,18,5,home,0
32024,48363,837,18,0.32,8,4,education,0
43675,50720,752,13,0.49,14,5,home,1
5777,29972,718,7,0.6,13,8,home,1
30749,53351,749,21,0.32,15,0,business,0
16338,131023,414,18,0.16,15,2,business,1
3491,56145,350,24,0.35,13,2,auto,0
28236,107948,668,23,0.59,4,8,auto,1
49096,109614,814,2,0.6,4,2,personal,0
15599,108116,509,22,0.21,5,5,auto,0
20508,76235,734,20,0.17,3,8,auto,0
4051,34855,526,17,0.69,12,9,personal,0
49747,56169,567,15,0.08,12,4,education,1
22606,66404,415,13,0.56,7,9,personal,1
22699,39569,659,15,0.08,7,8,personal,0
1876,145074,628,23,0.64,1,8,education,0
33093,149006,339,16,0.68,12,5,personal,1
5142,74437,481,19,0.26,3,7,business,1
16202,68506,789,10,0.1,15,8,auto,0
40734,45738,508,12,0.39,9,8,personal,0
8079,26772,572,10,0.26,9,7,home,1
8987,110410,418,27,0.34,14,3,auto,0
40567,39731,681,28,0.52,3,7,business,0
29940,30131,835,3,0.2,8,1,business,0
38233,86324,557,28,0.3,6,2,personal,0
18019,74097,782,25,0.6,12,8,education,0
47185,101720,808,13,0.5,2,9,home,1
19077,116433,391,4,0.28,3,3,personal,0
27258,22889,460,3,0.52,14,1,education,1
22136,29569,448,0,0.59,17,2,business,1
9311,107193,416,13,0.46,3,6,auto,1
18214,95677,757,6,0.22,4,8,business,0
15098,105192,344,9,0.05,15,6,personal,0
29251,143757,533,26,0.61,7,7,education,0
38945,107154,674,1,0.63,19,2,personal,0
48030,97470,846,9,0.54,14,6,business,0
26945,128073,496,2,0.1,16,0,home,1
26316,108822,324,20,0.46,13,5,business,1
33217,146019,694,7,0.62,17,2,personal,0
9308,27612,335,9,0.32,17,1,education,0
6949,71644,773,7,0.19,10,3,personal,0
2150,52069,522,13,0.46,7,8,auto,1
24944,101741,829,17,0.63,17,5,auto,1
35699,47331,487,8,0.08,12,8,education,0
10204,75897,701,21,0.47,11,7,business,0
2081,33934,556,8,0.5,10,4,personal,1
30305,30095,435,29,0.47,8,7,auto,0
17896,111494,743,3,0.51,15,1,home,0
47175,122544,717,2,0.49,18,7,auto,1
8805,38706,591,13,0.14,13,0,business,0
6237,63516,428,13,0.21,16,2,education,0
21056,123602,640,20,0.48,13,6,home,0
46543,117008,556,15,0.06,4,3,personal,1
46952,54629,399,4,0.49,11,6,personal,0
4343,66910,338,19,0.52,19,0,education,1
14500,108540,562,28,0.22,8,6,home,0
30375,144746,449,22,0.47,10,2,home,1
10662,40431,629,23,0.42,12,1,home,0
17964,76733,419,14,0.23,11,8,education,1
48893,60088,518,20,0.37,4,1,education,1
9130,64135,422,8,0.69,19,2,personal,1
20531,135786,543,6,0.35,10,2,auto,0
2679,58015,817,12,0.49,15,3,business,0
4506,120038,320,28,0.07,13,6,personal,0
14284,51385,489,22,0.1,13,6,home,0
8253,90199,524,7,0.11,18,8,auto,0
20128,58677,765,11,0.59,7,9,business,0
28932,138104,398,3,0.3,14,7,home,1
10435,32818,662,15,0.21,5,5,education,0
45078,108222,382,25,0.57,9,5,auto,0
14296,83001,355,28,0.17,17,4,education,1
31445,43977,321,28,0.22,5,1,business,0
14245,69832,484,5,0.35,16,5,business,1
30124,60931,821,4,0.28,9,5,home,0
30899,103990,563,0,0.46,17,4,education,1
44919,98894,524,13,0.29,18,5,personal,0
44225,92204,337,28,0.33,3,4,personal,1
36247,65784,422,8,0.65,5,3,education,0
30222,126305,455,17,0.67,17,2,business,0
27211,29921,600,5,0.63,4,0,auto,0
38220,54959,366,14,0.66,4,3,education,1
27646,52328,693,15,0.45,7,8,home,0
39649,28859,704,7,0.5,8,6,personal,1
24049,144492,748,18,0.44,2,6,home,0
15069,109506,430,4,0.6,10,6,auto,1
33580,94408,368,13,0.44,5,3,personal,1
32843,143852,644,6,0.13,17,6,personal,0
3849,104766,619,3,0.62,7,1,personal,1
41158,46708,476,29,0.58,2,7,home,1
24289,38847,828,27,0.62,6,9,business,0
45690,75989,459,20,0.18,10,7,home,1
36257,112641,832,0,0.24,9,8,business,0
10823,145383,434,3,0.26,5,4,education,0
42975,24922,410,29,0.41,3,9,personal,1
10540,89928,582,13,0.14,11,7,home,1
17364,72335,819,22,0.32,10,1,auto,0
5611,146913,493,15,0.18,16,9,auto,1
28663,33541,346,27,0.24,19,9,business,0
39646,39551,641,25,0.54,1,7,business,0
31977,39381,541,6,0.65,11,9,personal,1
30168,133319,821,9,0.07,15,8,business,0
26471,75673,669,9,0.45,7,5,auto,1
23687,121531,430,3,0.08,8,5,home,1
1851,42948,569,11,0.11,16,3,home,0
19071,112264,360,5,0.54,18,7,business,0
7833,79072,463,12,0.56,11,6,business,1
12938,87560,824,20,0.62,1,8,auto,0
36195,102249,571,0,0.38,16,0,education,1
27144,22486,432,7,0.65,4,9,home,1
5000,86691,543,27,0.17,6,7,business,0
6052,30082,733,22,0.22,11,7,personal,1
36506,122781,337,15,0.14,6,8,business,1
29074,104105,618,4,0.61,10,6,business,0
39155,27086,809,28,0.21,6,8,home,1
41770,147818,675,25,0.16,10,9,business,0
33320,87853,773,25,0.49,5,7,personal,0
39304,121925,358,6,0.1,9,8,personal,0
47247,90027,798,25,0.08,7,8,personal,1
4913,35916,517,2,0.12,17,0,auto,0
18450,35248,428,23,0.05,12,2,personal,0
25107,88047,682,20,0.54,11,5,home,0
21764,44226,687,1,0.44,6,6,education,1
44404,45025,384,1,0.2,11,3,business,1
21491,127850,809,19,0.21,11,9,business,0
39494,68380,736,22,0.62,14,1,business,1
4373,27848,592,29,0.4,16,3,personal,0
13161,34274,348,9,0.54,2,5,personal,1
32996,140092,366,19,0.37,2,3,personal,0
28122,74545,428,8,0.22,5,9,education,0
35850,149043,328,17,0.73,14,1,education,1
28350,116494,642,5,0.45,10,8,education,1
28472,135981,844,19,0.14,10,0,education,0
29761,55233,418,5,0.33,18,9,education,1
26351,36304,432,25,0.28,9,6,business,1
24132,133973,626,24,0.2,4,8,business,1
16305,31294,484,9,0.7,17,2,education,0
10817,46425,805,27,0.67,2,5,business,0
12261,88711,833,24,0.19,14,8,education,1
1417,126153,540,8,0.3,1,8,education,1
42576,130777,815,8,0.58,7,3,education,1
21358,113311,464,2,0.2,4,7,business,0
4267,29425,517,11,0.46,9,7,auto,1
18209,111549,304,10,0.54,3,6,auto,0
25052,113464,380,13,0.51,5,5,auto,1
39513,64990,546,24,0.54,10,2,home,1
27092,126748,792,18,0.54,10,3,auto,1
12338,93746,685,9,0.73,4,8,auto,1
1412,88295,606,18,0.29,17,9,auto,1
8543,36091,842,4,0.67,17,6,personal,1
41355,139943,306,21,0.07,19,7,education,1
34496,143102,814,8,0.25,6,5,business,1
24548,20002,372,0,0.08,1,0,personal,0
28384,142818,309,14,0.51,14,8,education,1
45425,70411,421,23,0.12,13,2,auto,0
39756,60958,812,29,0.64,3,2,auto,1
19888,147829,740,29,0.5,2,8,personal,1
36735,115696,337,3,0.07,7,3,business,0
48295,40707,644,25,0.55,12,7,personal,0
49816,35248,637,6,0.65,2,3,personal,1
18506,91309,483,5,0.51,11,1,education,0
21463,98322,366,14,0.07,16,4,home,0
18955,71720,316,5,0.65,5,2,business,0
38841,35037,682,6,0.56,17,3,business,0
6104,87421,667,19,0.31,3,2,personal,0
35911,125364,615,21,0.28,14,0,personal,0
24190,101867,796,2,0.39,16,3,auto,0
8357,60612,644,20,0.66,17,8,personal,1
33479,108031,772,28,0.23,19,6,education,0
45811,33450,414,28,0.12,4,5,auto,1
37208,29491,399,29,0.66,9,9,home,0
21150,137026,737,12,0.07,11,8,education,1
6644,94804,644,1,0.69,5,3,business,1
44286,138446,648,2,0.26,11,5,business,0
48320,113293,438,12,0.41,13,2,education,0
3914,139498,623,8,0.14,2,2,personal,0
22352,127443,601,21,0.68,2,9,personal,1
47352,26791,593,18,0.57,10,9,personal,1
45912,125475,828,17,0.7,13,7,business,0
15397,48314,591,4,0.53,5,4,education,1
42555,71883,373,9,0.18,11,7,personal,1
47959,114119,783,13,0.27,15,8,auto,1
1728,135557,315,20,0.39,5,1,business,1
1698,107086,825,16,0.48,5,6,education,0
40954,85629,635,2,0.7,7,1,education,1
48280,121291,815,6,0.32,10,6,education,0
14923,131151,426,8,0.54,2,2,education,0
17779,29967,817,4,0.72,1,7,home,1
8400,101754,428,3,0.16,1,3,auto,0
25466,63220,810,2,0.65,4,8,home,1
37939,94163,722,25,0.34,15,3,personal,0
5360,24947,684,12,0.56,15,1,home,0
36270,59419,531,8,0.26,6,3,home,1
18101,76131,494,29,0.28,6,4,business,1
33307,108714,364,22,0.07,1,7,education,1
6486,48876,576,27,0.73,7,2,home,1
9335,108444,523,6,0.62,5,8,education,1
22364,121448,577,29,0.12,17,8,auto,1
38259,39971,665,28,0.75,7,9,home,0
24576,82539,815,7,0.47,4,2,business,0
32667,118120,514,9,0.65,3,7,business,1
12130,69228,738,0,0.1,12,5,personal,1
22972,143695,727,26,0.32,15,5,home,1
41419,94495,695,19,0.52,9,1,auto,0
2167,141241,508,28,0.12,12,7,education,1
28192,48261,800,28,0.39,5,6,home,0
2062,126601,762,20,0.36,8,1,personal,0
19540,81260,526,20,0.2,15,3,business,0
25244,124998,674,0,0.26,7,4,home,0
22545,101371,799,18,0.73,19,8,personal,0
22689,104793,392,1,0.25,13,9,auto,1
12174,23346,759,11,0.2,1,1,education,1
23925,116343,620,22,0.43,11,6,auto,0
38497,115954,309,12,0.52,13,4,auto,1
10348,76176,602,13,0.56,2,1,education,0
24714,72300,621,4,0.58,19,9,home,1
39102,31340,755,2,0.08,11,2,education,0
9924,144345,577,26,0.33,1,4,personal,0
38098,145467,837,23,0.59,1,9,auto,1
25394,53012,692,16,0.68,8,0,education,0
7801,55393,394,0,0.47,13,6,business,0
38614,122153,406,13,0.09,8,0,education,0
7731,95133,689,5,0.33,2,5,education,1
49136,45557,825,16,0.1,8,5,personal,1
24625,84204,370,3,0.57,14,0,auto,0
18337,93273,675,5,0.09,2,6,personal,0
36307,132328,667,0,0.18,13,7,personal,1
8056,130304,350,28,0.34,5,2,business,0
12516,126637,442,8,0.37,1,9,personal,0
45261,37276,718,3,0.33,9,0,personal,0
2542,74639,847,8,0.37,10,1,business,0
22677,141939,799,8,0.55,11,0,home,0
47732,27310,466,28,0.31,18,8,personal,0
40081,55167,559,21,0.43,17,3,education,0
28569,122944,491,12,0.26,6,6,personal,1
24322,104880,501,22,0.3,11,4,auto,0
20065,30391,484,28,0.48,4,8,education,1
18924,142013,457,16,0.39,1,8,education,1
23556,70621,398,20,0.56,1,5,home,1
27962,30892,540,2,0.44,18,4,auto,1
29295,96733,790,25,0.61,5,9,auto,1
14807,98586,501,25,0.36,16,0,auto,0
43348,56142,808,28,0.39,2,3,personal,0
27432,65679,395,5,0.52,9,4,personal,1
18749,61615,789,19,0.2,2,8,education,0
42459,67553,517,14,0.32,5,1,home,0
27256,129264,826,28,0.49,17,1,personal,0
41262,99071,572,13,0.07,19,2,personal,0
38080,61002,518,12,0.36,10,2,home,0
2324,128807,631,8,0.47,8,6,auto,0
26731,142611,752,22,0.73,11,0,education,1
36909,90658,451,14,0.66,13,1,personal,1
24803,29852,646,13,0.25,13,0,home,0
20870,25387,713,3,0.41,9,8,home,1
35578,147571,826,28,0.09,5,9,auto,1
7588,117295,730,10,0.22,18,8,business,0
39069,125935,678,21,0.59,8,2,business,1
27790,59994,727,1,0.14,14,2,business,0
26289,123412,383,29,0.23,2,0,business,0
29178,136912,491,15,0.71,16,4,personal,1
29710,120414,340,18,0.63,1,2,home,0
16485,53725,608,15,0.6,13,1,education,0
45482,92682,677,26,0.66,18,2,personal,1
21652,20560,435,6,0.57,1,7,business,1
5748,144210,405,10,0.13,7,7,education,0
22233,76565,818,11,0.41,4,0,education,0
10435,21312,841,3,0.36,10,1,business,0
4709,38205,425,29,0.27,8,0,education,0
31355,145882,656,15,0.63,3,7,personal,1
14116,31595,699,27,0.37,7,0,auto,0
26470,107566,378,25,0.09,16,5,personal,0
43344,41329,688,15,0.24,10,9,personal,1
43918,123678,834,6,0.21,13,7,auto,1
40298,88187,373,24,0.67,1,7,business,1
43956,148509,304,29,0.5,7,6,business,0
15683,95542,762,12,0.44,10,7,auto,0
1504,128237,381,4,0.4,12,7,personal,0
34982,139389,836,29,0.51,14,9,home,1
35299,146688,704,0,0.58,11,2,education,1
29016,134476,813,4,0.44,17,1,education,0
24960,55645,577,21,0.71,9,3,education,0
34591,107502,523,13,0.73,8,4,home,1
18312,113382,367,10,0.75,10,1,personal,1
38797,107310,619,1,0.52,4,7,business,1
47196,89619,318,23,0.7,5,7,auto,1
3105,53513,642,28,0.33,18,3,education,0
37395,28749,642,17,0.65,6,4,home,1
46740,50783,396,14,0.69,10,4,auto,1
23700,80645,351,13,0.68,18,4,personal,0
35620,102861,474,24,0.63,11,8,home,1
38678,73175,637,29,0.33,5,8,home,0
21559,104216,652,12,0.16,3,3,auto,0
28509,82709,690,1,0.28,18,0,auto,0
28860,37323,414,18,0.59,4,7,education,1
12003,70762,647,7,0.21,8,0,personal,0
22732,108220,300,26,0.38,17,6,auto,0
26826,84222,362,21,0.45,10,3,education,0
31354,54493,525,16,0.47,19,0,education,1
14843,78328,722,14,0.71,1,3,auto,0
45472,144467,318,19,0.51,2,6,home,1
49529,32213,330,20,0.6,11,7,home,1
7190,117367,323,13,0.46,15,1,home,1
18640,127832,510,26,0.63,1,8,education,1
39413,66930,460,2,0.23,9,4,home,1
43356,47713,554,16,0.2,8,7,personal,0
45597,127157,413,2,0.7,1,1,home,1
41821,92723,803,12,0.54,10,1,home,0
4330,118336,519,24,0.52,17,3,education,0
20087,52583,656,17,0.38,18,3,business,0
42430,148792,468,0,0.31,16,2,personal,0
25504,133197,823,6,0.44,2,4,education,1
8114,99944,541,28,0.13,17,1,personal,0
14323,42369,674,22,0.37,4,0,personal,0
35121,67928,438,4,0.37,7,3,home,0
11975,88950,396,1,0.43,9,5,personal,0
12023,135844,446,29,0.49,3,5,home,0
22447,39510,481,16,0.72,5,1,personal,1
25933,142940,356,28,0.51,18,5,business,0
24959,32120,341,20,0.67,17,3,personal,1
1667,119847,842,9,0.44,7,9,auto,1
30703,118575,301,3,0.49,14,0,home,0
10337,149269,587,8,0.1,15,0,business,0
47427,25295,437,20,0.14,14,1,home,1
37487,40460,811,10,0.46,9,3,business,0
20129,34963,521,25,0.33,16,7,home,1
41251,97116,630,11,0.61,19,2,auto,0
32921,107822,703,11,0.43,1,4,auto,0
34307,47328,807,17,0.67,8,2,business,0
28355,104629,426,3,0.73,18,7,education,1
38732,144034,564,28,0.15,2,3,home,1
5835,41605,314,27,0.33,4,7,education,1
21159,130901,525,8,0.52,1,7,personal,0
39810,64813,404,7,0.26,19,8,auto,1
48605,66371,792,18,0.24,11,1,home,0
41080,128241,618,23,0.62,6,9,auto,1
39088,67598,518,12,0.74,19,6,personal,1
14216,80776,576,1,0.59,14,9,business,1
36547,143217,640,18,0.42,19,0,home,0
32471,92258,751,13,0.36,13,3,home,0
18308,60969,668,4,0.43,12,3,home,0
28532,56912,773,26,0.37,10,3,business,0
35349,58374,489,27,0.4,19,6,auto,0
46445,92302,718,29,0.19,11,4,business,0
6713,82784,794,25,0.68,12,4,auto,1
5804,69882,338,9,0.58,7,2,home,1
11136,35928,461,23,0.53,8,9,business,1
1009,41274,420,16,0.71,17,4,personal,0
20255,149994,698,19,0.25,3,4,business,1
24793,54416,561,15,0.11,6,7,auto,0
30548,106148,428,16,0.63,12,1,home,1
38892,80998,839,0,0.75,15,7,auto,1
2015,120434,655,27,0.45,7,3,education,0
28712,132696,731,20,0.09,6,8,home,0
35961,49047,364,21,0.6,12,7,personal,0
9415,63356,517,14,0.1,12,4,personal,0
47318,57134,726,16,0.43,4,4,education,0
48280,87042,373,10,0.24,9,8,auto,0
24833,71310,759,21,0.69,17,4,personal,1
5158,137604,724,4,0.37,2,8,auto,0
21309,100758,491,3,0.68,5,5,home,1
7970,32363,488,25,0.26,10,0,business,0
7938,105149,311,20,0.32,6,7,home,0
22168,64563,538,23,0.71,6,0,auto,0
47540,50628,752,8,0.19,5,1,education,0
21384,128162,682,26,0.45,8,5,home,0
19017,130920,347,15,0.32,3,4,personal,1
11344,140953,616,29,0.59,14,1,home,0
41034,89672,508,11,0.14,5,5,home,1
9702,66246,846,17,0.36,15,6,home,0
1384,31161,418,21,0.54,9,2,education,1
1404,120993,614,2,0.33,15,7,auto,0
41943,109110,335,14,0.09,19,3,education,0
48926,112438,762,17,0.54,16,9,personal,1
30189,22810,702,11,0.4,8,8,auto,1
13763,79860,406,29,0.06,15,6,personal,1
19384,97199,338,12,0.48,11,2,auto,0
33606,91688,479,0,0.69,4,4,auto,1
10860,85548,311,3,0.13,10,8,home,0
39757,82363,638,7,0.46,10,8,home,0
16106,31162,847,18,0.56,2,7,education,1
24574,107858,425,20,0.1,8,7,auto,1
24524,93535,362,29,0.07,8,8,personal,0
4636,27219,381,25,0.37,9,4,home,1
11916,90864,598,20,0.6,2,8,personal,1
5809,23621,333,4,0.16,14,5,home,0
33201,138371,348,10,0.64,2,5,auto,0
14456,109792,356,24,0.51,4,9,personal,1
49212,64433,408,23,0.28,3,5,education,1
39765,139998,816,23,0.41,14,6,education,0
35816,96850,323,28,0.73,16,8,education,0
46106,146344,520,28,0.2,15,2,home,0
18100,86188,614,16,0.4,7,5,home,0
22949,74951,593,16,0.49,18,9,education,1
5544,101718,309,1,0.15,6,4,personal,0
38744,127116,780,29,0.08,16,3,home,0
46543,56558,566,23,0.06,11,7,education,1
43783,148938,387,25,0.28,2,2,home,0
27657,35659,754,0,0.1,2,1,business,0
37187,54413,832,3,0.61,14,3,personal,0
48198,30435,447,8,0.75,9,2,auto,1
8239,139200,730,1,0.09,12,6,personal,1
15489,73911,541,2,0.35,3,3,auto,1
44125,48067,365,26,0.07,5,9,education,0
29538,107794,677,5,0.14,9,8,home,0
33049,113823,687,12,0.28,3,4,education,0
38131,89224,508,14,0.33,18,2,auto,1
43944,93225,714,10,0.71,2,1,business,1
9427,21379,315,9,0.33,4,5,auto,1
42348,122547,596,2,0.4,13,5,home,0
25285,128541,519,19,0.22,17,0,business,0
38626,47624,666,8,0.05,9,6,home,0
43808,111500,528,24,0.68,19,4,business,0
23928,108427,739,9,0.11,14,6,home,0
20198,134634,831,20,0.72,13,3,auto,0
20758,142507,749,22,0.14,5,4,auto,1
16254,148701,335,24,0.47,18,6,auto,1
45238,77745,721,23,0.75,15,5,auto,1
2252,71805,488,26,0.15,11,0,business,0
40764,123915,477,22,0.35,19,0,personal,0
13173,140815,614,11,0.6,5,1,personal,0
38441,32516,319,7,0.07,7,2,education,0
27698,99422,681,20,0.53,2,0,personal,1
16781,105843,442,20,0.11,19,9,education,0
14051,149560,361,20,0.22,16,1,auto,1
40649,44843,541,16,0.16,3,1,home,0
7949,132020,537,21,0.69,10,6,personal,1
43289,25912,430,4,0.18,12,5,personal,1
9017,41514,422,23,0.08,2,8,auto,1
7941,107359,739,7,0.46,8,9,auto,1
26934,77032,641,17,0.29,9,4,personal,0
24386,48797,718,10,0.33,12,2,auto,0
11209,26449,754,21,0.13,5,0,personal,1
18715,21725,497,27,0.57,13,0,home,0
29920,101406,581,26,0.47,5,1,home,0
32703,29304,300,9,0.3,15,2,education,1
43318,93058,631,25,0.17,5,9,personal,0
5637,145555,511,14,0.47,5,9,home,1
5854,33663,386,5,0.6,4,4,home,1
44088,90320,360,18,0.27,16,6,business,1
38660,95008,394,16,0.07,18,3,home,1
40811,135920,446,22,0.2,10,9,education,1
20856,114488,545,9,0.53,3,5,home,1
22833,147418,596,4,0.74,10,5,auto,0
20963,95591,422,27,0.06,13,1,business,0
37932,115044,755,15,0.26,3,5,personal,0
28169,32676,698,11,0.09,4,4,education,0
8941,45192,530,25,0.27,13,5,home,1
15388,44722,833,20,0.33,14,3,personal,0
6569,27446,701,26,0.69,4,0,home,0
5300,139304,429,23,0.11,12,8,business,0
40037,24725,591,27,0.59,16,2,personal,1
37586,105597,575,4,0.33,10,0,auto,0
13015,133073,675,20,0.62,17,3,auto,0
46002,108207,354,0,0.41,7,6,personal,0
7254,77632,325,1,0.08,4,3,auto,1
18144,86945,740,4,0.71,12,3,education,0
25214,93741,496,22,0.11,10,8,business,0
41118,36365,542,18,0.47,2,5,education,0
16183,85792,489,27,0.66,14,8,personal,0
7238,84857,575,14,0.11,8,1,education,1
7090,136409,708,0,0.44,10,6,business,0
12637,35704,639,10,0.63,6,6,business,1
23415,70575,452,27,0.74,2,7,personal,1
25071,49902,697,17,0.56,14,9,education,0
46415,139641,743,2,0.24,11,8,business,0
43679,121294,726,27,0.54,2,7,personal,0
42240,21195,786,8,0.54,4,1,business,0
19271,139247,503,23,0.54,6,2,home,0
37034,73517,411,3,0.65,4,1,home,0
34434,54012,624,23,0.11,5,0,business,0
5188,31415,557,12,0.13,6,6,personal,0
11161,59534,827,8,0.5,9,7,home,0
29732,41686,649,2,0.72,16,4,business,0
12314,97198,734,15,0.38,11,9,auto,0
24954,134514,725,21,0.72,11,8,education,1
22508,48743,579,7,0.71,10,3,business,0
22969,52161,670,25,0.68,1,0,home,0
46659,81313,548,6,0.69,17,3,business,0
38545,135994,480,24,0.68,8,4,personal,1
37668,128617,377,22,0.62,16,7,home,0
24061,22402,635,16,0.54,6,4,personal,0
14716,83190,349,24,0.07,14,9,personal,1
40749,135184,384,27,0.14,2,8,personal,0
40144,72551,303,15,0.14,9,5,business,0
17907,33275,616,20,0.07,4,7,home,0
19777,48182,410,21,0.13,19,2,personal,0
28693,34915,633,17,0.69,17,2,auto,1
43928,20909,432,15,0.51,1,8,education,1
27329,134110,418,14,0.27,2,5,business,1
47892,85908,649,1,0.61,17,3,auto,0
17282,147337,841,28,0.39,2,7,home,1
24624,42620,354,19,0.15,3,3,education,1
24321,54112,660,3,0.67,4,3,personal,0
11488,94051,752,4,0.29,13,6,auto,0
23574,22431,629,6,0.54,12,6,auto,1
6240,106590,518,28,0.25,5,7,personal,0
44221,82175,507,26,0.4,14,9,personal,1
11478,137472,384,27,0.62,6,6,auto,1
46162,52624,544,14,0.16,1,7,home,0
20262,96121,634,16,0.73,16,7,business,1
5432,81264,511,9,0.1,6,6,home,1
30721,133766,482,19,0.42,13,0,home,0
14568,51958,432,28,0.69,13,3,business,1
15178,144095,649,8,0.71,11,2,home,1
23195,21695,581,15,0.21,16,8,education,0
1302,120211,592,23,0.15,14,9,personal,1
18022,139502,568,2,0.56,11,7,auto,0
1055,69932,496,21,0.08,5,8,business,1
46781,119323,836,26,0.39,10,4,home,1
9717,64225,319,8,0.61,15,4,auto,1
29699,21403,704,7,0.44,7,9,education,0
9150,103346,414,22,0.18,3,4,home,0
3125,94391,325,6,0.39,11,1,home,0
45247,58636,694,16,0.69,9,6,home,0
49513,30839,680,4,0.48,10,7,education,0
17748,85546,822,6,0.56,4,4,personal,0
40577,124634,838,29,0.29,18,7,auto,0
5621,67829,382,12,0.18,14,5,home,0
16034,29230,849,17,0.23,9,3,home,0
47391,71977,744,21,0.42,16,6,education,0
6126,60232,386,13,0.25,2,7,education,0
6122,133050,686,17,0.43,7,8,auto,1
19030,121307,697,2,0.55,5,4,auto,1
18302,114792,585,16,0.56,17,8,home,1
20181,45651,668,18,0.17,11,7,home,0
39638,117919,721,6,0.58,4,0,home,0
2531,59963,742,20,0.52,17,7,home,1
41940,75872,819,3,0.06,5,7,home,0
41441,137776,587,14,0.09,4,6,education,1
24333,99198,394,28,0.5,10,0,personal,0
40650,33739,340,27,0.32,3,5,auto,1
35674,83294,630,23,0.15,6,1,education,0
36854,68356,454,7,0.08,8,5,business,1
47271,21789,803,15,0.16,5,1,business,1
9152,39420,574,0,0.72,8,1,business,1
39518,109297,478,24,0.56,10,6,auto,1
46540,125902,436,15,0.42,19,9,home,1
11267,57606,479,29,0.71,4,0,business,0
26289,58640,481,24,0.48,6,4,business,1
2062,138341,558,1,0.56,3,0,personal,1
30926,64135,542,1,0.25,4,8,education,0
7229,57067,395,7,0.46,4,4,auto,1
48915,78420,496,11,0.15,5,4,auto,0
5632,37357,825,10,0.33,15,3,personal,0
40056,59851,686,5,0.07,16,2,business,0
4596,58262,707,18,0.2,6,7,personal,0
45243,144745,568,27,0.1,18,6,home,1
7168,96853,470,17,0.32,12,8,business,1
43563,78643,469,4,0.64,7,5,auto,0
8561,138094,458,14,0.31,12,0,education,0
9258,41534,808,7,0.63,14,4,personal,1
17616,111270,746,5,0.51,13,4,personal,0
27734,121433,381,11,0.41,11,6,auto,0
7371,52872,356,18,0.22,11,9,business,1
27069,125737,818,11,0.7,2,0,business,0
15369,27689,411,11,0.09,14,0,business,0
13910,89103,347,8,0.53,15,5,education,0
8943,106268,675,23,0.48,1,5,education,0
13199,106310,332,9,0.36,12,8,business,0
16728,108731,803,21,0.22,14,2,education,0
24275,135869,302,16,0.35,18,4,personal,0
7738,57412,785,17,0.66,3,4,business,1
16913,67734,815,15,0.64,12,0,education,0
36240,129634,341,3,0.71,5,5,personal,1
20123,107793,308,17,0.27,3,3,personal,0
49447,89930,441,2,0.32,7,5,education,1
35529,121838,735,15,0.06,16,7,business,0
11167,42228,326,13,0.71,17,7,business,0
11554,140627,342,23,0.28,8,2,education,0
18260,97924,430,8,0.33,15,8,education,1
48045,31319,515,5,0.69,15,3,home,0
4812,26475,819,3,0.42,8,0,personal,0
29024,117091,644,26,0.45,11,8,business,0
28285,103694,807,1,0.17,10,4,auto,0
27900,34728,712,22,0.4,18,7,personal,0
2605,130310,545,9,0.69,9,6,business,1
6622,49545,748,10,0.44,16,4,home,0
7767,116636,320,6,0.23,1,7,personal,1
28139,142971,707,25,0.07,6,0,personal,0
12613,101686,756,24,0.29,2,3,business,0
11589,118750,743,4,0.45,13,4,auto,0
14918,118412,564,25,0.08,6,3,education,0
21119,81756,483,3,0.48,9,5,auto,0
28446,88775,526,25,0.42,14,8,home,1
14046,58699,847,5,0.6,7,0,personal,0
25818,56821,545,27,0.07,5,9,business,1
36358,50615,372,1,0.6,7,1,personal,1
5324,33746,449,1,0.41,3,0,education,0
11787,106457,812,15,0.31,13,6,auto,1
10111,42745,368,27,0.73,12,1,auto,1
39110,21245,529,24,0.16,6,8,home,1
17389,137408,371,22,0.43,2,7,business,1
42427,132143,696,22,0.27,15,9,education,0
15043,44853,383,12,0.42,15,0,education,1
29746,47632,598,20,0.44,18,2,business,1
23350,32856,592,6,0.11,17,5,home,1
42605,76893,522,24,0.51,3,2,education,0
1117,90641,515,25,0.49,3,8,home,1
47685,121226,530,4,0.59,9,9,business,1
19935,88049,704,24,0.11,10,9,business,0
48077,78182,468,16,0.26,12,1,business,1
14234,22801,628,12,0.51,1,5,education,0
39328,117881,725,14,0.15,4,1,business,0
1846,99431,495,27,0.52,5,2,education,1
11954,59749,825,2,0.09,17,9,home,0
14703,93757,376,22,0.28,5,8,personal,0
49153,75654,576,3,0.64,4,8,home,0
47514,91574,765,14,0.59,15,1,education,0
23700,117567,747,17,0.5,10,7,auto,0
33043,75381,619,27,0.66,5,2,auto,0
7469,78601,459,29,0.55,14,1,personal,1
31105,35082,791,2,0.41,13,9,business,0
43101,34648,612,6,0.74,19,7,home,0
27386,20364,460,7,0.54,8,2,home,1
46587,54568,607,10,0.47,12,7,education,0
37976,99646,445,24,0.34,19,5,personal,1
40051,91494,695,21,0.68,19,0,business,0
3048,94632,388,25,0.26,6,1,personal,0
40001,27436,607,8,0.06,8,1,auto,0
13941,106713,845,19,0.19,10,6,personal,0
46375,46754,670,11,0.13,17,5,business,0
43533,80194,750,4,0.27,1,1,business,0
2828,44544,466,0,0.63,19,0,home,0
2917,80180,691,13,0.51,12,4,home,1
21618,83295,790,24,0.17,2,1,business,0
33254,32638,449,24,0.6,17,9,home,1
40756,85715,767,24,0.4,7,9,home,1
48362,89409,342,2,0.41,14,5,home,0
21128,148479,328,28,0.3,14,1,business,0
46745,138648,330,14,0.66,12,8,home,1
1009,103106,427,9,0.27,16,4,auto,1
17644,148782,593,25,0.12,18,6,business,0
23422,146839,740,9,0.26,8,3,personal,0
10865,133759,687,23,0.55,2,1,education,0
3219,37157,823,2,0.51,11,2,education,1
40809,65565,846,28,0.18,1,4,auto,0
6287,89996,409,5,0.13,10,0,business,0
35387,133620,627,4,0.51,18,3,personal,0
9512,85888,704,23,0.52,16,3,business,1
2342,76095,544,18,0.31,2,1,personal,1
44336,84947,462,13,0.64,17,8,personal,1
20216,107122,698,16,0.73,16,5,business,1
28534,90880,698,11,0.19,19,8,home,0
15231,24507,792,8,0.45,5,5,education,0
33293,123134,538,25,0.05,6,1,home,0
27614,63988,764,24,0.55,17,0,education,0
37258,118421,331,2,0.34,16,3,home,0
29253,36865,422,17,0.19,16,0,business,0
43078,122591,833,3,0.58,7,7,business,1
41752,149614,409,13,0.62,16,0,personal,1
18988,47213,570,23,0.13,9,4,auto,0
32037,75954,679,5,0.08,6,8,business,1
13219,77450,599,25,0.28,16,0,education,0
1235,24477,548,14,0.49,9,3,personal,0
43929,82222,820,16,0.61,4,7,education,1
2908,26533,333,23,0.43,6,7,home,0
9567,69395,527,4,0.46,14,0,auto,0
37298,145512,698,28,0.61,3,7,business,0
6256,43396,519,5,0.42,17,2,home,0
20019,32755,670,20,0.48,11,6,personal,0
9162,20865,827,25,0.41,8,9,education,0
6415,31173,374,4,0.67,8,0,auto,1
37159,78905,435,18,0.21,4,4,business,0
44925,58097,373,13,0.23,15,3,education,1
6951,53371,553,3,0.14,16,3,business,1
22852,124060,317,4,0.62,11,4,business,0
9007,31254,342,10,0.34,7,2,education,0
42832,24018,349,26,0.29,18,6,business,1
31523,25192,814,1,0.74,6,1,personal,0
24325,22015,602,21,0.7,4,0,auto,1
22204,128154,441,1,0.73,5,5,home,1
16524,88916,501,19,0.15,3,0,auto,0
20282,48343,506,11,0.67,6,6,home,1
24930,89306,714,15,0.28,14,7,personal,0
1077,25829,520,16,0.06,1,1,auto,1
41345,54381,661,3,0.32,14,3,personal,0
21611,131451,380,13,0.41,6,6,education,1
17984,101081,584,6,0.13,3,5,home,1
15060,38263,668,14,0.43,17,1,education,0
18449,123676,791,29,0.62,14,3,education,0
19520,73260,645,15,0.31,19,2,auto,0
44303,63306,503,7,0.3,7,8,business,1
10510,111211,324,1,0.29,11,5,business,1
30287,78418,368,18,0.7,7,1,personal,0
29173,110898,815,0,0.08,13,1,auto,0
40711,20148,791,22,0.36,14,2,education,0
12954,21754,539,3,0.24,11,4,personal,1
8804,46745,660,26,0.68,8,5,education,1
7565,92914,740,25,0.12,12,4,personal,0
6984,131895,330,23,0.34,15,0,home,1
22526,75833,621,20,0.33,10,0,personal,0
38438,40140,643,24,0.67,2,6,personal,0
19574,94907,835,21,0.2,13,9,education,0
10184,80653,654,10,0.5,10,6,business,0
20096,112535,770,9,0.14,17,9,education,1
3192,81521,404,17,0.72,10,5,auto,1
35016,98315,621,0,0.47,6,8,education,1
12246,51075,826,16,0.49,1,1,business,0
46558,50697,803,15,0.35,17,0,auto,0
19381,143804,384,11,0.29,1,5,business,1
37455,74544,534,27,0.2,5,5,auto,0
27727,29795,562,29,0.47,15,8,education,0
5018,84555,305,29,0.72,1,9,business,0
12302,72204,793,15,0.3,17,0,business,0
2970,123996,588,8,0.67,14,0,home,0
42157,89754,649,16,0.15,13,9,home,0
28202,84860,499,2,0.71,11,5,personal,0
32110,123107,634,27,0.3,12,4,home,0
18586,71529,516,17,0.32,6,5,business,1
25519,31672,652,14,0.37,11,5,personal,0
32273,74238,624,14,0.55,2,3,education,0
22951,116578,527,15,0.55,18,9,personal,0
16374,55950,444,27,0.39,12,7,auto,0
6788,31009,607,19,0.42,15,4,personal,1
6408,67096,584,0,0.07,9,5,home,0
26053,39544,691,0,0.26,8,1,education,1
10446,75728,659,3,0.29,18,0,auto,0
1922,49381,464,28,0.44,16,7,personal,1
34187,147769,523,12,0.44,10,5,education,0
11789,45287,423,29,0.55,12,8,home,1
33184,84610,643,3,0.55,12,4,education,1
2120,88122,823,22,0.21,10,7,education,1
45028,88184,351,7,0.59,14,6,auto,1
33154,60081,428,12,0.06,4,9,business,0
18334,103637,434,23,0.55,15,0,home,1
3336,65312,426,7,0.12,9,6,auto,1
39141,107228,370,13,0.56,7,3,auto,1
3243,92943,572,29,0.42,7,5,auto,1
20029,102790,486,27,0.36,9,8,business,1
33265,100770,302,29,0.53,10,8,business,1
38380,72726,584,24,0.08,13,8,personal,1
47714,42211,321,0,0.21,6,4,personal,0
44872,49480,465,8,0.48,4,3,home,0
47197,67780,609,25,0.64,17,5,home,0
24710,77138,776,23,0.32,14,9,business,0
30486,110382,797,0,0.23,3,4,business,0
7371,62503,733,6,0.41,1,9,business,0
7359,77893,533,24,0.49,18,4,auto,0
41631,66193,675,19,0.34,2,7,business,0
36996,134002,545,12,0.66,8,9,auto,1
21103,147543,602,14,0.42,16,4,auto,0
15382,81358,704,28,0.08,4,0,home,0
19755,100857,320,8,0.21,19,4,education,0
36659,98182,556,15,0.37,10,4,personal,0
4756,140457,698,16,0.54,17,4,personal,0
21609,42117,828,8,0.2,17,2,home,0
49538,148333,350,5,0.73,7,8,home,1
17478,79056,746,19,0.27,9,4,business,0
36442,137928,569,11,0.42,7,1,business,1
40666,78706,561,15,0.06,3,4,business,1
11147,90429,664,27,0.67,12,8,auto,1
34561,29476,348,20,0.6,4,7,auto,0
35884,102806,817,14,0.19,17,5,business,0
6779,75006,417,6,0.7,3,8,auto,1
13298,107238,752,9,0.27,11,6,home,0
15153,136946,696,28,0.53,8,1,business,0
44879,89918,326,3,0.62,2,0,personal,0
11789,83155,671,23,0.57,14,2,personal,1
45165,87321,396,2,0.69,4,3,auto,1
13999,65798,828,17,0.65,16,8,personal,1
1814,97271,485,0,0.75,14,4,business,0
11541,50177,514,29,0.18,7,1,personal,0
25938,116248,550,12,0.26,10,9,home,1
3443,148022,515,21,0.5,12,4,auto,0
11457,142415,328,17,0.56,8,1,personal,1
11380,102215,401,7,0.42,11,8,auto,0
8783,63013,422,10,0.1,13,5,home,0
45241,120901,353,9,0.64,12,4,personal,1
18368,102600,582,28,0.72,7,1,business,1
16328,116099,416,3,0.33,12,6,education,1
27215,139578,413,24,0.21,10,6,personal,1
34595,73450,842,3,0.06,7,1,home,0
28306,118628,592,3,0.22,19,9,education,0
20915,67928,494,28,0.54,7,5,personal,0
40915,142640,591,11,0.69,18,9,auto,1
38219,112403,560,7,0.12,12,9,home,1
16343,65382,506,27,0.44,4,2,personal,1
47403,119290,348,12,0.54,1,7,home,1
39727,105038,305,7,0.24,5,4,business,0
1126,20760,678,20,0.45,10,7,education,1
28632,44142,693,2,0.55,7,6,education,1
42563,130189,523,11,0.64,7,7,business,1
45409,127532,322,17,0.37,13,0,education,0
21530,37290,409,14,0.57,14,5,education,1
40964,91035,698,24,0.26,5,2,business,0
45327,20364,471,13,0.2,2,4,auto,0
4368,76921,605,8,0.18,14,1,education,0
4797,39797,450,4,0.3,8,3,auto,1
48882,126331,727,29,0.08,2,5,home,1
14718,52535,766,28,0.25,8,0,home,0
35560,66300,366,14,0.51,5,1,education,1
12053,67176,455,7,0.5,12,1,home,0
23116,36105,505,22,0.1,7,8,business,0
37244,27939,454,2,0.25,13,4,education,1
37185,99472,808,11,0.45,15,4,business,1
2645,62029,373,4,0.27,10,5,auto,1
48523,35863,348,28,0.34,4,9,personal,0
20256,98097,766,8,0.55,16,2,personal,1
36840,30447,478,19,0.06,7,8,education,1
35622,116160,347,2,0.24,13,2,business,0
38430,66940,371,22,0.15,4,3,personal,0
40282,130182,412,7,0.14,12,8,education,1
3708,97947,458,20,0.72,2,9,personal,1
12694,105001,329,12,0.31,5,7,personal,1
10524,123752,396,7,0.42,8,5,home,0
32880,39642,550,4,0.56,4,7,education,1
40224,116798,818,24,0.08,2,0,personal,0
37980,115899,391,6,0.22,6,3,education,0
33409,87643,412,4,0.63,3,9,home,1
14224,27928,558,28,0.65,14,3,education,0
41738,68002,406,8,0.31,10,1,home,0
26150,104853,689,4,0.31,11,1,personal,0
35393,134614,657,7,0.58,5,9,personal,1
44082,137517,498,11,0.26,16,8,personal,1
8973,45017,726,3,0.13,9,5,home,0
9577,99064,777,8,0.23,16,6,auto,0
9070,139694,802,27,0.32,9,3,home,0
9666,33313,419,21,0.09,17,2,home,1
37368,21559,608,21,0.39,12,2,business,0
7783,70893,837,13,0.57,15,4,personal,0
46994,35167,774,18,0.41,10,5,personal,0
42914,100879,643,12,0.1,4,1,business,0
5971,58598,435,2,0.36,17,6,auto,1
14490,27523,576,3,0.55,18,6,education,1
46719,69777,832,0,0.09,18,0,personal,0
46080,48439,330,21,0.09,10,6,personal,1
2990,136378,546,0,0.31,11,3,home,0
6299,101060,710,10,0.19,1,3,auto,0
46765,33285,326,15,0.7,10,2,auto,0
20956,30973,372,3,0.46,3,8,auto,0
23359,142970,396,28,0.25,6,2,auto,1
47240,42694,645,6,0.54,17,3,business,0
38148,55774,775,11,0.31,12,2,home,0
29734,24302,599,5,0.14,11,7,business,1
5757,135776,598,23,0.22,17,7,business,1
20097,42391,586,19,0.5,3,9,education,1
11395,24611,748,8,0.09,9,7,home,0
17241,29372,511,25,0.24,18,4,auto,1
39356,44312,375,7,0.2,6,6,home,1
28696,34080,700,13,0.19,3,2,auto,0
5944,100618,333,14,0.53,6,7,education,1
47163,132945,797,20,0.63,11,9,personal,0
20816,128397,815,29,0.55,11,1,business,0
38011,116213,627,21,0.5,7,7,education,0
25917,40874,397,4,0.69,13,5,business,0
32195,82537,665,14,0.09,13,1,auto,0
22566,93914,762,5,0.17,7,5,auto,1
10916,21597,327,0,0.34,14,9,education,1
21806,31600,685,19,0.31,2,1,personal,0
10984,23747,572,8,0.34,3,2,personal,1
2759,99415,426,3,0.19,4,4,business,0
42949,137358,501,1,0.15,8,0,auto,0
27838,98553,820,5,0.41,1,8,auto,0
3482,44815,586,1,0.7,9,9,personal,0
25442,104500,749,2,0.32,17,2,auto,0
34719,114348,387,6,0.08,18,0,auto,0
28965,125736,617,19,0.54,7,5,education,0
3079,44714,318,16,0.25,3,0,personal,1
3717,38890,406,8,0.22,16,2,personal,0
28952,81509,757,21,0.28,8,6,home,0
21908,81824,610,8,0.56,5,3,personal,0
43460,24725,711,18,0.62,17,8,personal,0
25861,63205,797,4,0.46,19,6,home,0
8311,40684,543,24,0.28,18,4,auto,1
29071,111861,679,5,0.27,5,8,auto,1
24570,77911,814,17,0.14,7,2,business,0
19449,118078,506,0,0.7,18,7,auto,1
34536,131573,693,24,0.5,13,7,personal,1
39258,33092,320,16,0.07,11,3,business,0
49302,115918,826,13,0.51,5,0,business,0
29865,59770,642,14,0.36,15,3,auto,0
7645,45457,501,4,0.73,7,8,business,1
39000,91667,419,16,0.62,5,9,home,1
27737,131565,688,20,0.17,7,0,business,0
12485,110751,836,20,0.55,17,2,education,1
39565,82894,533,22,0.39,9,7,home,0
26522,81305,619,22,0.18,6,2,personal,0
13342,32612,479,10,0.54,9,1,auto,1
41806,122841,667,9,0.43,17,0,auto,0
49770,98627,375,16,0.07,2,8,education,1
14087,120639,795,24,0.5,13,9,auto,0
38641,57089,821,0,0.49,17,2,personal,0
35249,115295,500,4,0.15,6,6,business,0
11093,131558,645,15,0.29,19,9,auto,0
48190,72137,782,6,0.46,6,2,personal,0
17438,20559,518,11,0.15,2,7,home,1
41411,86249,359,7,0.65,13,8,personal,1
27399,57361,849,17,0.07,10,7,education,0
20846,100720,520,29,0.12,9,4,personal,1
16708,35261,801,0,0.13,13,9,auto,0
45039,40372,432,19,0.42,7,1,business,1
46368,75355,352,11,0.48,18,5,personal,0
11998,117676,749,3,0.33,14,7,education,1
48063,118560,361,25,0.25,4,1,home,1
31678,77920,322,11,0.62,8,5,education,1
11682,132878,343,21,0.1,12,6,home,0
9519,52544,346,0,0.25,8,8,personal,0
32480,20037,323,29,0.08,16,8,business,1
20694,63032,388,0,0.06,1,1,education,1
4300,98233,473,2,0.3,10,0,business,0
7722,61420,418,20,0.19,7,6,personal,1
40986,134234,477,11,0.24,14,5,business,0
25160,117243,641,21,0.62,17,9,business,1
21059,111552,358,20,0.16,19,9,education,1
36822,149380,737,12,0.6,5,9,personal,0
14575,147358,727,28,0.52,19,3,business,0
8970,54600,725,12,0.28,3,8,home,1
35911,68285,680,20,0.43,1,0,auto,0
22591,82008,785,8,0.36,8,6,home,1
32821,109520,484,17,0.14,9,4,business,0
10503,25167,759,27,0.69,5,4,personal,1
48917,146279,401,27,0.45,1,5,home,0
19922,20432,314,0,0.67,17,1,personal,1
13175,89687,350,5,0.63,14,2,home,0
42124,133216,608,24,0.11,17,8,personal,0
22389,91947,333,22,0.2,9,3,business,1
48838,116324,504,23,0.15,3,5,education,0
1822,70903,369,4,0.63,3,2,home,1
18327,112159,529,25,0.65,13,2,personal,1
48057,74149,779,3,0.42,5,8,home,1
7150,107640,832,5,0.12,6,8,personal,1
5425,76768,407,2,0.14,14,2,personal,0
17032,80184,540,16,0.62,6,2,education,0
3198,85792,550,10,0.7,17,5,personal,1
21079,53439,434,3,0.19,9,0,home,0
37220,53257,389,24,0.06,4,4,business,0
42874,125193,739,19,0.28,15,8,auto,0
14859,64674,597,0,0.07,18,8,personal,1
32419,71248,706,29,0.63,15,7,auto,1
9705,103602,607,3,0.39,18,5,business,0
43880,65371,401,22,0.5,7,8,auto,0
24236,118282,660,2,0.34,15,2,personal,0
23419,87996,827,9,0.29,5,8,home,1
20978,57297,592,21,0.21,11,7,education,0
38609,74273,445,29,0.59,14,0,personal,1
16358,81256,703,0,0.54,8,8,personal,1
35177,54743,301,26,0.3,4,7,education,0
30378,88752,418,3,0.27,10,7,education,0
38334,99803,490,18,0.05,7,5,education,0
12382,95117,302,29,0.09,1,8,education,1
15596,90051,786,0,0.49,12,7,education,0
34572,42076,476,15,0.41,13,1,personal,1
14221,130352,556,18,0.35,16,5,auto,1
2279,95312,833,19,0.63,14,7,home,1
46960,139627,776,20,0.4,13,5,personal,1
8083,107483,697,21,0.32,5,8,business,0
44861,22963,795,17,0.16,14,4,personal,1
18771,139217,519,1,0.62,13,7,personal,0
30975,92322,472,5,0.45,14,9,auto,1
46648,33866,689,20,0.11,12,1,education,0
49285,124504,801,0,0.5,15,4,business,0
20063,52305,559,18,0.35,19,0,auto,0
3106,82403,430,26,0.62,11,4,home,0
25557,102896,412,4,0.69,15,6,business,1
49854,125649,319,28,0.47,12,0,business,1
21607,146244,514,27,0.56,19,9,auto,1
38599,52813,609,27,0.09,16,2,business,0
29529,86729,550,1,0.44,4,5,personal,1
36954,80686,787,0,0.58,18,0,personal,0
28856,24512,681,15,0.4,9,2,education,0
3573,139631,708,24,0.47,16,7,auto,0
13808,42666,570,20,0.68,7,8,personal,1
36367,36630,706,1,0.19,19,6,business,0
37801,137907,493,25,0.12,11,3,business,0
42196,147205,740,3,0.53,17,6,personal,1
35072,94519,612,2,0.63,5,6,auto,1
24752,20636,378,22,0.65,12,6,auto,1
18685,23775,479,16,0.5,19,7,home,1
42401,87957,313,14,0.63,2,3,auto,1
12372,84591,545,9,0.54,1,3,personal,1
9996,98561,313,11,0.11,4,8,home,0
17458,94816,398,11,0.58,11,7,business,1
32889,122487,332,19,0.18,18,3,personal,0
27665,31351,735,6,0.22,16,5,education,0
39243,135400,556,26,0.33,10,8,education,0
32653,140533,333,9,0.27,12,5,auto,0
27657,123627,318,28,0.28,2,4,home,1
40952,75184,559,4,0.17,1,6,home,1
23180,148381,715,19,0.26,10,1,business,0
32896,131192,436,19,0.06,10,7,auto,1
13875,115707,658,10,0.38,10,6,home,0
2622,89180,415,27,0.59,2,5,personal,0
49756,101678,703,29,0.65,3,2,business,1
41809,93309,501,1,0.62,1,8,home,1
17725,114002,675,23,0.34,18,1,education,0
41760,30778,549,15,0.56,11,3,education,0
16646,32501,745,11,0.25,12,1,home,0
18029,132713,577,15,0.09,1,5,education,0
30402,22108,411,3,0.52,6,6,personal,1
5263,114905,772,1,0.5,16,8,business,0
31987,56382,691,24,0.61,3,5,personal,1
47828,111354,442,29,0.48,17,5,education,1
48924,95787,331,29,0.16,16,4,home,0
9646,43341,480,28,0.65,11,9,home,1
28529,97214,815,27,0.49,16,9,business,1
12664,34367,568,9,0.62,12,3,education,1
36737,139967,535,12,0.59,1,9,education,1
36796,115208,576,22,0.26,11,3,education,0
25027,89868,574,18,0.1,6,3,auto,0
30373,32002,385,14,0.17,19,4,home,1
37397,148180,362,22,0.12,12,0,education,0
21609,105820,703,0,0.22,2,1,business,0
36835,79949,491,27,0.37,10,2,auto,0
39709,35700,592,16,0.68,19,6,education,1
20250,99305,330,19,0.66,15,0,home,1
22172,82543,629,3,0.55,8,2,auto,0
12555,49318,406,19,0.07,11,6,personal,1
22874,109859,575,8,0.29,16,5,business,0
14081,47610,381,5,0.53,13,1,home,0
25063,92499,363,2,0.14,13,3,personal,0
7819,139256,428,21,0.61,5,0,home,1
26712,93374,555,1,0.69,12,4,business,1
25762,85226,530,17,0.3,10,1,education,0
12046,65167,796,22,0.54,19,7,personal,1
32463,97779,436,29,0.15,17,9,personal,0
29769,47939,754,18,0.53,1,5,auto,0
24150,81365,654,6,0.07,15,0,education,0
3711,87381,784,2,0.16,16,1,business,0
5853,66710,445,27,0.55,10,3,auto,0
30077,36766,332,27,0.55,10,2,personal,0
24863,122416,559,17,0.5,17,8,home,0
22792,32780,386,19,0.38,17,0,business,1
41483,68458,564,19,0.52,2,6,auto,1
9942,76221,841,18,0.59,9,8,education,0
49275,138498,691,8,0.73,4,8,home,0
49594,128392,531,15,0.67,7,5,auto,1
2762,21509,746,5,0.61,5,6,business,0
32987,109493,428,20,0.54,19,7,home,1
16850,130708,570,28,0.45,4,2,auto,1
13112,54346,388,11,0.13,18,4,auto,0
25058,102799,765,27,0.17,3,3,business,0
46420,136850,469,5,0.62,4,8,education,1
39890,66874,427,12,0.61,14,8,home,0
1481,46148,473,26,0.48,14,3,auto,0
48304,51533,325,23,0.36,17,1,business,0
33921,128144,810,4,0.07,9,0,auto,0
41385,142402,787,28,0.28,19,2,business,0
2524,98467,705,12,0.34,3,1,business,0
35888,21359,325,19,0.39,15,4,auto,1
16048,139119,382,6,0.7,1,5,business,1
36111,110068,663,11,0.13,19,8,home,1
38904,80313,666,29,0.41,4,3,business,0
35008,40344,359,20,0.31,14,3,education,1
1060,138499,591,3,0.74,18,3,education,0
10130,89778,490,29,0.65,12,0,business,0
19023,40601,760,4,0.36,6,2,home,0
46080,134768,532,15,0.75,10,3,personal,0
14350,39116,773,26,0.41,4,0,personal,0
25354,76985,704,3,0.17,16,4,home,1
46186,121013,570,7,0.44,1,9,education,1
29145,137110,433,15,0.21,3,8,business,0
35020,138329,470,7,0.5,7,0,auto,1
21587,50782,714,16,0.71,3,6,business,1
42131,131095,327,13,0.6,15,1,business,1
10650,69819,435,11,0.24,6,9,personal,1
20933,104416,704,2,0.26,16,8,business,1
21581,89035,804,26,0.1,17,3,personal,0
24393,117123,540,19,0.25,2,2,auto,0
24051,64458,743,1,0.11,10,6,business,1
27212,111556,733,29,0.4,11,5,home,0
5090,144225,527,12,0.55,6,9,business,0
7960,28080,808,20,0.58,18,7,home,0
36772,108743,602,10,0.09,15,8,personal,0
22520,53957,333,23,0.29,16,6,business,0
37408,33908,301,11,0.25,13,5,personal,0
29470,116188,661,17,0.12,16,7,home,1
21491,115880,494,29,0.3,2,8,personal,0
2341,141292,607,8,0.26,12,7,education,0
45623,110570,549,28,0.49,14,5,home,1
25791,111324,446,6,0.67,8,7,personal,1
1338,98287,645,5,0.37,6,8,business,0
6895,143791,647,23,0.57,14,5,personal,0
13254,67482,553,13,0.15,15,5,auto,0
12344,119329,698,17,0.68,3,1,home,1
2750,142473,633,13,0.16,7,8,personal,0
3421,145291,475,4,0.18,16,7,education,0
40887,118375,424,19,0.12,2,4,auto,0
6319,58314,697,23,0.27,17,9,home,0
16896,120989,430,12,0.44,11,2,auto,0
12918,94921,706,0,0.74,3,8,business,0
26064,142060,633,11,0.61,8,9,education,0
47617,103768,319,18,0.32,19,6,business,1
28935,128880,504,9,0.45,18,8,personal,0
38641,120326,654,23,0.49,7,6,auto,1
30711,35831,472,4,0.63,16,7,business,1
5806,141026,488,19,0.57,14,9,personal,1
42360,40125,301,5,0.45,8,4,education,1
13182,82451,467,11,0.52,13,9,business,1
23297,65708,667,20,0.57,3,9,auto,0
20541,37682,835,2,0.14,2,5,business,0
29921,122406,669,28,0.19,13,7,education,0
17774,102824,736,26,0.53,3,6,personal,1
45813,55794,506,13,0.65,1,0,business,0
38198,79372,348,20,0.34,2,9,business,1
9820,59477,843,3,0.74,10,3,home,1
25070,73863,428,16,0.2,11,7,personal,1
5232,109941,746,16,0.34,3,8,home,0
12122,58737,334,13,0.31,8,5,home,0
16023,22620,498,14,0.7,15,3,education,0
9007,120950,376,6,0.25,5,1,education,0
18905,123169,668,3,0.38,8,8,auto,0
42786,142033,825,16,0.18,18,0,personal,0
30398,55057,648,5,0.41,18,4,personal,0
35268,60138,805,10,0.65,12,7,education,1
7737,99390,537,11,0.26,4,3,education,0
37062,73024,579,14,0.62,8,0,home,1
26510,29677,731,26,0.69,2,3,education,0
20426,64111,437,11,0.1,3,4,business,0
38265,44074,568,10,0.58,8,4,personal,1
18850,37824,500,26,0.23,12,0,auto,1
1614,20765,441,16,0.17,2,1,home,0
22776,65439,654,7,0.47,17,5,business,0
25077,145318,628,11,0.54,14,9,education,1
10374,117151,530,28,0.33,14,4,auto,0
36435,68926,607,8,0.08,6,8,education,0
31907,56860,445,10,0.69,8,6,business,0
14409,32975,451,2,0.56,10,4,auto,0
17514,94877,439,6,0.24,18,8,education,1
30866,113677,320,28,0.4,1,0,business,0
3983,97870,553,20,0.07,7,2,business,0
32705,134381,363,2,0.29,7,1,auto,0
21662,101371,517,20,0.42,13,6,business,1
24510,46548,371,15,0.41,16,8,education,1
13651,120970,461,9,0.2,12,1,auto,0
41998,110575,429,22,0.59,19,5,home,1
29535,118066,524,6,0.26,6,1,business,0
7640,58736,753,24,0.46,7,2,education,0
45547,81562,683,23,0.24,17,0,auto,0
16317,60409,406,19,0.35,19,5,home,0
8564,104101,402,14,0.2,5,1,home,0
28345,29834,440,20,0.49,3,2,personal,0
49288,122192,433,20,0.35,18,5,personal,1
29687,20840,498,9,0.06,17,5,auto,0
14737,99409,809,11,0.07,11,3,business,0
10323,51568,378,17,0.38,9,0,education,0
16229,30846,781,27,0.18,17,6,business,0
45481,25899,811,22,0.46,19,1,education,1
9502,106038,549,22,0.34,13,5,education,0
1545,86101,782,8,0.51,6,6,personal,1
38114,58773,471,28,0.72,4,1,personal,1
30430,149789,316,8,0.42,18,5,business,0
10996,127460,593,3,0.6,12,0,auto,1
28788,128778,693,4,0.58,4,5,education,1
30969,94723,797,6,0.7,5,7,personal,1
49543,92762,518,25,0.2,12,7,auto,1
14919,127683,533,6,0.63,18,6,personal,1
4810,124194,689,10,0.68,17,3,education,0
31586,131417,547,9,0.32,10,3,home,0
40974,24311,351,10,0.27,6,4,personal,1
42773,129750,314,23,0.72,17,7,auto,1
17371,76888,623,23,0.49,8,3,business,0
46084,61616,740,17,0.32,2,8,business,1
30629,72134,411,11,0.6,12,2,education,0
9436,111225,306,24,0.26,3,8,home,1
13984,26083,544,15,0.17,7,1,personal,0
34039,32598,747,26,0.43,1,5,personal,0
20895,102476,664,3,0.45,17,4,home,0
19155,137707,666,16,0.63,8,4,education,0
11616,112416,586,16,0.37,10,5,education,0
38129,22580,405,20,0.62,17,9,auto,1
40837,142834,312,22,0.27,16,6,auto,0
25574,132148,445,4,0.45,10,3,auto,0
4430,77395,777,12,0.2,15,3,education,0
13676,62321,414,2,0.32,16,8,personal,0
11816,29386,808,26,0.65,18,3,business,0
33733,73171,451,22,0.2,4,7,education,1
21144,39522,356,16,0.62,7,9,home,0
3050,85532,681,10,0.25,12,0,business,0
45460,111760,456,0,0.07,12,3,education,0
34933,34635,432,27,0.13,1,1,education,1
25951,20671,462,17,0.57,12,9,auto,1
33413,53545,574,16,0.23,7,4,personal,0
35801,74079,376,8,0.51,15,1,personal,1
33913,46855,343,19,0.54,2,6,business,0
48037,55790,849,6,0.29,1,9,education,0
41600,71012,617,4,0.38,4,6,auto,0
26280,137827,833,29,0.33,8,8,home,0
25557,132121,453,15,0.71,17,3,education,0
48054,149051,536,6,0.27,18,4,auto,0
36400,34260,816,12,0.18,5,2,home,0
5494,85139,520,12,0.31,6,6,home,0
16152,21074,609,14,0.52,12,4,business,1
24895,62676,476,22,0.54,16,8,personal,1
10155,29475,519,16,0.7,9,6,personal,1
32883,98414,337,16,0.67,15,3,business,0
44194,35120,730,26,0.25,8,6,education,0
44001,43147,502,18,0.37,12,0,auto,0
2828,21986,747,9,0.57,14,1,personal,0
46028,129129,794,1,0.69,17,2,business,0
42898,52430,424,13,0.29,14,4,personal,1
33123,127497,364,22,0.36,5,4,personal,1
38573,75479,543,2,0.68,13,6,personal,1
1806,102966,826,6,0.3,6,8,education,0
41970,22176,525,24,0.39,14,9,business,0
30757,104258,764,27,0.68,6,8,personal,1
35636,128351,592,10,0.61,3,5,personal,1
15561,135188,680,16,0.22,16,6,business,1
49280,104153,465,14,0.28,12,7,home,1
25262,81918,517,18,0.3,14,3,education,0
15899,148570,574,28,0.69,2,6,education,0
49988,47115,351,10,0.75,18,5,auto,1
16934,122912,673,14,0.59,7,7,auto,1
39197,97442,662,14,0.39,5,0,home,0
42844,60002,313,5,0.06,12,4,auto,0
37332,77124,639,14,0.54,17,2,personal,1
35157,26610,838,28,0.32,12,8,personal,1
12593,128828,388,8,0.49,11,8,auto,0
41042,69752,340,4,0.47,1,2,education,0
18320,148416,603,18,0.39,9,9,home,0
28376,98947,567,23,0.71,8,1,personal,0
44513,138972,437,28,0.07,14,4,home,1
15199,94716,305,29,0.55,4,3,auto,1
16876,67993,541,27,0.34,11,6,business,1
9245,30073,461,4,0.55,17,7,home,1
8214,57251,817,21,0.52,8,3,home,0
1726,116496,700,12,0.06,1,2,auto,0
47600,91437,455,17,0.25,18,8,auto,0
12362,58897,384,19,0.18,5,7,personal,1
19297,70906,309,16,0.17,8,6,business,1
31448,71616,437,14,0.56,8,7,business,1
27172,128719,455,13,0.22,9,7,home,0
43874,24482,707,28,0.38,18,9,business,0
8657,127990,524,15,0.22,7,7,auto,0
19850,110964,483,3,0.46,10,0,auto,0
26425,92936,494,16,0.55,16,3,auto,0
27685,59574,695,19,0.28,3,9,home,0
48319,143331,433,13,0.47,10,6,education,0
25578,63284,608,17,0.63,8,5,auto,1
29831,92932,841,5,0.12,18,2,business,0
8906,27338,308,21,0.55,4,2,business,1
8287,62718,469,7,0.28,12,3,auto,1
34660,32500,589,8,0.14,5,9,education,1
11222,31545,467,23,0.43,4,5,home,0
38443,81480,643,0,0.21,19,0,auto,0
35701,25241,796,12,0.62,19,9,home,1
18764,109314,444,2,0.08,5,3,education,0
45641,42821,712,5,0.12,15,8,auto,0
18674,24695,756,16,0.41,12,6,auto,0
19024,97066,601,7,0.46,13,5,auto,0
47007,132616,345,29,0.56,6,4,personal,1
24874,137276,316,5,0.23,17,1,auto,0
44642,34318,659,15,0.64,10,1,auto,0
33284,70934,560,0,0.72,14,5,education,1
18602,42331,422,9,0.4,15,8,education,1
38784,141282,530,17,0.58,10,8,personal,1
24265,72672,411,21,0.42,6,0,auto,0
26931,111891,545,25,0.1,16,6,business,1
29841,96860,690,13,0.28,2,6,home,0
30192,113685,691,23,0.11,10,9,auto,1
47542,88754,627,4,0.74,5,1,personal,0
43520,105677,514,16,0.21,9,9,business,0
16585,122320,666,13,0.5,19,3,education,0
26559,22837,381,25,0.25,19,7,home,1
41059,145261,375,17,0.51,9,5,personal,1
34742,140688,826,3,0.2,16,6,education,1
5133,134616,802,19,0.6,19,9,auto,0
15663,125338,778,22,0.13,4,5,personal,0
22754,60077,671,1,0.68,5,8,auto,0
4972,99915,564,6,0.64,18,9,personal,1
6295,24239,563,6,0.53,8,9,personal,0
47681,130432,409,6,0.1,13,8,auto,0
42873,106348,606,12,0.2,9,5,personal,0
30125,49669,499,18,0.65,10,5,education,1
41996,68624,525,21,0.14,4,8,education,0
10903,95147,484,27,0.16,19,9,home,1
4020,24150,330,5,0.43,4,8,home,0
42755,144210,398,19,0.24,13,2,personal,1
21420,31109,638,16,0.21,17,6,education,0
22452,119750,565,24,0.45,11,2,auto,0
46648,46016,649,17,0.31,2,3,personal,0
39001,31936,843,24,0.15,5,8,auto,0
10516,31036,756,23,0.42,13,9,business,0
48327,59236,387,0,0.32,3,7,home,1
3396,34021,362,26,0.56,19,5,personal,1
19546,140478,686,22,0.12,19,5,personal,0
20129,56943,758,12,0.48,16,7,auto,0
2591,133694,568,25,0.36,16,1,home,0
12303,123384,645,18,0.33,3,4,auto,0
31561,101007,377,15,0.21,9,6,auto,1
7183,133197,664,9,0.07,19,2,home,0
27572,70016,313,12,0.64,1,7,business,0
35080,43244,435,9,0.28,14,2,education,1
21695,83027,603,29,0.53,11,3,education,0
8314,134313,696,29,0.71,18,9,business,1
20623,143351,378,13,0.45,7,9,home,1
3139,58985,717,8,0.33,6,5,personal,0
48456,123976,541,20,0.24,12,5,home,1
32290,21502,350,10,0.7,2,1,auto,0
19088,73836,683,2,0.53,13,1,home,0
40692,119714,674,7,0.52,1,2,education,0
34130,23770,505,11,0.35,15,2,personal,0
33088,62865,788,2,0.64,8,3,business,0
27292,73811,680,6,0.55,18,3,home,1
47249,24001,610,13,0.25,15,3,personal,0
21670,80848,674,6,0.47,8,9,personal,0
4738,72635,341,6,0.35,2,9,education,0
3469,40946,832,13,0.05,11,2,auto,0
23534,86134,821,11,0.62,8,0,personal,0
49874,115852,452,0,0.14,13,8,personal,1
10017,111103,611,26,0.41,1,1,home,0
3808,112044,593,4,0.29,18,2,business,0
48638,63744,412,27,0.29,5,1,home,0
13713,137729,411,10,0.38,1,5,education,1
41329,142848,474,0,0.75,12,5,personal,1
3719,59159,601,22,0.34,5,0,auto,0
23890,115812,815,12,0.18,16,3,personal,0
12700,43671,520,28,0.48,18,9,auto,1
37509,36450,470,23,0.22,2,4,auto,0
43534,34908,617,22,0.12,15,5,auto,1
37766,77275,512,16,0.09,11,4,business,0
27705,64358,552,2,0.07,10,2,home,1
19787,69047,423,9,0.35,3,2,education,0
49845,55518,512,18,0.35,13,2,business,0
27588,77813,384,6,0.18,13,5,business,1
27123,116748,815,19,0.6,3,3,auto,0
34062,128220,364,27,0.14,10,3,business,0
11177,26806,617,2,0.69,4,2,education,0
22727,124733,645,21,0.46,14,3,education,0
31220,60891,542,11,0.07,17,7,personal,0
10882,146865,436,25,0.72,1,2,business,0
2136,103551,546,21,0.27,15,9,personal,0
35832,149335,740,9,0.36,2,2,education,0
32966,59220,344,20,0.25,18,5,business,1
8009,37158,388,11,0.56,7,0,auto,1
13987,100992,527,14,0.39,13,9,auto,1
38311,47588,590,5,0.14,3,5,business,0
32575,82576,721,18,0.12,3,8,personal,0
2007,108027,366,29,0.56,13,2,personal,1
6445,44188,550,28,0.22,4,1,auto,0
11706,112615,340,25,0.15,16,2,personal,1
48517,78830,398,4,0.4,8,2,auto,1
45486,24019,605,24,0.61,8,1,home,0
30257,32419,755,19,0.25,16,3,auto,0
22736,53697,600,26,0.24,2,7,home,0
43207,104932,498,1,0.63,9,6,business,1
14281,139712,787,20,0.15,13,9,home,0
2435,124568,405,18,0.48,12,8,education,1
34339,115428,700,27,0.72,2,7,personal,0
36150,27973,776,18,0.64,9,6,home,0
26821,128001,421,3,0.09,1,5,education,0
27660,106649,376,27,0.27,6,2,education,0
6084,142649,611,19,0.15,2,9,personal,0
17661,31136,411,4,0.71,3,3,auto,0
14507,104739,817,6,0.74,15,7,education,1
8059,82502,496,3,0.21,7,1,home,0
19271,51285,397,10,0.52,13,5,personal,1
46539,43039,758,22,0.64,16,0,home,0
8491,86720,529,24,0.21,13,6,auto,1
48295,143168,467,2,0.18,12,3,personal,0
15859,108263,307,4,0.06,17,0,education,0
9073,79155,471,19,0.34,11,4,home,1
10077,36911,659,14,0.68,7,4,home,1
21953,20916,494,24,0.68,13,5,education,0
12383,79052,568,20,0.14,10,7,education,1
3353,89110,318,25,0.19,10,3,auto,0
24821,121623,653,17,0.34,13,6,auto,0
38567,37790,348,15,0.6,19,3,education,0
25860,103161,763,15,0.48,17,1,personal,0
22195,25206,655,9,0.41,7,7,education,0
12939,141937,457,0,0.46,4,4,education,1
26338,105053,365,22,0.12,17,9,business,0
22730,69950,607,10,0.38,4,3,personal,0
22427,136211,636,16,0.74,18,1,personal,0
36196,76361,420,23,0.11,8,6,auto,0
28083,81451,703,14,0.41,8,4,auto,1
22510,57696,395,24,0.26,16,8,auto,1
45064,101641,413,6,0.43,15,6,home,1
8813,121192,728,24,0.45,18,8,personal,0
32598,88226,839,25,0.45,19,9,business,0
48182,122395,301,5,0.65,6,9,auto,1
28570,141970,511,14,0.32,9,4,auto,1
28082,144121,632,14,0.41,16,5,auto,1
30241,66728,323,6,0.06,9,7,auto,0
31678,75401,667,2,0.6,17,9,auto,1
45569,86226,805,13,0.23,4,5,home,1
12745,45103,475,29,0.62,15,3,business,0
27029,54263,728,8,0.24,11,1,personal,0
14025,146705,741,2,0.06,14,5,business,0
37124,96621,847,5,0.16,17,8,education,1
15288,70044,813,19,0.74,13,7,personal,1
24650,77730,660,8,0.27,9,2,auto,0
7540,45825,573,0,0.13,16,4,education,1
33232,96256,476,8,0.13,8,5,education,0
17422,124177,563,11,0.27,14,6,education,0
4342,57271,485,3,0.08,15,1,education,0
42846,97256,826,25,0.41,7,5,auto,0
36612,66732,578,15,0.2,11,1,education,0
11396,86433,497,4,0.41,3,7,business,0
18482,102630,648,26,0.15,7,6,auto,0
24411,121999,720,28,0.35,5,1,education,0
47766,120990,604,16,0.47,9,3,education,0
14261,43572,363,29,0.09,19,6,business,0
4093,58546,589,16,0.33,13,8,home,1
12722,142456,317,5,0.26,19,2,home,0
23042,35150,363,25,0.22,16,9,business,1
45413,74165,629,28,0.47,2,9,home,0
48851,83690,316,14,0.46,1,7,personal,0
29087,73664,742,0,0.49,3,8,personal,1
33347,102335,440,12,0.16,12,7,personal,1
34756,95199,607,15,0.25,6,3,home,0
40214,148511,743,1,0.2,2,3,personal,1
17335,56948,795,28,0.43,16,6,personal,0
29602,57030,725,29,0.37,5,3,home,0
49901,47007,774,18,0.28,12,9,business,0
35450,120819,544,22,0.6,4,9,auto,1
33196,111207,749,1,0.12,14,6,personal,0
6626,110921,650,20,0.73,17,8,home,0
8424,96772,460,24,0.13,12,8,auto,1
13857,42024,439,11,0.59,13,8,auto,1
45923,132408,792,11,0.31,17,9,education,1
20982,59384,830,25,0.66,15,9,auto,1
12425,102912,692,7,0.1,9,5,personal,0
2980,144161,700,11,0.31,10,0,business,0
49290,122674,349,23,0.28,6,7,personal,1
27431,38157,594,10,0.75,17,5,education,1
20440,105481,724,1,0.74,12,6,auto,1
42752,122120,311,0,0.18,9,1,education,0
18175,108553,634,24,0.49,2,2,personal,0
49651,21756,314,25,0.42,16,5,personal,0
27385,120677,327,27,0.16,16,2,personal,0
39158,88112,687,3,0.17,1,4,business,0
24019,111003,591,8,0.74,11,3,personal,1
19639,122488,549,26,0.37,3,4,personal,1
20994,116741,804,29,0.14,2,7,auto,0
35375,78051,397,27,0.2,14,3,business,0
22563,120701,636,26,0.24,1,8,auto,0
40341,84595,338,6,0.41,6,2,education,1
6776,98210,337,27,0.28,7,6,home,1
37444,63094,599,21,0.37,2,6,auto,1
4380,128850,478,25,0.17,2,0,business,0
9711,107889,768,28,0.28,15,2,auto,0
9782,115385,581,24,0.1,5,9,home,0
18434,24535,463,9,0.67,13,0,auto,1
47765,76035,752,19,0.19,19,7,home,0
21017,142815,396,13,0.58,19,9,business,1
31707,67367,608,0,0.29,15,4,auto,1
40110,127472,561,4,0.38,1,3,business,0
18343,37118,592,12,0.25,3,2,business,0
39827,79812,548,5,0.54,18,6,education,1
42652,79884,544,21,0.64,17,7,education,0
6655,86168,550,27,0.25,8,7,auto,0
45859,33280,422,16,0.22,11,0,auto,0
16251,34746,624,14,0.53,8,6,business,1
1526,122572,800,6,0.19,6,4,education,0
4224,73251,365,7,0.5,6,1,auto,0
48837,104821,358,27,0.12,6,7,auto,0
12536,103583,797,20,0.48,2,1,auto,0
29541,133625,672,1,0.41,10,5,education,1
14547,30207,565,17,0.13,10,4,auto,0
35531,91127,535,26,0.5,9,5,business,1
9712,47757,517,20,0.36,3,9,auto,0
39565,36226,826,22,0.2,2,7,personal,0
10208,115268,740,6,0.3,4,8,home,0
6109,81407,705,28,0.39,8,2,business,0
36201,47206,768,19,0.11,9,2,auto,0
17967,40256,409,26,0.72,2,6,personal,0
30759,53822,652,15,0.52,16,2,education,0
21172,61340,390,29,0.12,6,9,business,1
37935,131883,713,18,0.63,8,4,business,1
27589,72234,372,8,0.28,3,9,auto,1
31015,63351,846,11,0.47,11,3,education,0
30009,126311,597,13,0.24,5,8,auto,1
18773,68671,582,29,0.56,12,7,personal,1
42125,95320,804,6,0.56,11,8,home,1
27143,122565,497,1,0.44,5,5,education,0
7154,145627,331,16,0.22,3,1,home,0
22804,55157,640,10,0.23,9,7,personal,0
42688,39937,633,17,0.32,18,0,business,0
21581,74290,442,28,0.15,12,4,personal,0
31087,66707,709,11,0.29,4,1,home,0
33981,31219,343,2,0.53,7,6,education,1
4762,29399,331,20,0.63,11,4,auto,0
47167,146733,327,13,0.28,2,9,home,1
10768,118848,722,14,0.21,12,2,education,0
44408,47657,790,18,0.63,9,6,home,0
40499,40047,459,9,0.67,6,2,business,0
39559,120543,506,8,0.34,7,5,business,1
49590,96095,317,9,0.07,6,3,auto,0
9783,105693,402,19,0.54,18,9,business,0
47389,120931,531,22,0.6,13,1,personal,0
30781,92154,723,3,0.06,9,8,auto,1
31811,64891,846,18,0.47,19,5,home,0
49787,26780,538,9,0.46,4,4,personal,0
36488,47050,633,16,0.32,4,4,education,0
9905,93551,448,29,0.57,13,7,home,1
10127,88666,707,11,0.35,11,4,business,0
23431,113619,316,24,0.52,2,7,home,0
7368,102016,525,28,0.41,6,7,business,1
28424,133135,559,26,0.22,12,0,personal,0
47824,73010,473,0,0.47,8,3,personal,1
46004,121012,504,10,0.57,5,8,personal,1
19333,58165,714,12,0.73,9,1,auto,0
24116,31528,807,0,0.32,4,3,business,0
48219,140840,452,0,0.1,9,3,home,1
44201,69608,402,29,0.74,12,0,home,0
16525,25914,364,20,0.49,4,9,home,1
24398,57136,416,15,0.71,17,9,auto,1
33857,31179,455,6,0.12,2,6,auto,0
11361,106008,381,22,0.29,13,0,business,1
17369,32076,817,9,0.14,15,4,auto,0
4041,143911,366,15,0.63,8,7,personal,1
1105,44783,537,0,0.67,6,3,home,1
10078,136625,625,21,0.4,9,4,personal,1
26003,66716,366,8,0.18,11,9,auto,1
7090,70298,475,5,0.14,12,2,home,0
39850,74304,777,14,0.46,2,4,education,1
2925,99360,554,3,0.4,2,2,personal,0
19440,89835,362,14,0.54,11,3,education,1
40685,149541,702,9,0.26,8,2,business,0
27015,132424,491,24,0.33,6,4,personal,0
34320,28118,628,15,0.06,18,1,home,0
26291,96292,370,12,0.48,11,8,home,1
37679,143322,362,18,0.35,6,2,education,1
27289,76911,596,28,0.69,9,9,home,1
4389,93489,544,25,0.5,14,0,personal,1
26683,123088,818,19,0.33,19,4,auto,0
14629,35185,692,3,0.23,6,3,auto,0
25826,61792,476,19,0.68,19,1,home,1
36198,100210,503,21,0.06,10,7,business,1
27630,70613,832,28,0.28,14,8,personal,0
34226,130012,427,15,0.71,5,5,business,0
47163,53927,494,10,0.51,12,7,education,1
33975,20386,493,14,0.42,19,1,home,0
1899,112153,483,10,0.19,2,5,education,0
12653,92728,546,22,0.63,15,0,business,1
28961,96281,623,29,0.19,6,9,personal,1
17405,50020,459,24,0.22,8,2,business,0
9601,62678,365,29,0.18,14,6,auto,0
34662,106695,553,10,0.16,3,0,business,0
34282,81394,582,2,0.72,6,5,business,1
22288,88945,359,23,0.47,11,6,business,0
30545,135377,417,23,0.5,9,2,business,0
37877,141716,722,16,0.72,17,7,personal,0
47026,76414,335,4,0.21,19,7,home,0
16313,74816,830,12,0.05,2,4,personal,0
16349,75918,390,9,0.47,8,1,education,0
8179,111281,600,4,0.41,10,1,auto,0
11326,131484,516,11,0.38,3,4,home,1
45555,135640,397,7,0.09,10,3,auto,0
2560,82694,755,23,0.37,2,3,auto,0
14612,49455,830,11,0.25,7,4,home,0
18650,124446,837,15,0.24,1,0,home,0
27745,58735,327,1,0.21,12,6,education,1
32890,114702,623,2,0.28,5,2,personal,0
21022,125509,522,17,0.3,9,9,home,0
5780,113608,379,16,0.27,12,9,education,0
19311,134310,757,1,0.74,11,7,business,0
29380,32109,475,25,0.7,12,8,home,1
45662,65802,821,21,0.45,3,7,personal,0
3356,88020,756,11,0.74,12,1,business,0
5790,54622,722,16,0.74,1,6,business,0
27911,129935,399,5,0.3,6,3,business,0
25363,149368,702,16,0.36,11,4,business,0
21049,137919,679,1,0.72,2,9,auto,1
11181,22597,830,7,0.48,8,4,personal,0
40825,60597,631,13,0.2,11,8,education,0
17082,60954,617,5,0.53,12,1,home,0
1661,89519,836,8,0.19,19,1,education,0
38412,76115,388,0,0.29,9,2,auto,0
49479,124988,810,4,0.21,11,4,business,0
3920,63151,341,6,0.22,18,3,home,1
26658,145515,688,8,0.05,9,9,personal,1
49770,37040,380,13,0.67,15,9,home,1
15025,64772,701,26,0.26,18,8,home,0
9946,142431,406,8,0.11,8,2,education,1
29706,116090,410,3,0.11,4,0,business,1
46500,83832,576,28,0.44,13,4,personal,0
40004,47916,513,19,0.75,15,7,home,1
17309,64871,805,14,0.15,8,0,auto,0
47286,141527,420,3,0.12,16,0,auto,0
34120,46372,433,2,0.36,11,5,business,1
31027,81707,670,23,0.44,13,6,home,1
8005,59080,556,20,0.26,7,7,business,1
47804,126242,479,22,0.26,18,7,home,0
1956,62722,347,25,0.35,8,2,personal,1
35839,140864,318,21,0.27,2,3,auto,1
9595,49048,345,13,0.69,3,8,education,1
48908,105205,750,8,0.08,10,4,business,0
13803,29777,355,29,0.21,7,8,personal,0
26963,74711,391,18,0.62,7,4,auto,0
37221,56331,381,5,0.63,4,4,personal,1
40443,145320,378,2,0.13,8,8,education,1
34723,40968,582,17,0.73,19,5,home,1
40063,73969,610,15,0.54,12,2,home,1
49689,123345,459,2,0.24,10,4,personal,0
16282,31292,615,1,0.37,14,0,personal,1
5703,140870,455,1,0.26,12,8,business,0
7563,60794,767,25,0.16,4,9,personal,0
26849,99459,761,26,0.25,19,9,home,0
32860,137932,416,22,0.46,7,6,personal,1
32585,70192,663,9,0.63,1,0,auto,0
23015,47703,765,14,0.3,8,3,auto,0
13003,104193,483,2,0.29,11,1,home,0
44585,89165,465,7,0.38,1,2,personal,0
27958,87650,374,28,0.5,1,3,personal,1
27017,76516,571,17,0.58,4,1,personal,1
12171,119981,802,26,0.28,4,9,auto,1
46350,149858,642,10,0.46,11,0,home,0
13201,121398,550,6,0.32,1,3,business,0
30426,111110,429,18,0.55,10,8,auto,1
18778,117885,657,24,0.17,4,8,home,0
46241,42257,707,6,0.23,7,8,home,0
43229,120588,794,24,0.35,2,2,business,0
22116,123356,781,1,0.67,13,0,education,0
49364,141750,377,5,0.45,19,0,business,0
34297,103509,813,4,0.73,4,2,business,0
20342,111273,620,13,0.12,6,9,home,0
28490,71672,589,17,0.37,17,7,education,1
20975,83308,596,3,0.34,9,3,education,0
27723,97583,774,3,0.47,2,7,personal,0
24279,139336,322,23,0.62,6,6,business,1
13765,42113,471,12,0.64,18,7,business,1
47678,20694,617,22,0.52,15,1,education,1
12561,142495,492,28,0.5,16,7,education,1
42899,35588,417,20,0.71,1,8,education,0
1525,81756,305,24,0.32,10,9,home,1
23861,84085,782,0,0.63,10,5,home,1
34142,131359,431,19,0.7,6,2,home,0
27916,134384,392,4,0.39,4,6,business,1
45965,81142,821,23,0.56,14,8,education,1
5648,84373,593,2,0.31,17,7,home,0
36133,105603,691,29,0.16,3,7,personal,1
31523,26704,548,27,0.46,2,6,education,1
30052,60136,716,20,0.19,18,4,education,0
35414,87507,442,18,0.37,17,1,education,0
33781,67361,536,12,0.66,13,4,home,1
5599,78847,586,6,0.11,19,4,auto,0
36046,126359,576,9,0.07,10,1,personal,0
48064,31441,686,2,0.47,4,9,personal,1
36923,117012,681,22,0.28,17,0,auto,0
42089,138906,749,29,0.34,16,4,personal,0
4814,34677,590,1,0.33,19,5,home,0
46893,47818,468,6,0.11,14,6,education,1
36984,21868,742,8,0.05,15,1,auto,0
27616,103591,483,27,0.68,19,5,education,1
3113,143962,344,20,0.2,3,7,personal,1
44006,87264,567,11,0.35,16,5,business,1
14760,93168,775,21,0.73,7,2,personal,1
22927,32043,552,28,0.63,18,2,personal,1
21939,91939,695,9,0.13,8,6,auto,0
33419,35732,588,26,0.41,14,1,education,0
13588,75244,511,18,0.56,18,2,auto,0
37142,38526,320,12,0.54,1,6,home,1
40198,29340,615,9,0.58,6,8,education,1
45738,124488,737,4,0.37,13,0,home,0
34397,42394,722,28,0.17,1,4,home,0
17653,118557,532,14,0.38,19,1,auto,0
11831,24102,422,20,0.5,7,4,personal,0
6724,121846,513,2,0.48,16,5,business,1
12083,39159,339,7,0.1,14,7,personal,1
46917,142366,631,5,0.1,2,6,personal,0
20816,85092,481,28,0.73,7,4,education,1
43240,26212,564,18,0.16,15,4,auto,1
7276,117360,832,16,0.26,14,1,education,0
49403,57405,731,9,0.59,1,5,business,1
39663,97061,495,0,0.34,17,2,auto,0
14994,114296,808,12,0.18,16,5,personal,1
24499,75186,746,26,0.38,5,2,home,0
24040,64239,827,9,0.45,3,1,personal,0
44320,130804,501,11,0.37,19,7,personal,1
17959,112993,432,1,0.69,2,3,auto,1
7099,143145,438,9,0.25,14,4,personal,0
43267,133551,792,20,0.51,19,8,business,0
20576,30532,369,22,0.13,13,3,personal,0
36946,99054,314,0,0.32,13,0,home,1
7116,92012,511,0,0.57,6,5,auto,1
16563,137836,359,19,0.21,9,4,business,0
27788,105279,551,28,0.46,1,9,auto,1
27928,86540,745,25,0.16,10,2,home,0
37336,128590,301,14,0.12,3,4,education,1
10847,123021,635,21,0.42,6,7,business,0
27155,23271,318,24,0.52,16,0,home,1
15135,65482,377,0,0.13,6,3,education,0
18774,20209,771,26,0.69,12,2,home,1
2742,110999,327,25,0.21,3,3,education,0
19309,25539,464,20,0.13,18,1,education,0
1619,134841,757,8,0.19,3,1,auto,0
18658,39977,475,23,0.17,5,1,personal,1
35707,94142,328,6,0.11,19,2,personal,0
21337,129920,578,15,0.61,18,8,home,1
17001,148156,582,15,0.4,8,4,education,1
1968,119588,778,12,0.32,10,3,personal,0
48614,88684,818,9,0.72,19,3,home,0
26892,119072,604,17,0.31,10,2,home,0
26619,143862,408,8,0.17,2,8,business,0
1281,25607,623,11,0.24,10,9,auto,1
28420,105122,505,28,0.22,18,0,auto,0
16360,114786,533,23,0.4,4,5,education,0
40030,146406,757,12,0.25,3,3,personal,0
2058,71939,486,10,0.41,17,7,education,1
21677,38594,781,14,0.52,17,6,personal,0
11724,78382,706,9,0.59,12,2,personal,1
29404,27399,808,9,0.55,17,4,personal,1
38946,141026,819,8,0.19,13,3,personal,0
40748,146812,352,24,0.13,9,3,personal,0
30856,45117,697,24,0.43,1,9,business,1
10200,118662,498,2,0.19,15,7,business,1
34997,53617,690,22,0.11,19,8,personal,1
26611,27498,797,15,0.42,9,3,home,0
42235,122826,471,11,0.28,17,1,home,0
36057,137232,385,16,0.58,15,0,auto,0
2239,149851,485,24,0.27,2,9,personal,0
39138,131077,455,29,0.74,4,3,home,1
49938,136519,792,14,0.58,7,7,auto,1
1125,70624,820,24,0.09,8,4,home,0
46272,29628,429,2,0.41,1,1,auto,0
24857,20329,380,4,0.44,1,3,education,0
16398,58619,683,27,0.54,5,3,home,1
7638,27032,594,12,0.4,8,9,personal,1
7570,68094,568,23,0.39,1,4,personal,1
4249,58034,834,5,0.31,3,1,business,0
10110,122658,677,25,0.24,17,6,education,0
41363,141123,675,25,0.71,3,4,education,0
14605,142666,387,8,0.27,1,3,home,0
13115,106158,410,29,0.09,4,7,auto,1
40062,75264,453,28,0.17,9,1,business,1
23911,114120,762,18,0.65,13,0,education,0
39525,67850,455,27,0.46,5,5,education,0
33556,24722,617,6,0.6,14,9,personal,0
13595,37772,537,12,0.62,19,9,personal,1
2969,106105,633,21,0.63,14,7,auto,0
44753,61679,405,29,0.44,4,6,home,0
18275,88771,781,4,0.17,4,8,auto,0
5470,24576,681,15,0.15,9,0,home,0
11225,46707,560,3,0.45,2,2,business,0
43324,119404,592,4,0.31,10,8,education,0
42974,61632,634,28,0.44,18,4,auto,0
43759,61476,775,19,0.4,7,5,home,0
24196,137220,524,18,0.47,14,6,business,1
41287,50285,753,22,0.07,15,2,auto,0
14669,44154,595,5,0.07,10,6,education,0
38380,40054,762,3,0.56,5,2,business,0
46141,37165,513,24,0.19,8,5,personal,1
49320,34439,457,0,0.51,5,7,education,1
48414,138211,571,16,0.43,5,6,personal,0
39006,64518,537,8,0.74,14,4,business,1
16577,108051,602,15,0.63,1,5,business,1
23473,46962,820,22,0.34,5,3,personal,0
29625,73934,620,1,0.48,19,1,home,1
16504,128085,358,10,0.13,12,6,business,0
25089,57763,657,25,0.32,15,3,auto,0
37487,136189,550,4,0.56,3,5,auto,0
1302,130290,735,12,0.49,1,9,business,0
32463,84094,445,19,0.39,12,1,personal,1
45912,130814,651,16,0.17,13,1,personal,0
30259,39464,544,27,0.61,14,5,education,1
43823,62036,600,28,0.24,10,7,personal,0
38208,143980,737,24,0.62,14,0,home,1
31659,115949,399,14,0.48,14,9,home,0
36840,53270,779,21,0.31,13,6,auto,1
32890,62299,714,26,0.08,3,5,business,0
14598,105805,464,28,0.21,19,4,auto,1
48055,51541,601,29,0.67,10,9,business,1
47733,93545,420,11,0.62,12,7,auto,1
20508,102543,387,5,0.45,2,0,business,1
43287,111998,516,19,0.38,1,4,business,0
14380,149188,478,12,0.5,4,5,auto,0
27984,97078,462,17,0.38,8,3,education,0
45633,102970,469,23,0.5,17,9,home,1
9125,49765,600,14,0.27,14,9,personal,1
37059,43769,673,14,0.64,14,1,home,0
5033,108001,502,7,0.54,19,7,personal,1
38873,107404,346,18,0.28,4,4,business,1
18087,40156,762,22,0.63,16,9,auto,0
41901,105836,707,13,0.39,19,5,auto,0
6704,138706,493,6,0.17,19,8,personal,1
8848,70481,726,13,0.1,13,1,auto,0
22592,33435,616,4,0.54,7,4,auto,0
46743,89650,778,14,0.66,14,0,auto,0
7924,66336,720,20,0.62,10,2,home,0
28208,56135,568,14,0.51,14,5,auto,1
20614,93631,780,23,0.15,11,7,education,1
1488,57909,562,3,0.12,11,4,personal,1
40882,89487,725,0,0.29,15,3,home,0
26923,41468,465,16,0.65,8,4,home,1
49508,112609,727,24,0.72,17,3,business,0
36941,67655,696,19,0.22,6,1,business,0
30165,54341,515,0,0.58,14,0,auto,1
2667,131663,406,15,0.45,9,7,home,0
27213,84182,397,12,0.07,3,0,home,0
5114,71786,781,17,0.43,12,1,auto,0
37321,88304,798,9,0.61,4,4,personal,0
8761,123606,529,22,0.24,15,7,home,1
32116,66514,556,17,0.68,13,9,business,1
34768,140938,342,16,0.22,18,2,auto,0
49406,53979,541,25,0.1,14,8,home,0
26426,110887,394,29,0.16,13,5,business,0
18772,100981,487,8,0.64,9,2,education,0
39218,75107,684,13,0.34,5,9,home,0
4712,148842,699,20,0.61,19,6,auto,0
2367,134119,805,29,0.42,8,6,business,0
41957,21160,466,12,0.39,13,6,home,1
42781,107897,424,19,0.61,9,3,business,0
27200,92577,386,19,0.35,17,5,auto,1
4726,104303,788,13,0.61,5,2,home,1
24616,30846,525,10,0.12,9,3,auto,0
28723,149861,644,12,0.5,11,2,personal,0
38574,124180,817,16,0.54,2,2,home,0
35958,39924,330,2,0.68,13,0,home,0
10108,131193,595,28,0.21,1,4,business,0
13178,33882,713,0,0.47,8,2,home,0
36643,100274,434,20,0.35,15,0,personal,0
32324,106555,824,4,0.32,2,8,business,0
39360,21095,303,24,0.12,3,3,business,0
18824,124205,477,12,0.14,17,8,education,0
46360,60983,558,23,0.64,18,1,home,1
9927,131215,364,4,0.57,17,1,education,1
29144,34123,662,4,0.32,14,3,personal,0
32010,113668,316,22,0.63,11,3,home,1
23443,86615,499,11,0.11,14,4,education,1
15437,115193,843,1,0.49,5,0,education,0
45298,65278,511,28,0.66,6,4,business,0
40778,117911,734,22,0.64,19,9,education,0
12207,110290,572,15,0.31,11,1,education,0
26537,71999,589,16,0.57,2,4,home,0
36757,51153,782,29,0.35,10,9,home,0
13040,38344,533,4,0.64,13,9,business,1
42986,119777,707,11,0.42,2,5,home,0
23612,57656,445,14,0.59,14,2,personal,0
29441,90515,729,27,0.11,17,3,business,0
7471,149515,731,5,0.46,9,4,personal,0
36631,21212,844,12,0.44,8,5,home,1
44461,140385,796,10,0.48,8,8,home,0
27523,29001,388,29,0.54,7,8,business,0
32348,98784,710,25,0.69,16,5,education,0
2177,118723,540,16,0.6,19,0,auto,1
5760,101144,522,8,0.2,17,5,auto,0
33779,56427,767,24,0.63,1,9,home,0
22636,51368,621,15,0.14,13,2,personal,0
17353,90819,674,16,0.49,16,4,business,0
12556,81160,411,19,0.67,6,4,education,1
28598,45854,826,23,0.12,15,9,home,0
12563,30715,711,17,0.64,12,3,personal,0
47819,101701,568,12,0.61,8,2,home,0
44790,78784,551,28,0.4,1,0,auto,1
9234,149193,673,10,0.27,11,6,home,1
26519,119644,749,12,0.33,15,7,personal,0
27966,46797,836,23,0.73,1,4,auto,1
17173,67573,667,25,0.19,16,7,home,0
27987,96120,554,12,0.46,7,3,auto,0
14178,34780,762,11,0.11,1,7,business,1
40338,57905,567,13,0.2,2,2,personal,0
25596,41573,425,12,0.58,8,7,personal,1
34174,136049,692,24,0.26,11,5,business,0
42974,149651,633,8,0.74,13,8,personal,0
5431,53359,667,13,0.4,5,4,personal,0
28764,86062,755,0,0.41,18,0,home,0
22627,93391,366,8,0.08,19,7,education,0
40310,63463,365,3,0.72,3,2,home,1
9906,119596,699,27,0.17,1,4,business,1
37914,136342,586,11,0.43,5,1,business,0
45814,115018,485,23,0.33,19,6,education,0
46379,36571,583,28,0.34,9,4,home,1
14076,117276,815,13,0.5,7,6,home,0
38650,148568,536,8,0.51,12,6,home,1
47881,39142,317,2,0.16,14,4,auto,0
47413,45104,713,5,0.4,16,4,auto,0
7012,28625,308,2,0.6,13,8,home,1
8151,59199,719,0,0.36,18,2,auto,0
29211,140725,328,25,0.17,10,7,home,0
28117,35926,647,21,0.27,6,0,business,0
37378,51218,749,20,0.2,3,3,home,0
43652,64472,679,2,0.14,4,1,auto,0
7894,111916,665,29,0.31,1,2,education,0
14467,143182,526,13,0.43,11,5,business,0
32010,40566,417,19,0.1,17,3,personal,0
43641,76125,711,1,0.47,5,0,education,0
13289,53205,655,11,0.75,12,4,education,1
45976,129084,553,25,0.72,7,2,personal,1
44596,49717,842,9,0.63,4,1,business,0
24171,69984,743,12,0.24,16,3,personal,0
35905,127292,380,29,0.07,15,3,business,0
21829,45135,345,19,0.63,14,2,business,1
35054,48164,348,3,0.09,2,4,business,1
49478,94489,748,18,0.19,10,4,education,1
45139,58562,706,21,0.43,2,7,business,0
49713,89110,582,0,0.17,5,9,personal,1
30734,40169,772,24,0.63,13,6,education,0
8052,79858,715,10,0.59,10,8,business,1
4654,41604,420,25,0.58,13,6,auto,0
24486,109670,302,15,0.62,14,1,auto,0
19743,134605,615,18,0.2,18,2,business,0
49368,108738,759,18,0.56,8,5,auto,0
25489,20684,526,11,0.3,5,0,home,0
9636,148140,378,2,0.52,12,7,education,1
7441,122537,843,22,0.14,16,6,home,0
25611,135265,370,23,0.54,19,5,education,1
43435,131301,496,17,0.73,7,4,personal,1
13149,28007,357,16,0.08,4,9,auto,1
35566,134915,723,4,0.12,19,4,auto,0
43368,120632,768,15,0.14,10,7,auto,1
22675,137419,347,23,0.35,8,7,business,0
6495,61787,734,13,0.25,16,2,education,0
43668,69582,484,18,0.61,4,8,business,1
14673,94791,464,5,0.38,10,2,auto,0
12130,117798,630,2,0.39,19,9,personal,0
23668,103629,629,5,0.55,16,7,auto,0
16222,25782,420,11,0.3,12,6,business,1
24669,86770,512,19,0.3,2,8,auto,1
35068,77645,806,29,0.58,11,8,home,1
24253,123509,467,10,0.6,13,0,home,0
10435,119724,845,6,0.06,3,0,business,0
29552,51996,726,26,0.15,17,2,home,0
38384,49204,520,25,0.2,10,6,education,0
17393,37152,309,0,0.3,8,2,education,1
11617,75186,419,15,0.25,6,2,business,0
39520,127900,546,15,0.52,14,3,home,1
10852,110555,659,16,0.63,19,7,education,1
32401,105024,520,14,0.18,1,0,home,0
7295,122659,805,20,0.44,11,3,auto,0
36993,39689,357,8,0.31,14,3,home,0
35084,70690,759,4,0.4,13,7,home,1
46105,114042,427,19,0.48,12,6,business,0
40575,103251,385,7,0.68,6,3,auto,1
37451,77320,403,28,0.18,4,7,education,0
8227,84226,442,20,0.11,9,2,education,0
32910,76091,504,0,0.49,7,9,home,1
37041,126565,337,6,0.33,7,6,personal,0
24384,99301,662,10,0.16,13,8,personal,1
1145,41942,608,19,0.13,2,5,education,1
38778,58712,351,25,0.44,2,3,home,0
17035,146315,300,20,0.26,15,3,home,0
4040,125430,310,12,0.75,16,0,auto,0
43422,85277,513,21,0.33,2,5,business,1
27160,69632,817,12,0.2,5,2,personal,0
18633,58031,714,6,0.49,2,2,home,0
30344,40478,307,10,0.22,7,0,education,0
18014,42551,304,17,0.4,5,6,personal,1
15996,68068,661,29,0.39,11,8,business,0
42621,113608,411,0,0.37,8,2,home,0
12695,55561,572,11,0.61,17,6,personal,1
3852,22892,721,2,0.2,14,8,home,0
17014,119502,564,25,0.68,5,2,business,1
28042,44395,757,27,0.6,4,8,auto,1
34755,38756,511,0,0.28,3,1,personal,1
41390,136580,377,3,0.18,7,2,business,1
24711,107710,520,5,0.25,11,3,auto,1
27122,54651,668,4,0.28,1,6,auto,0
10160,140155,646,28,0.44,18,8,business,1
28213,86333,324,10,0.08,1,0,education,1
40420,93745,719,19,0.69,16,8,business,1
8421,126539,653,22,0.12,13,9,home,0
22400,69306,716,12,0.25,6,4,education,1
34537,41346,814,10,0.13,6,3,auto,0
18727,133561,514,26,0.23,14,5,personal,0
47882,48024,411,5,0.64,5,9,auto,0
5358,114950,727,18,0.48,8,4,personal,0
29482,138768,515,24,0.21,18,4,personal,0
33117,60818,712,14,0.66,6,4,business,0
24164,25947,679,20,0.61,5,7,business,1
32910,95153,531,12,0.58,10,9,auto,0
33496,106240,557,9,0.64,18,7,business,0
45311,147192,555,0,0.48,13,9,auto,1
30371,146519,702,12,0.4,6,3,business,0
39467,114238,723,5,0.31,4,8,business,1
18625,87428,364,20,0.21,13,7,personal,0
34893,49754,489,25,0.44,18,5,education,0
11793,83355,472,23,0.67,13,1,business,0
32007,78241,526,19,0.47,13,8,business,0
26766,88960,687,11,0.69,7,5,auto,1
40532,149958,700,16,0.3,5,7,personal,0
13323,147420,512,26,0.54,3,5,personal,1
46799,127754,352,17,0.5,6,4,education,0
47820,33418,438,23,0.52,8,6,education,1
46408,115422,717,25,0.5,12,3,education,0
8843,120319,442,7,0.21,2,9,business,0
15210,108593,808,28,0.15,11,2,auto,0
17456,75184,785,13,0.74,3,6,home,1
32367,24833,736,4,0.08,10,1,auto,0
11106,95430,842,21,0.38,8,9,personal,1
38957,134246,592,1,0.35,8,2,education,1
3472,61833,583,26,0.3,14,0,home,1
7704,20565,313,27,0.6,4,0,personal,1
4713,60180,571,24,0.57,15,1,education,1
6051,38402,324,21,0.68,10,0,home,1
11756,62845,621,27,0.33,18,1,auto,0
3475,95851,402,24,0.44,15,0,personal,0
37378,32834,339,10,0.67,19,2,business,1
5255,87850,534,25,0.75,3,8,home,1
15484,57180,388,2,0.73,2,8,home,0
35503,23883,399,21,0.55,13,7,auto,0
9258,129688,443,25,0.15,13,8,auto,0
41747,95587,381,15,0.07,9,3,personal,1
36196,126520,528,20,0.63,3,7,business,1
46113,31695,694,15,0.64,2,4,education,1
41194,147135,812,8,0.57,14,3,home,0
9533,43123,496,12,0.25,16,3,home,0
33581,78481,573,9,0.5,14,1,personal,0
6249,93438,671,16,0.27,4,9,education,0
20201,131491,379,24,0.37,2,8,education,1
10686,149525,534,20,0.32,16,8,education,0
47877,37573,586,16,0.69,8,0,personal,0
33007,141844,844,9,0.21,1,3,home,0
1661,114910,736,7,0.45,18,8,auto,0
45843,76494,426,6,0.3,9,3,home,1
31137,32288,716,13,0.51,12,1,auto,0
48556,66978,340,21,0.45,5,1,auto,0
43828,92420,768,17,0.7,3,9,personal,0
49604,137845,596,20,0.12,8,8,education,1
11526,96095,341,18,0.2,16,3,personal,0
4374,74672,578,17,0.59,18,0,auto,1
26592,81821,758,13,0.31,12,0,home,0
29982,103661,332,9,0.17,12,0,auto,0
1207,89224,575,0,0.4,4,7,personal,0
36433,109405,389,8,0.51,10,0,home,1
24197,132418,823,17,0.08,9,4,education,1
34400,123673,459,12,0.25,4,8,personal,0
4083,74796,757,26,0.62,1,3,business,0
30328,64706,698,16,0.41,5,8,auto,1
47479,148554,390,29,0.07,3,4,education,0
43891,143777,765,22,0.25,11,8,education,0
21103,24023,519,24,0.5,13,1,home,0
40891,134286,718,21,0.19,11,7,personal,0
11754,102636,678,15,0.63,6,6,auto,1
35447,56735,746,23,0.52,4,6,business,0
16901,92959,445,10,0.38,7,2,auto,1
34004,59218,532,22,0.69,3,9,personal,0
8446,32213,670,8,0.32,10,1,education,0
38211,121519,533,6,0.21,5,9,business,1
49231,142513,666,28,0.51,19,0,home,1
30301,118694,780,21,0.45,18,0,personal,0
27116,48460,662,0,0.28,17,6,auto,1
42323,144579,810,8,0.29,1,8,personal,0
19752,84680,394,9,0.33,5,0,home,1
33376,137725,515,15,0.25,17,9,auto,1
17669,51017,842,20,0.55,9,3,business,0
33916,118536,434,28,0.51,11,1,auto,0
14395,112038,382,17,0.36,7,7,auto,0
21421,50990,690,13,0.33,7,8,home,1
27342,39515,346,27,0.31,2,2,auto,0
5895,49991,691,10,0.25,14,2,personal,0
12023,27634,684,23,0.11,16,6,education,1
11699,97034,680,28,0.24,5,8,home,0
10715,96452,376,3,0.27,18,6,home,0
20169,49377,558,29,0.43,4,6,home,1
17163,53001,698,18,0.59,12,1,personal,1
6782,21391,399,12,0.33,19,0,personal,1
23641,85206,800,0,0.71,13,1,personal,1
19792,129388,682,20,0.63,6,5,personal,0
36585,62215,491,18,0.74,11,9,auto,0
31682,99720,644,14,0.66,15,7,home,1
48864,47114,309,19,0.48,17,7,home,0
19880,31882,563,14,0.47,2,5,business,0
39067,133142,567,24,0.14,13,1,education,0
43685,37273,494,10,0.56,1,8,auto,1
19073,126206,706,29,0.47,4,9,education,0
37035,65647,595,22,0.4,15,3,auto,0
38174,102665,396,26,0.54,16,4,auto,0
25837,84892,761,4,0.36,11,0,auto,0
18826,62679,386,23,0.42,3,8,home,0
25981,20427,376,21,0.33,12,9,education,0
11382,116952,782,9,0.55,12,0,education,0
5437,149669,445,17,0.66,11,6,personal,1
6435,86267,410,6,0.64,16,8,education,1
25819,20799,596,0,0.6,13,2,personal,1
37875,75659,725,2,0.06,12,1,business,0
32982,114409,633,27,0.69,10,9,personal,1
34328,27025,822,0,0.24,11,7,auto,1
13329,34481,837,29,0.67,18,3,home,0
26169,45411,461,16,0.19,5,0,auto,0
22932,116894,729,14,0.36,13,7,business,0
35594,125928,368,4,0.57,17,5,home,1
12421,143014,432,21,0.5,12,5,business,1
46033,34961,488,15,0.34,17,3,auto,0
8629,41767,578,11,0.53,1,5,home,1
9325,140895,729,18,0.43,8,1,business,0
29495,71690,841,13,0.24,16,5,personal,0
32750,72870,460,2,0.5,15,1,education,0
30619,126536,752,18,0.19,19,5,auto,1
41461,56135,469,0,0.54,10,8,personal,1
9264,84514,356,20,0.05,2,6,business,0
13686,106928,539,0,0.43,4,3,business,0
47484,148705,657,25,0.33,4,0,home,0
25226,98798,500,9,0.26,12,8,personal,1
7721,90765,743,2,0.41,17,0,business,0
21609,43772,601,12,0.5,4,4,home,0
8373,38799,405,5,0.73,8,6,education,0
39675,132051,400,10,0.63,16,9,education,1
49895,149941,396,5,0.55,15,9,home,0
29937,43555,328,2,0.39,14,5,personal,0
6656,112152,805,15,0.32,19,2,home,0
9984,147219,737,8,0.07,11,7,home,0
30984,39333,678,7,0.3,13,6,personal,1
9286,24261,372,26,0.64,8,8,education,1
6901,139833,553,2,0.32,9,0,business,0
32552,89002,815,4,0.37,2,7,education,0
26709,66553,849,20,0.24,2,3,personal,0
32055,23088,319,13,0.24,8,6,auto,1
38685,65783,834,4,0.09,18,6,personal,0
9429,21115,720,18,0.48,7,3,education,0
15716,90114,745,4,0.36,11,7,education,0
49563,88126,435,20,0.47,1,0,personal,0
12138,92908,804,19,0.43,16,4,personal,0
36298,89109,600,19,0.61,16,3,personal,0
24429,22978,332,1,0.58,10,3,education,0
6772,128943,577,24,0.59,17,2,home,0
49244,29422,432,6,0.4,10,0,auto,0
49519,63626,826,0,0.3,6,4,home,1
36732,109233,425,20,0.7,14,7,education,1
40905,76174,644,17,0.09,15,9,home,0
18347,116356,316,9,0.16,4,5,personal,1
17920,57743,677,5,0.34,2,0,business,0
32822,90461,359,6,0.48,19,4,personal,0
47659,77199,766,11,0.06,13,5,auto,0
41108,149000,690,17,0.55,12,8,personal,1
24563,142778,486,10,0.44,13,8,business,1
8967,49430,797,21,0.39,15,4,education,1
46183,48834,660,28,0.35,2,2,home,0
12871,44435,748,18,0.41,8,5,personal,0
29763,107212,480,24,0.16,3,7,home,0
12916,75797,429,3,0.13,1,4,auto,0
9734,63554,448,18,0.25,11,7,home,0
34613,74555,771,12,0.55,9,0,auto,0
29179,105350,799,26,0.46,17,7,auto,0
36262,34716,654,18,0.39,7,1,personal,0
13677,80261,510,1,0.45,4,6,business,1
19268,47528,329,27,0.44,13,1,home,1
13330,21995,323,8,0.26,5,2,auto,0
21733,42414,521,7,0.12,12,4,auto,0
38947,33844,700,20,0.68,5,9,auto,0
28286,56659,811,13,0.47,11,6,education,0
7610,35522,387,29,0.54,2,8,home,1
7430,125449,764,28,0.37,4,4,home,1
40922,149632,349,8,0.58,10,0,auto,1
14828,94034,402,12,0.46,7,2,home,1
43913,62322,667,17,0.09,12,4,home,0
32497,87638,791,5,0.67,8,2,education,0
40256,121334,567,22,0.26,16,7,auto,1
37618,28524,696,21,0.15,2,7,home,0
47332,50846,619,2,0.11,3,0,business,0
27526,93643,819,9,0.55,17,7,auto,1
31158,80096,748,29,0.54,15,3,home,0
26032,134930,775,9,0.54,18,5,education,1
38846,103804,539,9,0.69,10,9,business,1
45936,67703,557,8,0.29,2,7,personal,0
30794,44399,689,29,0.44,17,1,personal,0
6448,95160,642,11,0.48,16,7,business,0
29861,112662,686,23,0.74,7,6,personal,0
29141,108667,693,7,0.27,19,3,business,0
10074,143182,569,23,0.72,16,4,home,1
7406,68591,448,8,0.15,1,5,personal,1
32823,40714,679,16,0.58,4,2,personal,1
24291,126167,327,7,0.49,13,1,business,0
42568,55877,448,17,0.62,10,1,home,1
33003,104106,719,19,0.07,11,3,home,0
47851,98018,579,16,0.1,19,6,auto,1
35406,119854,481,27,0.1,15,0,auto,0
24312,79136,465,5,0.47,11,0,home,0
44108,53414,316,9,0.47,3,3,business,0
2382,140832,449,0,0.68,2,8,education,1
35171,106576,638,27,0.38,11,4,education,0
42779,98943,344,20,0.1,10,0,auto,0
4292,143592,801,24,0.2,3,2,personal,0
42779,65468,488,0,0.06,5,5,education,1
34187,118841,360,8,0.59,15,2,personal,1
13411,99702,593,19,0.62,4,5,personal,1
38285,92108,332,2,0.75,17,5,home,1
16422,118538,598,23,0.34,1,4,education,1
43468,112508,714,5,0.06,1,9,education,1
33371,66835,848,6,0.21,12,4,personal,0
6693,83333,730,8,0.46,10,8,personal,0
34535,62464,794,4,0.72,9,2,home,0
15818,132454,399,28,0.12,9,9,business,1
32238,42923,322,15,0.14,14,6,education,0
31874,136062,719,1,0.54,19,3,education,0
27715,81855,723,2,0.52,10,1,home,0
28605,87445,786,2,0.23,3,9,home,0
35317,143795,388,19,0.62,17,2,business,1
32174,130454,508,25,0.14,3,2,personal,0
10956,141906,570,22,0.7,12,2,education,1
39908,118384,705,27,0.19,15,2,personal,0
11837,87619,577,9,0.11,5,9,education,0
4716,66146,505,21,0.29,15,5,home,0
5481,80032,627,2,0.18,16,5,home,0
25282,133521,635,14,0.42,9,8,home,1
7548,136378,337,13,0.53,8,7,business,1
38605,37140,527,22,0.39,11,9,education,0
8758,22670,782,3,0.51,9,6,home,0
44668,56519,433,9,0.31,16,1,business,0
24177,64512,689,10,0.07,14,9,personal,0
25022,77811,724,10,0.73,15,1,business,0
41761,123565,809,7,0.62,14,0,business,0
6542,34691,726,22,0.1,10,6,auto,0
26476,125156,773,22,0.36,13,6,personal,0
31784,54262,660,8,0.49,1,0,auto,0
23740,74892,510,7,0.18,9,5,education,1
25817,45595,478,11,0.45,17,6,business,1
48596,77207,357,16,0.42,17,0,business,0
17052,148590,372,22,0.2,10,5,business,0
36153,135589,514,14,0.15,13,9,business,0
48076,53440,372,18,0.58,18,8,auto,1
1671,28630,766,27,0.28,13,0,education,0
1163,51250,570,19,0.22,13,1,auto,0
42424,114334,798,5,0.57,10,1,business,0
45002,149228,653,4,0.57,7,9,education,1
5795,128572,533,7,0.24,7,2,personal,1
11634,118748,618,17,0.66,9,3,auto,0
5798,127461,318,20,0.53,16,6,home,1
23420,97518,671,20,0.29,15,2,personal,0
30300,94191,483,14,0.35,3,6,personal,1
25345,84791,576,2,0.56,13,4,business,1
11749,104118,444,13,0.2,11,4,business,0
39595,120591,380,25,0.38,8,6,personal,0
26121,83753,621,14,0.51,6,6,auto,0
38487,130261,734,12,0.43,10,6,education,0
29411,80520,342,20,0.48,17,8,auto,0
34361,24008,612,19,0.43,9,0,auto,0
22223,64464,592,26,0.19,14,0,personal,1
8394,127408,368,20,0.34,13,2,auto,0
15056,20496,355,25,0.42,1,5,education,1
29380,119767,503,8,0.6,19,1,personal,1
27035,148747,719,22,0.51,9,8,auto,1
31620,43212,849,16,0.35,17,0,business,0
20877,40637,542,18,0.73,15,4,auto,1
44404,65227,500,24,0.13,5,6,personal,0
31911,102413,773,3,0.19,4,9,personal,0
33784,139753,826,19,0.29,4,2,business,0
4191,140118,376,9,0.21,15,1,personal,1
34160,103346,777,21,0.49,5,2,home,0
26000,29884,739,2,0.08,17,6,personal,0
40040,136481,562,18,0.17,7,0,auto,1
4631,88259,484,8,0.26,6,7,education,0
7172,69810,354,28,0.53,15,2,auto,1
43080,149926,607,4,0.66,14,4,personal,0
24561,24761,815,13,0.61,10,9,home,1
25817,93166,598,6,0.18,6,4,auto,1
21281,147342,529,20,0.45,10,5,education,0
29671,36375,676,5,0.07,9,6,auto,0
26364,127045,585,23,0.27,13,0,business,0
42674,45218,437,7,0.61,14,5,home,0
28425,50565,777,1,0.37,1,1,personal,1
29602,122654,306,26,0.15,1,9,auto,0
24253,52975,718,24,0.36,19,2,auto,0
24472,47073,771,25,0.19,9,4,auto,0
9080,89726,719,27,0.33,5,0,auto,0
8099,21883,575,27,0.39,17,6,education,1
26431,88422,389,27,0.29,16,0,business,1
32186,69629,581,13,0.71,12,7,business,1
48684,84170,847,21,0.44,5,5,home,0
31111,94489,470,6,0.64,6,0,home,0
40851,28381,654,2,0.58,11,6,education,1
23614,43238,503,19,0.51,19,9,business,0
27724,33795,588,21,0.4,6,2,home,0
42991,115964,761,22,0.05,10,6,personal,0
5940,82999,472,5,0.48,15,7,business,1
29758,69907,600,20,0.3,18,9,auto,0
37224,29638,828,13,0.13,7,2,business,0
8788,90467,439,11,0.36,3,4,personal,0
29082,62623,577,17,0.56,16,9,auto,1
25034,58492,810,11,0.72,13,1,business,0
36479,46411,645,6,0.31,17,1,auto,0
12280,130724,439,4,0.43,4,0,auto,0
19052,40534,413,11,0.65,19,2,education,1
17531,122364,806,8,0.28,4,3,personal,0
23804,49181,665,28,0.15,12,2,education,0
29903,123069,696,10,0.25,4,7,business,1
45857,39996,410,3,0.68,17,0,auto,0
11142,92089,657,13,0.16,18,4,business,0
49355,125682,537,25,0.28,6,6,business,1
10866,103609,302,11,0.38,19,8,education,1
5531,136004,703,17,0.64,5,0,business,0
46454,92666,324,6,0.71,2,8,personal,1
39098,49405,808,22,0.35,11,8,auto,0
39278,121490,764,0,0.7,13,3,home,1
29138,146900,360,26,0.16,5,9,personal,0
28065,91325,807,29,0.16,8,4,home,1
30956,48930,422,12,0.71,11,5,home,0
42732,134426,796,15,0.41,4,3,education,0
40261,37529,354,4,0.18,18,5,home,1
11759,73546,462,18,0.39,15,4,auto,1
6439,27942,338,24,0.6,5,2,education,1
48241,27548,382,8,0.63,12,2,personal,1
43533,135248,845,22,0.65,4,8,personal,0
29270,38296,412,27,0.45,4,4,personal,1
14279,71016,724,8,0.66,9,2,business,1
40279,117780,529,11,0.41,9,7,education,0
45251,20296,582,17,0.47,14,7,education,1
24888,87945,586,26,0.58,8,2,education,1
18630,79980,454,25,0.35,1,6,auto,1
36144,76782,464,23,0.1,11,8,education,0
32182,54229,481,25,0.3,4,2,auto,1
26538,116382,538,9,0.49,17,7,personal,1
12824,73444,638,25,0.18,17,0,business,0
33125,55036,811,28,0.15,19,2,home,0
7979,135682,565,16,0.26,13,3,business,0
27189,149114,486,18,0.07,19,2,business,1
43600,59322,339,23,0.57,17,8,business,0
13504,134695,792,10,0.23,12,9,home,0
21669,47167,690,15,0.14,14,4,auto,0
7910,71667,559,7,0.54,9,2,personal,1
47857,114527,475,29,0.64,12,2,home,0
35964,103337,628,25,0.06,17,1,personal,0
21131,71468,499,23,0.21,16,9,auto,1
26227,92894,495,26,0.71,12,5,personal,0
6978,73084,830,14,0.32,10,8,auto,0
22991,83138,361,27,0.71,2,6,home,0
18153,42588,626,10,0.24,3,1,home,0
34548,82901,580,6,0.2,5,8,personal,1
43676,37671,526,1,0.2,16,2,personal,1
40071,145724,357,18,0.11,13,6,business,1
48454,103038,776,8,0.68,18,9,business,0
4983,110664,675,17,0.74,2,6,personal,0
10503,51645,542,12,0.72,1,3,business,0
30921,27637,666,22,0.65,9,3,personal,0
17905,20660,799,0,0.64,18,1,education,1
46838,127211,551,18,0.51,5,1,business,1
24953,26922,621,12,0.63,3,1,personal,1
27806,113697,675,13,0.2,5,4,education,0
46000,64721,708,16,0.32,12,2,business,0
23168,77256,787,21,0.5,8,9,home,0
5583,141025,642,19,0.66,8,6,personal,0
39714,137217,539,0,0.51,7,6,home,1
40896,89506,438,4,0.64,2,5,business,0
12889,88943,421,29,0.38,1,7,education,0
28413,144338,719,19,0.55,1,3,personal,0
13275,47843,603,13,0.74,8,8,education,0
3461,29046,414,26,0.16,17,9,home,0
15291,109336,642,25,0.7,5,9,personal,1
47804,83985,550,29,0.42,14,4,home,0
12435,100083,306,26,0.5,8,3,home,0
28935,123064,478,25,0.66,18,2,education,1
34453,116925,444,17,0.34,7,8,business,1
19544,146417,715,12,0.34,14,3,home,0
13258,136585,420,22,0.42,14,8,home,1
31841,50346,423,11,0.06,6,0,auto,0
49758,108284,449,14,0.4,3,4,education,0
11736,143152,696,23,0.25,14,0,home,0
38643,131769,680,3,0.7,14,8,auto,0
44950,122391,300,8,0.11,3,6,education,1
35964,111384,543,2,0.37,10,9,personal,1
29044,73526,697,28,0.71,9,8,business,0
40933,93143,550,21,0.68,7,4,education,1
16997,56787,598,10,0.54,7,9,home,0
15215,53583,596,29,0.46,7,8,auto,0
34069,32563,799,14,0.25,12,3,auto,0
24911,66060,414,15,0.31,4,2,personal,0
18030,149537,300,29,0.11,13,1,auto,0
30334,141943,781,6,0.6,3,3,home,0
15571,134462,809,6,0.28,9,2,education,0
43719,53690,634,21,0.52,13,8,personal,1
29927,131233,764,8,0.3,1,7,business,0
21714,114712,440,16,0.38,6,0,business,1
44541,34925,436,12,0.44,8,1,home,0
24387,106787,466,8,0.61,17,2,personal,0
29444,103184,642,28,0.2,18,5,personal,0
49908,40108,709,8,0.33,4,4,home,0
20921,96515,364,19,0.14,12,4,personal,1
14057,88258,366,28,0.1,16,5,auto,0
46268,25355,732,27,0.47,18,7,auto,0
25858,66069,349,11,0.18,10,0,home,1
49689,114335,613,20,0.09,4,4,home,1
45638,120854,608,18,0.68,2,5,auto,1
27062,74471,414,22,0.42,15,9,education,1
37850,52705,641,14,0.14,9,5,home,0
47486,63909,829,17,0.09,15,8,auto,0
21567,108606,794,7,0.13,5,9,education,0
30739,148501,568,24,0.38,19,6,education,1
44285,136361,379,5,0.52,3,3,auto,1
4754,73739,755,24,0.5,17,6,auto,0
28044,96820,598,5,0.15,13,6,personal,1
2724,107273,501,2,0.49,3,5,education,1
2376,43241,802,25,0.33,4,7,business,0
9706,47414,784,2,0.38,18,7,personal,0
9894,70818,317,1,0.61,3,9,personal,0
19037,40895,777,4,0.28,14,5,education,0
19450,112307,787,28,0.15,16,1,education,0
17406,82409,745,29,0.66,12,4,education,0
30725,75324,639,19,0.2,11,0,home,0
6926,86920,830,11,0.26,2,9,auto,0
40019,73555,415,5,0.54,1,9,auto,0
10496,138642,373,15,0.53,13,9,auto,0
37068,85453,568,4,0.61,18,8,education,1
30806,42689,415,5,0.18,18,3,personal,0
23663,84356,463,3,0.3,13,0,education,0
42321,113011,521,13,0.14,4,2,education,1
37495,28252,425,28,0.43,1,9,personal,1
23656,50844,475,2,0.25,15,1,business,0
26860,115687,674,16,0.53,17,8,home,1
17832,125542,797,4,0.05,6,6,business,0
39787,43365,384,21,0.09,5,9,education,0
49231,26026,682,20,0.35,1,9,auto,1
22727,118303,762,20,0.72,16,5,auto,0
43815,48523,750,27,0.67,14,3,personal,0
30545,141297,817,5,0.75,5,3,education,0
45522,30482,849,19,0.34,3,6,personal,0
3520,132105,415,29,0.08,3,7,personal,1
4081,68888,307,27,0.26,12,3,home,1
35196,133884,517,3,0.52,18,6,personal,1
37735,126968,703,26,0.14,9,2,education,0
40213,70110,603,12,0.26,17,8,home,1
15566,110644,766,7,0.09,17,2,auto,0
15042,20493,387,10,0.38,18,2,home,1
26498,76194,309,23,0.2,3,9,education,1
12329,102001,607,27,0.11,18,1,business,0
32656,59767,733,18,0.34,15,2,home,0
3159,49550,463,22,0.3,1,7,business,0
38900,33833,538,4,0.43,3,1,home,1
20363,22970,616,4,0.57,7,0,home,1
48701,118315,634,27,0.13,10,4,personal,0
44241,115494,317,28,0.6,9,7,business,1
20033,142512,370,2,0.07,9,5,business,0
11805,147424,474,1,0.36,8,1,home,0
36851,133855,638,28,0.46,6,8,education,0
27832,102681,547,2,0.72,1,3,education,1
14944,121489,492,14,0.45,16,2,business,0
20873,69177,718,6,0.16,10,3,personal,0
41372,87342,624,2,0.41,11,2,personal,0
24928,141339,605,14,0.33,12,7,education,1
16379,91200,503,10,0.39,3,0,personal,1
37751,81501,422,15,0.19,6,0,home,1
35546,48900,746,12,0.4,8,8,home,1
25286,34126,790,1,0.16,13,6,business,1
6110,131198,732,19,0.57,19,8,auto,1
13087,90690,427,11,0.47,8,2,education,0
24762,107744,847,20,0.1,13,2,education,0
18081,99303,346,28,0.67,4,1,auto,0
35947,105579,804,6,0.48,3,1,personal,0
10596,67994,414,0,0.27,3,8,home,1
39019,87061,715,13,0.08,12,1,home,0
43003,119064,522,23,0.49,5,3,education,1
19313,36978,802,9,0.31,6,3,education,0
48639,76344,395,2,0.69,18,8,personal,1
2013,66648,406,29,0.07,14,2,personal,1
24705,21055,331,10,0.08,5,9,education,1
2828,95582,792,21,0.71,11,1,personal,1
8909,121387,365,19,0.73,9,2,auto,0
39356,101214,478,29,0.07,17,8,home,0
14109,64876,742,20,0.55,12,4,education,1
3023,138363,848,25,0.21,1,4,auto,0
15537,112160,500,27,0.54,1,6,auto,1
27661,127954,348,14,0.66,4,0,business,1
39659,58725,562,5,0.12,18,9,education,0
34848,25255,432,17,0.22,17,4,business,0
38804,94947,643,12,0.07,12,8,auto,0
16379,73380,475,14,0.08,12,5,education,1
28766,134648,690,2,0.07,5,7,business,0
44590,73333,310,14,0.61,1,9,home,1
3563,62459,500,23,0.26,19,7,education,0
37060,136518,302,23,0.4,7,0,business,1
30197,56163,513,0,0.6,15,7,personal,1
4586,53971,606,9,0.4,14,5,education,0
17087,116771,843,23,0.35,3,3,personal,0
49868,85149,626,26,0.06,5,2,education,0
24225,147150,498,17,0.45,6,4,business,0
30750,104730,408,25,0.14,11,4,business,0
7643,39476,590,25,0.59,19,6,education,1
28523,88580,407,28,0.23,2,8,auto,1
37727,140759,707,7,0.52,12,0,business,1
12005,125576,351,11,0.5,14,8,education,0
44543,106593,411,25,0.48,9,2,education,0
1161,89050,594,4,0.24,16,5,home,0
17029,95526,488,0,0.24,17,5,personal,0
15226,124496,364,7,0.65,17,3,home,0
29731,129071,764,27,0.06,2,1,personal,0
44922,134832,557,4,0.18,10,4,personal,1
45848,27507,630,16,0.48,11,2,home,0
4390,90393,800,14,0.62,3,3,auto,0
6997,32118,509,3,0.3,2,5,education,0
13693,70529,388,12,0.51,4,6,business,1
43092,88682,327,16,0.44,8,1,education,0
1541,111937,537,12,0.1,19,2,home,1
22817,74176,635,24,0.49,18,6,auto,1
38861,135481,362,25,0.62,1,4,business,1
14428,111713,799,1,0.74,2,3,business,0
44934,124060,840,23,0.07,8,3,auto,0
49831,24414,768,3,0.51,10,8,business,1
11258,103030,350,24,0.34,19,8,business,1
17044,140360,411,1,0.06,7,9,auto,1
30411,105973,600,11,0.48,17,6,home,1
6469,82137,389,18,0.14,3,0,home,1
29854,23937,528,17,0.31,15,0,business,0
7256,56731,449,9,0.23,4,2,home,0
11720,106862,437,29,0.3,17,2,home,1
34937,58665,434,4,0.39,11,6,business,0
34598,94510,756,10,0.3,6,1,business,0
2651,132681,793,0,0.44,17,7,home,1
20194,37500,826,27,0.22,10,0,personal,0
26051,134360,632,2,0.49,1,7,auto,0
28386,21750,661,16,0.65,18,8,home,1
10518,85018,473,25,0.21,14,4,home,1
47026,145456,512,14,0.41,19,3,personal,1
17184,24027,642,13,0.5,18,5,education,0
34787,129832,360,23,0.45,1,5,education,0
22621,25745,360,14,0.31,1,7,auto,0
11028,81731,823,15,0.5,9,7,business,0
13448,106984,515,27,0.07,14,0,home,0
46253,127983,722,3,0.31,3,8,personal,0
35051,48451,722,18,0.42,12,9,business,0
31447,113743,670,23,0.06,17,0,business,0
19394,91474,505,28,0.41,17,2,education,0
35501,81536,585,24,0.51,2,6,home,1
31254,32150,404,7,0.58,6,4,auto,0
19509,33406,842,5,0.13,1,5,personal,0
49998,39781,541,15,0.74,12,7,home,1
15472,77417,790,29,0.47,4,3,business,0
46657,136047,797,2,0.3,16,3,business,0
4471,143971,734,7,0.22,11,7,auto,0
42796,123157,783,28,0.45,10,2,education,0
31268,38325,746,4,0.67,8,5,auto,1
9329,88684,683,4,0.41,2,3,auto,0
35865,114415,809,11,0.51,8,5,home,0
47850,134547,469,24,0.3,1,3,education,0
47698,93469,622,0,0.32,7,1,business,0
29272,29436,773,6,0.25,14,9,education,0
43845,37669,531,23,0.54,4,2,home,1
7397,147385,658,10,0.3,17,7,home,1
33373,92010,574,9,0.18,2,0,auto,0
36525,132983,331,2,0.31,2,9,home,1
25570,96764,476,7,0.65,8,5,education,1
19284,119074,364,0,0.57,7,8,auto,1
19994,21843,326,7,0.28,8,0,auto,0
24284,85609,778,22,0.68,17,3,auto,0
18833,70812,567,19,0.1,17,6,education,1
26122,36059,365,10,0.08,7,5,auto,0
6017,106269,432,6,0.14,5,5,personal,0
17370,141790,665,25,0.13,15,8,personal,0
30252,60768,381,29,0.11,2,7,education,1
8999,45395,627,26,0.51,11,4,business,1
23436,40202,397,15,0.47,17,1,business,0
43963,33273,626,6,0.5,13,2,auto,0
3096,68889,841,12,0.53,4,9,education,0
49201,118635,424,9,0.58,18,2,auto,1
26279,136109,509,28,0.2,14,3,auto,0
44363,93048,432,27,0.49,19,1,personal,0
49709,113767,802,16,0.46,3,7,home,0
27201,108810,456,2,0.71,4,7,education,1
20715,123235,681,6,0.21,9,7,home,0
30309,144571,321,10,0.09,14,9,personal,1
16078,65510,718,12,0.51,17,4,home,0
6105,107945,771,4,0.57,2,9,personal,1
30312,131730,533,24,0.25,14,5,business,0
3839,139096,753,22,0.45,16,5,personal,0
4384,90649,461,18,0.09,19,6,education,1
44619,126723,600,14,0.72,16,0,business,0
43821,22881,605,0,0.13,11,9,auto,0
14493,65913,301,4,0.1,14,2,education,0
18069,131860,570,29,0.08,7,2,education,0
47907,104785,720,12,0.35,5,6,education,1
8531,85037,442,9,0.12,8,5,home,0
38051,82457,834,28,0.57,17,8,home,0
8736,55343,336,4,0.68,14,8,auto,1
8710,82389,406,22,0.23,10,8,home,1
2619,98250,596,29,0.49,12,3,education,1
14975,124489,396,0,0.08,5,2,personal,1
46603,28656,580,9,0.32,8,3,auto,1
24252,25741,409,17,0.26,12,2,auto,0
16261,36661,848,26,0.21,4,6,education,1
2431,117091,487,21,0.5,13,2,business,1
10067,48690,787,7,0.14,17,0,home,0
38481,52833,653,19,0.65,5,7,business,0
28037,122566,318,2,0.52,6,5,education,1
10557,91240,692,18,0.55,9,4,business,1
10435,133659,560,18,0.7,5,7,education,1
38766,126898,709,1,0.71,2,7,home,0
1162,97711,702,16,0.44,3,2,home,0
35742,77141,783,15,0.4,11,2,auto,0
20675,98232,603,20,0.28,10,9,business,0
9461,59023,317,9,0.55,3,6,business,1
18015,60209,483,20,0.43,9,2,business,0
33591,113590,704,15,0.7,8,8,business,0
29047,146324,430,4,0.22,16,7,personal,0
35782,106612,778,19,0.27,2,7,auto,1
10833,100522,307,2,0.27,10,8,auto,0
8896,131654,617,27,0.61,14,7,personal,0
33972,34440,690,2,0.12,5,3,business,0
42800,139107,818,1,0.37,1,6,personal,1
31508,27960,435,20,0.35,13,5,business,0
6347,42462,830,3,0.1,4,0,personal,0
31314,145919,666,21,0.34,9,4,auto,0
3643,37821,788,17,0.41,16,1,personal,0
41785,77772,310,1,0.1,19,8,education,1
19681,47258,745,23,0.41,14,2,business,0
39328,112889,413,5,0.72,8,6,personal,1
16892,108952,495,2,0.74,10,1,business,0
48299,82524,622,20,0.42,1,6,home,0
18073,42115,811,2,0.41,5,3,business,0
37768,138066,464,26,0.25,15,5,personal,0
31682,66433,551,1,0.75,8,8,business,1
33262,110504,343,2,0.24,10,7,education,0
32358,108267,769,16,0.37,6,8,education,0
15289,108321,788,13,0.05,15,4,personal,1
8927,124933,480,6,0.29,15,4,personal,1
49330,99364,376,21,0.1,10,3,business,0
2171,90077,673,20,0.57,19,8,auto,0
12918,60644,366,5,0.44,4,9,education,0
42903,82643,824,7,0.45,6,7,education,0
40110,33311,391,18,0.25,15,5,home,0
12929,143221,543,18,0.62,6,9,home,1
3539,143012,640,11,0.05,18,5,auto,0
37727,149466,603,4,0.28,11,5,education,0
46951,50531,697,4,0.51,12,5,personal,1
23669,34588,747,13,0.69,8,6,education,0
6432,69416,396,26,0.21,14,5,personal,1
21644,32380,630,16,0.43,4,7,personal,0
19745,62645,504,15,0.43,18,6,auto,1
29228,37818,748,3,0.66,6,1,education,0
35521,50857,717,24,0.09,6,9,business,0
32703,41711,376,7,0.35,19,3,education,0
27928,25097,848,2,0.18,2,6,education,0
19322,136348,724,20,0.07,4,1,home,0
23360,48393,728,4,0.15,5,3,auto,0
30055,42076,784,22,0.73,15,1,business,0
43891,104274,434,23,0.2,3,1,business,0
17376,77609,553,24,0.7,16,6,business,1
7588,49317,554,6,0.19,13,1,personal,1
26000,124765,798,17,0.7,12,3,auto,0
7304,78480,783,23,0.51,9,6,home,0
8345,27044,345,7,0.13,11,5,personal,0
30300,91033,742,10,0.46,8,3,business,0
25259,139237,303,28,0.27,7,8,personal,0
26470,75486,300,13,0.32,4,4,personal,0
24017,75162,589,17,0.36,2,1,business,1
16352,99287,408,12,0.35,19,6,business,0
34365,49882,759,5,0.51,12,9,home,0
20446,74078,565,12,0.59,3,1,auto,0
3336,78734,437,25,0.28,19,7,education,0
10879,127608,733,0,0.7,3,6,education,1
33316,128730,343,10,0.71,19,8,education,0
34340,63826,809,6,0.08,19,5,home,0
8521,107985,561,9,0.06,7,6,personal,0
7171,64028,451,1,0.35,14,9,business,1
24481,71331,512,15,0.46,4,8,auto,0
19474,139655,533,4,0.24,6,6,education,1
47760,118938,660,15,0.23,14,8,auto,1
45629,138319,619,29,0.52,8,7,auto,1
46232,52543,521,22,0.47,18,4,business,1
22008,144279,509,25,0.17,15,6,home,1
2633,49362,695,15,0.67,19,6,business,0
13485,47315,788,26,0.53,18,0,home,1
44617,47746,763,14,0.3,15,3,personal,0
4648,30057,751,8,0.53,12,4,auto,1
48945,131649,712,29,0.13,18,5,education,0
14140,62915,775,0,0.38,5,6,auto,0
18921,41061,555,8,0.17,15,4,business,1
15357,71370,449,10,0.08,9,1,home,1
47136,54157,426,4,0.29,8,4,personal,0
4137,131375,691,5,0.16,8,4,personal,1
1097,31322,779,29,0.49,3,6,home,0
12407,89812,696,7,0.52,13,2,home,1
31575,97842,701,14,0.15,13,0,home,0
13722,54017,573,26,0.07,12,5,personal,1
13924,76792,438,15,0.6,15,6,auto,1
4750,47742,402,29,0.05,14,9,auto,1
28733,117136,541,17,0.29,1,7,personal,1
9535,84808,416,11,0.4,2,6,education,0
25487,140400,513,22,0.62,4,6,business,1
31651,149198,783,27,0.64,13,6,personal,1
5666,37629,828,3,0.56,10,0,education,0
49777,148614,523,24,0.22,13,8,business,0
17994,28245,569,21,0.55,1,8,auto,1
2727,116950,433,15,0.22,11,6,home,1
35622,63870,413,22,0.2,18,8,business,1
11800,115634,740,10,0.43,9,3,home,0
38823,84829,664,21,0.53,6,6,education,0
44039,134530,531,26,0.09,13,1,personal,0
19708,30588,757,23,0.09,5,5,personal,1
13819,20442,674,21,0.6,10,1,home,1
10369,125280,506,6,0.65,5,9,business,1
10283,122979,819,23,0.47,10,2,business,0
31573,97339,767,14,0.35,5,0,education,0
14171,60721,742,16,0.64,11,6,personal,0
31933,57145,620,14,0.56,5,1,home,0
6774,30599,392,9,0.46,5,2,auto,1
7519,92594,707,27,0.27,17,0,personal,0
11983,102742,457,3,0.19,5,2,personal,0
31932,97430,398,21,0.34,1,3,education,1
31798,22939,524,16,0.25,13,6,personal,1
19133,141784,740,3,0.29,4,5,education,0
15939,42149,700,21,0.41,8,0,education,0
1781,147616,363,22,0.17,6,3,auto,0
28624,86567,578,28,0.61,15,8,business,0
7823,30208,818,21,0.15,15,2,personal,0
19489,86098,547,10,0.39,16,5,education,1
40961,129034,667,3,0.57,9,1,education,0
30118,69492,397,11,0.39,5,4,business,0
35881,40951,567,28,0.3,16,8,business,1
17280,68920,359,22,0.38,7,1,education,0
23263,66766,799,9,0.64,3,2,personal,1
14565,77014,607,13,0.74,10,1,personal,0
21354,48351,792,17,0.49,16,1,personal,0
43951,104216,710,5,0.61,12,5,business,1
26643,69386,439,4,0.06,9,5,personal,1
24648,107122,627,1,0.67,16,4,personal,0
42971,29308,763,24,0.72,9,1,personal,0
19658,79252,462,12,0.45,7,0,business,1
22253,95145,359,22,0.58,11,2,home,1
49563,115031,330,13,0.41,17,2,home,0
27390,103211,632,2,0.25,10,8,personal,0
24128,48064,375,22,0.65,15,3,home,0
14489,73879,616,10,0.47,10,8,personal,0
39314,146534,716,26,0.46,2,0,business,0
33658,28720,489,21,0.51,16,2,personal,0
7852,146204,788,22,0.65,7,0,auto,0
30450,62940,614,3,0.56,15,5,education,1
3551,99993,595,12,0.2,17,0,business,0
7411,88475,800,28,0.38,13,1,auto,0
34243,67113,476,25,0.74,19,8,auto,1
22800,68926,514,28,0.44,8,0,education,0
11403,58203,631,7,0.71,9,3,auto,0
8239,108901,427,7,0.62,19,5,education,1
7710,25392,568,22,0.52,17,1,personal,1
22384,45905,834,12,0.29,10,0,business,0
22038,93508,665,22,0.26,14,3,business,0
41846,70385,647,9,0.5,12,2,business,0
23447,50653,441,12,0.35,7,6,education,0
3285,111865,444,12,0.61,9,6,education,0
38991,104720,544,23,0.58,18,9,auto,1
14521,145813,741,16,0.27,7,6,business,1
48657,34799,589,5,0.54,4,8,auto,1
7971,80103,411,1,0.4,8,8,personal,0
30139,137463,513,16,0.28,18,3,auto,0
20909,35052,499,11,0.34,15,8,business,0
12531,26044,704,25,0.68,7,6,education,1
15721,39871,720,22,0.3,8,5,auto,0
20206,109303,306,5,0.25,1,8,auto,0
38711,132719,824,4,0.3,11,3,education,0
7530,40234,585,4,0.2,10,0,education,0
12116,145407,688,24,0.43,5,5,business,0
1258,41381,715,8,0.15,2,0,personal,0
1282,37274,449,27,0.62,2,9,business,1
14937,132162,727,27,0.21,19,8,auto,0
2898,107840,592,21,0.47,16,4,business,1
5135,144945,633,28,0.14,11,1,business,0
7629,103108,571,2,0.73,14,7,education,1
44936,123948,342,22,0.37,5,9,personal,0
20584,147177,767,19,0.63,4,5,personal,0
24551,69892,618,4,0.59,19,2,business,0
34380,70521,791,6,0.55,10,1,education,1
47971,111501,826,11,0.63,9,9,education,1
18071,103920,471,6,0.12,18,3,auto,0
21074,103391,620,9,0.52,5,0,home,1
26188,37920,343,7,0.24,17,0,auto,0
3307,36702,831,16,0.6,18,4,auto,0
40901,145144,753,4,0.72,1,9,auto,0
12205,123457,382,14,0.68,14,8,home,1
6906,21894,842,27,0.13,14,4,education,0
3591,50985,621,8,0.31,14,5,education,0
16149,48287,533,22,0.31,1,9,personal,0
45918,147699,839,10,0.14,4,8,personal,0
40951,145702,551,27,0.12,7,2,business,1
26150,93527,748,12,0.32,12,3,business,0
32852,35439,538,17,0.74,13,1,business,1
43870,148676,789,16,0.45,15,3,personal,0
2283,114620,763,23,0.49,2,7,personal,1
34691,62235,613,8,0.38,14,1,auto,0
2125,47659,474,9,0.51,12,3,education,0
2529,44976,479,4,0.72,13,7,personal,0
27170,124239,684,29,0.46,14,6,home,1
9438,102643,594,10,0.1,3,8,auto,1
21095,87865,514,21,0.4,13,1,home,0
17154,127631,374,14,0.74,8,3,home,0
9004,88306,643,1,0.32,16,8,education,0
10752,76697,441,26,0.47,6,5,home,0
44360,90382,498,20,0.12,11,8,home,0
27819,36651,470,27,0.15,15,8,home,0
37632,69044,705,19,0.66,19,6,home,0
27515,34633,527,23,0.26,2,6,auto,1
25217,99164,710,23,0.26,11,7,auto,0
24172,20569,361,13,0.32,9,1,education,0
33994,79900,626,4,0.73,4,9,education,0
16036,87509,432,26,0.11,17,6,home,0
12739,143425,488,23,0.62,8,5,business,1
33220,121126,655,5,0.29,16,6,home,1
10587,139148,370,25,0.64,1,5,home,1
45517,147522,562,21,0.74,10,2,education,0
31129,53038,605,28,0.29,7,4,personal,0
1645,69088,523,14,0.14,15,2,education,0
31930,93177,627,28,0.15,1,5,auto,1
17299,94466,373,3,0.58,16,2,education,0
31090,92216,810,9,0.15,2,1,personal,0
22953,86793,441,27,0.23,3,3,home,0
47443,93786,401,26,0.19,15,8,personal,0
27475,58138,364,18,0.3,18,0,education,0
19888,83310,492,8,0.1,15,7,business,0
44732,48757,361,20,0.65,4,4,auto,1
17087,90394,831,25,0.65,3,1,personal,0
47305,126885,540,9,0.34,7,8,education,1
47037,99027,709,3,0.48,19,1,home,0
10346,110830,599,21,0.5,8,2,education,0
1587,76151,494,29,0.57,7,0,home,0
13763,130740,753,3,0.41,4,0,business,0
42945,131174,600,5,0.41,10,1,auto,0
5079,69272,755,25,0.49,10,1,personal,0
37116,26908,501,7,0.54,15,5,education,1
21215,30844,601,15,0.29,18,7,education,0
26817,71455,636,7,0.28,10,3,personal,0
25765,123165,331,27,0.24,9,2,home,0
31112,88447,397,15,0.43,9,1,auto,0
26556,94527,490,5,0.3,16,0,business,0
19099,97108,840,16,0.43,17,7,personal,0
44553,63066,347,28,0.33,16,6,auto,1
46096,115229,549,0,0.64,6,1,education,1
7450,60004,525,29,0.1,5,6,auto,1
14230,58333,571,18,0.45,7,5,business,1
30009,141219,784,17,0.45,13,7,auto,1
6433,103029,627,16,0.32,8,5,education,0
34866,59697,479,16,0.34,1,3,business,0
40864,37634,322,27,0.61,10,7,business,1
19710,145520,669,11,0.25,1,0,business,0
12439,44561,544,11,0.66,14,9,education,1
42855,38033,459,5,0.68,15,0,home,0
17021,92887,672,6,0.51,6,3,education,1
7416,75063,584,7,0.59,2,0,home,0
7980,45921,820,2,0.48,7,4,home,1
19058,39340,749,16,0.42,19,8,education,0
12101,82781,435,20,0.73,5,8,auto,1
41718,34901,395,7,0.25,8,8,education,0
33602,30638,418,27,0.16,3,5,business,0
10122,58596,673,26,0.25,13,0,auto,0
13576,106914,573,29,0.48,6,9,personal,0
28516,64324,476,10,0.18,14,4,personal,0
23433,108356,576,19,0.69,7,9,personal,1
2089,110596,437,17,0.34,11,1,business,0
38346,52642,431,15,0.64,9,0,business,1
10127,142302,343,24,0.22,10,4,home,0
11487,45378,422,27,0.27,17,4,business,0
1155,70867,435,12,0.09,8,0,home,0
2958,93686,666,8,0.23,6,6,personal,1
11693,62875,672,18,0.39,11,2,education,0
40112,138171,425,6,0.71,3,5,education,1
39547,109595,738,28,0.32,6,1,business,0
29795,120061,350,16,0.5,17,8,personal,1
22447,103729,436,7,0.35,7,1,personal,0
37598,84377,457,7,0.08,6,1,home,0
42814,149267,355,28,0.4,13,0,home,0
26215,74691,727,2,0.1,14,0,personal,0
10794,140736,742,15,0.67,19,3,business,1
34209,129503,625,11,0.58,8,6,business,1
23424,113337,379,14,0.32,13,3,personal,0
48246,84303,773,20,0.5,9,4,education,0
38396,80839,676,3,0.13,5,5,education,0
7370,145200,632,22,0.54,11,4,home,1
10528,69063,474,26,0.63,7,4,personal,1
29276,111782,740,6,0.63,6,3,education,1
45333,148824,425,10,0.25,12,8,business,0
9179,98343,518,23,0.23,12,4,auto,1
49781,103071,577,4,0.41,6,8,auto,1
17843,25492,784,12,0.73,4,3,personal,0
24952,141399,440,10,0.69,13,8,home,1
34160,51357,409,4,0.3,12,4,auto,1
45898,91838,351,7,0.6,15,7,business,1
30516,52314,618,20,0.69,8,0,business,0
11449,68697,498,28,0.23,13,3,business,0
22125,90283,345,29,0.63,11,3,auto,0
8418,79567,804,28,0.24,11,1,education,0
23746,67006,839,16,0.29,11,2,business,0
3454,80011,813,10,0.19,19,7,home,0
18761,126706,316,18,0.4,17,7,personal,1
16223,30686,614,17,0.64,1,0,personal,0
7701,57449,735,27,0.42,13,1,personal,0
3597,81606,687,9,0.14,9,3,education,0
1141,38891,376,4,0.23,11,5,personal,1
3659,72115,670,28,0.44,9,2,personal,0
21980,121732,464,23,0.46,17,6,auto,1
10031,80719,323,24,0.45,7,2,education,1
16037,115464,334,24,0.1,8,7,education,0
47738,93030,813,0,0.58,2,5,auto,0
39429,56723,760,16,0.69,14,7,home,1
7142,49877,437,16,0.41,10,6,personal,0
13109,138393,564,0,0.55,9,4,home,0
23010,113517,632,24,0.69,1,4,auto,0
9787,34026,487,0,0.5,12,2,auto,0
43864,40422,362,22,0.52,14,3,auto,0
9472,29244,578,21,0.55,19,7,auto,1
24383,53481,841,8,0.23,11,4,business,0
5249,109180,470,26,0.46,9,8,auto,1
48717,129384,802,24,0.64,17,2,home,1
35518,141699,832,3,0.26,6,9,auto,0
19351,78031,598,8,0.68,6,2,home,0
5088,28521,500,13,0.48,10,7,auto,1
16282,21746,434,14,0.35,10,7,auto,0
20330,103127,571,15,0.49,17,6,business,1
43409,112254,834,15,0.33,14,5,auto,0
22778,135472,741,12,0.64,5,6,personal,1
25264,88232,386,13,0.39,3,6,business,1
6075,32012,330,21,0.68,11,5,business,1
11412,100224,420,20,0.41,19,8,personal,0
49454,43457,368,8,0.51,19,4,business,1
29365,90572,795,22,0.75,14,4,auto,0
8230,125431,445,8,0.15,15,5,personal,0
49200,49960,632,20,0.57,3,9,auto,1
12002,122022,780,3,0.15,3,3,business,0
14947,107695,562,9,0.64,9,9,education,1
14686,27910,592,2,0.47,11,9,personal,1
30304,22693,728,20,0.71,15,8,home,0
14074,135313,385,8,0.66,17,1,business,0
5493,35858,315,18,0.1,12,2,education,0
35228,48810,417,15,0.15,17,8,business,1
15140,40092,569,15,0.47,9,0,auto,0
32655,108779,694,16,0.41,13,4,auto,0
44472,68700,461,17,0.17,8,2,auto,0
7816,78105,403,9,0.14,6,2,education,0
12639,50505,466,20,0.44,7,0,auto,1
48192,93228,599,18,0.08,1,7,business,1
47733,48555,327,21,0.66,10,2,business,0
30492,91934,723,14,0.61,15,3,business,0
12240,92788,455,14,0.6,14,4,personal,1
33698,97257,623,10,0.06,4,4,business,0
27957,37939,647,7,0.08,4,1,auto,0
33808,31825,420,21,0.43,9,6,personal,0
6827,110787,827,15,0.75,15,5,personal,1
33762,122491,463,9,0.29,12,6,personal,1
9259,44151,361,8,0.29,9,9,personal,0
15849,148068,639,14,0.14,3,9,education,0
17232,20036,611,21,0.52,15,2,business,1
41572,113948,675,29,0.5,11,7,education,1
25173,103707,645,4,0.12,6,5,home,0
6374,59051,449,19,0.38,15,6,education,0
22174,118297,476,1,0.52,7,8,personal,1
24567,100738,653,21,0.4,19,7,business,0
36292,93596,813,15,0.52,14,7,business,1
10277,80071,608,17,0.62,4,2,auto,0
32600,93601,418,15,0.53,1,0,education,0
10885,49873,818,4,0.48,13,0,business,0
1778,56648,777,0,0.65,11,9,home,1
30165,91468,713,18,0.68,18,1,home,0
2492,46470,650,9,0.32,9,7,education,0
31462,85129,805,20,0.17,11,9,auto,0
14615,28328,494,28,0.62,6,5,home,1
45900,26333,486,12,0.2,16,5,auto,1
43946,140447,749,22,0.7,5,0,education,0
8851,141173,795,23,0.07,1,1,business,0
17288,66638,814,22,0.69,14,4,auto,0
8156,31268,572,22,0.46,19,2,home,0
3044,90603,351,10,0.59,6,1,auto,1
8368,133920,562,14,0.33,12,8,business,0
20900,130379,667,1,0.74,7,9,business,1
31600,37045,432,5,0.21,10,6,home,0
47403,60741,524,20,0.24,10,0,auto,1
26634,108306,609,10,0.09,13,0,auto,0
10168,62770,315,14,0.71,7,2,personal,1
21961,27887,494,8,0.37,19,9,home,1
45096,118718,742,11,0.52,1,5,auto,0
47087,117906,602,25,0.53,15,1,education,0
24852,125154,347,26,0.66,14,7,personal,1
34110,44918,420,3,0.52,13,3,home,0
33174,55497,798,27,0.44,7,7,business,0
35215,113562,768,22,0.55,12,6,home,1
27955,81009,340,26,0.58,8,1,education,0
7581,31929,755,23,0.18,15,8,education,0
45619,133292,833,13,0.13,17,4,business,0
7317,122201,670,21,0.1,12,5,business,1
43856,147121,481,2,0.31,13,1,business,1
46714,81762,816,26,0.4,8,2,personal,0
27649,120473,530,20,0.48,10,9,education,1
24132,99099,647,16,0.72,7,7,business,0
17789,136566,778,29,0.28,2,4,education,0
15567,48546,508,12,0.58,16,9,personal,1
15868,141142,577,7,0.42,4,0,personal,0
25370,98424,352,11,0.2,6,8,education,1
43533,57338,309,11,0.48,7,0,business,1
31483,145497,763,11,0.73,19,8,home,0
13466,54283,457,26,0.14,4,9,auto,0
29803,102494,318,1,0.41,10,5,education,0
19230,98170,354,28,0.09,4,6,personal,1
18862,104787,320,9,0.27,5,0,business,0
44355,66566,581,22,0.48,14,9,auto,0
32259,105464,839,8,0.64,11,0,education,0
34539,122781,716,0,0.56,2,4,home,0
22909,148279,584,28,0.37,9,1,home,0
31795,101991,831,3,0.69,12,9,personal,0
9770,112680,831,22,0.26,1,4,personal,0
12093,48013,810,13,0.58,15,4,personal,0
47571,72132,695,15,0.38,6,5,education,1
1193,143997,419,24,0.68,17,8,home,1
35775,107412,396,17,0.61,15,5,home,1
18569,112498,419,1,0.68,14,9,personal,1
12190,48084,836,5,0.2,19,0,personal,0
43752,127855,452,2,0.52,9,4,business,1
33327,41143,544,19,0.57,3,1,home,1
43070,111627,815,18,0.57,15,7,personal,1
21389,142772,692,12,0.4,17,6,personal,0
41197,34179,442,16,0.06,2,5,personal,1
3261,118343,803,13,0.23,4,1,business,0
29369,78726,519,29,0.28,14,2,home,0
27512,30222,459,21,0.65,11,8,home,1
7716,79965,375,10,0.64,12,8,home,1
22259,140061,331,15,0.12,16,6,business,1
29933,147941,633,10,0.71,12,1,education,0
42689,84068,824,28,0.18,2,6,business,0
5378,43949,739,17,0.34,7,0,auto,0
41583,36116,651,1,0.2,3,8,business,1
47546,71052,638,22,0.65,3,8,auto,0
20835,71369,699,20,0.57,13,5,personal,0
30033,68817,695,7,0.3,7,9,auto,0
25000,123100,501,13,0.53,5,0,business,0
46496,122910,829,1,0.18,5,7,education,0
11332,103203,392,12,0.32,6,5,home,1
43604,94311,657,9,0.31,13,8,business,0
3800,49655,695,7,0.22,7,8,home,0
30538,77802,359,6,0.66,2,6,auto,1
31119,67632,776,12,0.53,9,3,personal,0
9333,34193,300,25,0.25,19,0,personal,0
6410,100212,610,29,0.22,2,2,business,0
18839,50776,467,23,0.06,13,5,auto,1
31519,63225,491,26,0.29,8,0,auto,0
6808,80010,333,18,0.42,16,3,home,0
7796,102735,333,23,0.24,1,7,auto,1
22180,85451,716,14,0.54,11,7,education,1
44056,68812,457,21,0.34,8,5,personal,1
18709,100602,799,1,0.27,1,5,education,1
18543,38895,665,21,0.71,7,2,education,0
38418,85782,639,4,0.23,9,6,home,1
30075,41209,634,18,0.33,2,7,auto,0
38755,124820,626,0,0.32,19,1,home,0
48968,102336,413,6,0.22,6,4,personal,1
38465,131646,717,17,0.2,5,5,home,0
31502,81807,767,0,0.26,13,0,education,0
17724,43086,442,0,0.65,10,4,home,1
4828,105637,608,6,0.59,1,2,auto,1
18087,102027,700,27,0.53,18,2,home,0
13605,47207,619,16,0.37,14,5,auto,1
32337,127334,511,24,0.41,12,0,education,0
6482,40897,616,5,0.24,6,4,auto,0
28005,83083,484,19,0.1,14,4,auto,0
23760,115028,504,11,0.28,17,4,auto,0
6463,86957,663,19,0.4,7,2,auto,0
47628,117551,515,14,0.09,3,5,personal,1
5912,98506,545,12,0.11,17,0,business,0
5648,27283,538,11,0.23,10,9,personal,1
34623,114024,690,29,0.31,3,0,home,0
36634,101481,819,20,0.33,16,1,personal,0
45602,20255,576,1,0.13,6,3,personal,0
4112,141936,501,20,0.21,4,9,auto,1
23054,96555,513,17,0.23,9,8,home,1
5492,35487,777,27,0.1,7,9,home,1
23207,127333,807,3,0.28,16,7,education,0
16114,39346,374,9,0.1,6,9,auto,1
35285,55050,441,10,0.54,12,1,personal,0
17018,28744,621,29,0.32,3,0,education,0
22386,44756,760,20,0.28,12,3,education,0
18740,81596,445,5,0.14,14,4,personal,1
45199,103397,353,5,0.21,14,1,home,0
9210,45146,655,8,0.21,9,9,auto,1
45363,139640,576,19,0.74,4,5,auto,1
46639,75032,699,12,0.63,15,7,personal,0
13743,62687,815,29,0.06,7,4,auto,0
43092,66103,798,4,0.48,19,3,business,0
45299,41976,610,5,0.23,6,6,education,1
7588,82863,570,3,0.12,19,4,education,1
4311,141779,748,5,0.54,7,7,business,1
23432,20591,411,17,0.14,1,6,auto,1
34755,26277,538,27,0.36,7,4,home,0
4321,81860,443,12,0.49,3,7,business,0
16812,22260,673,22,0.44,6,0,business,1
38383,129443,319,2,0.73,6,7,education,1
49280,149505,588,29,0.6,11,2,home,0
14146,85883,496,9,0.59,2,0,home,1
14654,44741,681,3,0.3,6,8,auto,1
36820,139720,791,24,0.06,18,5,home,0
1726,57211,463,14,0.56,14,7,auto,1
4760,129392,548,11,0.75,12,9,personal,0
23190,147373,367,14,0.33,9,3,business,0
2875,61542,320,28,0.74,13,1,business,0
24377,26869,811,20,0.15,1,5,auto,0
47737,113618,689,24,0.26,8,1,auto,0
5033,107616,835,25,0.17,9,0,auto,0
39211,84732,410,28,0.38,17,6,business,1
18373,114515,759,25,0.61,13,6,auto,0
4744,39422,377,9,0.29,4,5,business,0
25995,55613,733,11,0.68,6,1,business,0
17977,77016,679,25,0.43,13,4,education,1
33402,80110,739,21,0.38,17,0,education,0
35542,108529,638,7,0.6,19,1,personal,0
11651,97922,723,20,0.12,8,4,personal,1
34703,54033,468,20,0.59,17,4,home,1
14395,65213,561,2,0.22,17,6,auto,1
30808,149633,528,6,0.25,15,4,business,0
37576,81993,460,17,0.47,1,5,home,0
17715,32938,726,26,0.68,2,1,education,0
45409,96695,421,27,0.45,10,4,business,0
25306,22274,448,2,0.5,16,7,home,0
20086,104390,410,14,0.59,4,0,education,0
15376,51815,520,1,0.23,8,9,personal,1
6889,96018,363,14,0.63,16,6,auto,1
38822,38961,653,12,0.34,7,7,auto,0
37636,40044,773,23,0.17,5,4,home,0
21584,119372,784,19,0.3,8,3,education,0
35610,41975,312,9,0.22,3,0,home,0
11058,34706,452,23,0.21,3,8,education,0
10101,25974,538,23,0.25,18,1,education,1
13497,149675,489,23,0.18,4,4,auto,0
5658,96464,385,23,0.52,4,6,personal,1
12381,41213,320,7,0.46,15,7,personal,1
41312,21950,618,15,0.5,15,9,business,0
41486,142971,457,27,0.29,4,3,education,1
47619,105013,780,24,0.59,2,9,auto,1
18154,30411,375,15,0.14,3,0,education,0
20539,148603,628,1,0.45,10,6,business,0
12777,107231,715,8,0.24,1,9,auto,0
35396,66156,502,7,0.42,18,8,education,0
31373,82744,528,10,0.28,5,0,personal,1
34154,37771,451,25,0.6,9,0,personal,0
7031,89810,371,0,0.67,6,6,business,0
28997,55053,524,29,0.57,19,8,personal,1
7439,137894,772,20,0.17,9,4,education,0
23785,72076,659,10,0.24,18,3,business,0
14392,27045,839,17,0.69,15,5,home,0
29669,77623,345,25,0.36,15,8,business,0
29939,49714,300,20,0.71,14,1,personal,0
3282,54386,544,28,0.32,3,4,auto,1
35624,129283,518,14,0.72,8,3,business,0
49438,28562,590,23,0.7,19,2,education,1
25364,75048,757,8,0.51,11,4,business,0
2998,113295,503,8,0.06,4,6,personal,1
32705,32026,501,0,0.33,15,2,business,0
39244,126147,781,6,0.69,10,2,education,0
10428,51589,810,11,0.67,11,5,education,1
38437,128199,577,26,0.18,9,4,personal,1
13336,117274,315,23,0.33,17,2,education,0
10342,46844,824,9,0.63,9,0,personal,0
40832,43447,655,18,0.45,9,9,business,0
8446,110415,655,28,0.64,9,1,business,0
39392,97502,377,15,0.63,2,2,home,0
8461,103268,366,5,0.69,13,3,personal,0
35587,74708,513,10,0.13,1,4,auto,0
11516,83925,748,18,0.15,6,9,personal,0
14749,90825,732,24,0.11,6,8,business,0
18514,71574,844,28,0.7,16,3,business,0
36426,105548,414,18,0.38,12,8,education,0
37268,38812,719,17,0.1,15,4,home,0
25950,121337,798,24,0.28,7,2,auto,0
35888,75309,679,14,0.3,2,6,home,1
37788,84230,442,26,0.62,12,7,personal,1
11213,61628,323,28,0.56,2,8,personal,0
37027,143379,838,15,0.53,4,8,business,1
29011,60581,374,13,0.07,3,5,education,0
43849,136102,834,7,0.69,2,8,auto,0
35591,66628,340,7,0.2,18,2,education,0
18858,108628,712,1,0.49,3,1,auto,0
19626,45105,714,5,0.09,10,4,home,0
14467,99830,748,12,0.11,12,6,business,0
40758,141323,735,12,0.06,4,6,education,0
4134,89157,538,20,0.45,7,5,personal,1
17743,52442,341,29,0.49,19,2,business,0
16434,146336,309,11,0.09,8,5,auto,1
48775,107235,564,1,0.25,3,0,business,0
11233,135442,744,20,0.65,15,2,personal,1
2141,22347,438,19,0.12,8,1,personal,1
19019,115022,495,24,0.2,18,3,auto,0
21384,67650,373,11,0.35,14,7,business,0
43903,37110,524,16,0.64,19,2,education,1
46734,82170,401,5,0.23,4,5,business,1
37129,24923,563,6,0.75,3,9,personal,1
23967,71801,460,27,0.3,9,0,auto,0
41603,82771,532,5,0.32,10,3,home,0
12172,144926,790,20,0.14,8,4,home,1
17390,101147,610,27,0.53,2,4,business,0
4267,68135,526,3,0.22,1,0,personal,1
40332,39199,572,20,0.49,4,8,business,0
27167,29066,616,8,0.21,16,4,auto,0
22312,121583,385,4,0.32,5,8,education,0
28840,72136,590,9,0.65,18,6,home,0
19990,112290,768,14,0.57,14,4,business,0
45179,56575,703,7,0.16,13,8,personal,1
6906,109796,726,22,0.48,16,4,home,1
49796,140787,674,3,0.49,15,9,home,0
41379,66733,551,25,0.11,19,8,education,1
18297,134427,832,4,0.38,4,4,business,0
3011,36991,606,6,0.23,19,0,education,0
45014,42553,729,5,0.38,13,6,personal,0
47558,109710,563,12,0.59,11,4,personal,0
12738,107493,367,18,0.16,18,4,business,0
29797,20634,406,9,0.14,11,5,home,0
48498,115417,699,14,0.24,1,5,auto,1
12120,32771,498,2,0.72,15,6,education,0
9767,145607,491,17,0.57,10,7,home,1
23852,135762,813,13,0.06,4,0,personal,0
14703,38298,741,2,0.33,6,9,personal,1
1929,99876,300,10,0.23,2,2,home,0
12951,118892,657,9,0.5,17,5,home,0
27039,55999,414,28,0.37,12,0,personal,1
49613,91887,496,16,0.73,5,4,education,1
30504,79648,573,12,0.2,19,4,education,1
18438,82668,459,24,0.46,6,9,home,0
49515,89374,472,1,0.54,17,8,business,1
6744,87509,844,27,0.63,19,1,personal,1
19284,132650,757,12,0.33,3,6,auto,0
43417,123348,732,18,0.53,8,8,personal,1
40748,95783,780,4,0.26,5,7,education,0
8069,64440,754,15,0.35,5,0,education,0
43359,51655,495,9,0.68,17,0,auto,1
20799,63039,608,11,0.71,19,1,education,0
34210,75255,793,19,0.55,19,0,auto,0
29226,92219,738,12,0.31,10,7,education,0
5652,74989,658,20,0.62,3,6,auto,0
25323,31244,335,15,0.07,13,5,business,1
43138,114594,333,21,0.12,16,1,personal,1
8597,78595,387,20,0.51,12,8,education,1
48093,59551,315,25,0.25,17,0,home,1
38226,83230,720,0,0.72,2,0,auto,0
7591,123898,425,21,0.36,16,1,auto,0
26833,48371,307,8,0.35,11,6,auto,0
12826,89358,771,15,0.52,1,9,education,0
27417,48878,767,18,0.59,12,0,personal,1
19693,56157,809,14,0.38,6,2,home,0
15138,25914,701,17,0.2,19,9,auto,1
3169,103700,475,21,0.59,5,7,auto,1
19556,47180,666,11,0.27,3,6,auto,1
23052,23688,787,13,0.17,18,7,auto,0
7313,100219,317,2,0.49,18,5,home,0
9315,98616,355,3,0.11,12,7,auto,0
9036,116489,334,5,0.73,18,4,home,1
32778,29916,646,15,0.49,10,8,home,1
28734,76363,331,27,0.74,4,9,auto,1
24173,115213,432,12,0.29,19,0,business,0
31403,47360,498,11,0.73,4,6,home,0
1785,57805,555,21,0.15,11,5,business,1
7139,33453,641,11,0.08,3,7,home,0
7344,146599,530,1,0.07,15,1,education,0
19800,42703,600,28,0.38,16,0,auto,0
26372,79021,846,12,0.11,12,0,education,0
21538,94176,325,2,0.41,18,1,home,1
15973,114799,834,12,0.28,6,4,education,0
6619,118385,773,24,0.28,15,6,auto,0
35704,124582,686,1,0.49,2,8,auto,0
37575,101614,584,18,0.16,12,3,home,1
40919,108919,749,8,0.59,10,8,home,1
43261,101072,619,19,0.46,4,2,business,0
46123,136094,455,0,0.69,8,5,personal,1
28716,27410,770,26,0.31,15,8,education,0
4236,101462,719,12,0.74,19,0,business,0
16848,68268,412,1,0.45,16,3,education,1
3352,54248,721,14,0.73,13,4,auto,1
2932,51159,584,18,0.07,15,5,home,0
11913,62039,353,24,0.56,14,7,education,1
9556,121902,624,24,0.62,15,1,personal,0
22300,67800,757,15,0.09,12,5,auto,0
6498,60761,564,10,0.46,11,6,auto,1
11582,114626,681,14,0.61,3,5,business,1
47633,106103,512,5,0.44,14,3,personal,0
10569,138368,632,13,0.09,2,5,auto,0
5857,63663,309,26,0.54,18,3,personal,0
1340,100903,657,5,0.09,3,8,home,0
44949,60412,502,18,0.62,9,0,personal,1
17766,138998,357,4,0.08,11,8,business,1
27132,130252,793,10,0.15,3,3,business,0
9491,136446,809,3,0.24,5,2,education,0
1138,55367,522,25,0.49,9,4,home,1
1358,140304,668,25,0.73,10,2,home,0
10714,25813,717,27,0.13,6,0,personal,0
20840,79894,846,8,0.15,6,7,business,0
35395,122157,402,8,0.31,11,8,business,0
31654,145626,460,16,0.64,17,5,business,1
26879,71444,499,7,0.38,2,1,home,1
16996,54269,459,14,0.28,9,5,business,1
38772,81748,435,8,0.44,18,5,education,1
27762,61190,697,4,0.23,5,5,auto,0
14283,60318,691,3,0.33,6,9,business,1
40420,57018,405,25,0.28,4,8,education,0
20554,144078,353,19,0.61,9,3,education,0
21219,59759,576,17,0.7,5,1,auto,0
35919,36498,410,8,0.58,4,7,home,1
10429,45989,523,20,0.36,9,5,business,1
47840,122710,374,26,0.4,18,9,education,1
45695,45568,805,2,0.14,11,0,education,0
40673,137035,313,21,0.57,16,5,auto,1
20218,86577,781,8,0.47,2,1,education,0
13452,125231,488,8,0.68,16,3,business,1
49980,134699,663,27,0.19,19,1,home,0
19951,50099,538,28,0.58,10,3,education,0
2307,109900,700,20,0.53,4,6,home,0
15852,60639,603,23,0.24,12,7,education,1
26232,124679,390,3,0.52,9,2,education,0
36428,43482,691,20,0.7,13,0,business,0
44171,89212,483,6,0.69,5,9,home,1
27485,75261,316,6,0.55,2,0,personal,0
11238,131321,311,28,0.08,3,9,business,1
39975,107317,465,22,0.66,8,6,home,1
2140,50048,445,7,0.51,6,0,home,1
25842,23065,581,26,0.27,5,2,home,1
27421,22036,848,20,0.18,4,4,personal,1
2708,55814,468,0,0.13,16,4,business,1
4630,79694,469,26,0.09,8,3,personal,1
20595,36924,645,8,0.58,12,7,education,0
11485,149493,798,24,0.22,5,2,auto,0
29308,80204,759,22,0.07,5,7,personal,0
45789,52844,596,11,0.33,13,5,education,0
27086,137755,441,5,0.39,11,3,personal,0
17859,134184,352,12,0.17,11,9,home,1
8684,101943,417,28,0.08,19,2,auto,0
26552,41518,664,4,0.18,7,9,auto,1
2207,37059,435,20,0.53,17,9,education,1
47099,43052,713,18,0.11,5,1,personal,0
2960,145274,376,25,0.44,6,5,personal,0
1557,89803,317,0,0.15,18,0,personal,1
30689,91524,702,21,0.19,18,9,education,0
49651,113510,504,23,0.33,9,7,personal,1
14893,145639,798,29,0.12,18,4,auto,0
33272,109572,623,17,0.17,19,6,auto,0
1882,28680,580,7,0.29,17,6,business,1
38529,87021,465,23,0.28,9,9,personal,0
39635,100249,542,25,0.57,1,5,personal,0
30535,40043,778,7,0.1,18,4,auto,0
13869,146115,463,25,0.65,13,1,auto,0
8166,22419,623,14,0.62,8,2,home,0
13982,76892,507,18,0.59,14,2,home,1
41697,141831,614,9,0.27,3,4,business,0
39115,133616,603,23,0.63,4,1,auto,0
8269,121799,538,15,0.18,11,0,business,0
29064,37140,523,10,0.14,7,3,personal,1
14527,63484,387,11,0.08,5,9,personal,1
3454,83869,836,15,0.71,2,2,auto,0
21878,65210,728,15,0.27,6,2,education,0
13991,77600,519,27,0.69,5,9,business,0
3808,136467,574,29,0.24,15,5,education,1
40410,98497,365,19,0.69,11,8,personal,1
37593,128611,722,2,0.68,5,9,business,1
37304,26487,554,26,0.7,18,9,personal,1
31386,80692,424,8,0.4,8,1,home,0
49077,82112,445,7,0.66,11,4,auto,0
4802,51110,684,9,0.72,17,1,home,0
29753,127968,746,28,0.28,14,5,business,0
22083,36360,686,12,0.34,2,0,home,0
19354,69410,682,17,0.55,7,0,business,0
23190,122379,576,12,0.26,18,8,education,1
7142,110418,681,12,0.58,1,9,auto,1
29398,142702,423,14,0.1,15,4,education,1
42862,103038,566,12,0.42,1,8,personal,0
34132,133589,410,29,0.14,17,7,auto,0
20503,93167,680,15,0.26,7,8,home,0
49456,23017,457,7,0.23,16,8,business,0
35631,106261,847,26,0.64,2,7,auto,0
17499,80124,417,26,0.19,15,2,personal,0
40852,136346,627,18,0.62,11,6,education,0
9016,110298,367,9,0.61,2,3,personal,1
3384,70949,733,11,0.4,11,7,home,0
16072,78268,658,13,0.21,16,6,business,0
37703,86320,742,5,0.21,2,8,business,1
46895,113556,463,20,0.38,19,7,home,0
15482,123995,660,23,0.06,16,2,business,0
41510,101301,418,8,0.42,8,4,auto,0
49933,51127,494,26,0.72,5,2,auto,0
22826,23196,540,6,0.16,8,8,home,1
3490,95088,808,5,0.45,14,0,home,0
47092,61300,441,21,0.72,14,6,personal,1
26518,69714,330,0,0.65,18,8,business,0
25045,51921,522,20,0.65,5,2,education,1
27910,24746,565,13,0.63,10,6,home,1
25566,88535,581,23,0.27,15,6,personal,0
34905,85350,680,5,0.67,13,1,home,0
28103,70345,361,11,0.71,9,4,home,1
37188,129606,820,16,0.4,9,9,auto,0
6845,69220,370,4,0.3,19,6,business,0
22162,101131,835,28,0.34,9,1,home,0
37674,42063,439,10,0.28,5,9,business,1
20337,137116,615,27,0.2,6,9,personal,0
23313,91736,639,4,0.48,10,1,home,0
27943,123700,827,11,0.44,10,5,education,0
13413,108913,840,2,0.37,6,1,auto,0
1276,98946,715,23,0.12,1,9,education,0
18611,65971,766,8,0.61,13,0,auto,0
40105,23598,674,5,0.17,8,2,home,0
12944,30564,590,21,0.13,13,0,home,0
16906,131052,342,1,0.49,6,5,business,1
21536,116434,352,25,0.33,19,3,auto,0
28810,143723,531,1,0.09,12,1,personal,0
13306,69725,511,21,0.3,15,6,education,1
11503,106134,307,11,0.59,8,6,personal,0
20225,125940,782,7,0.48,11,7,auto,1
37976,79940,341,1,0.3,9,6,personal,1
12590,82085,632,8,0.18,19,0,auto,0
11886,37862,532,28,0.49,11,2,business,0
13866,30265,369,15,0.67,6,0,business,1
2088,29705,315,27,0.5,15,1,personal,0
4363,75279,368,29,0.62,17,0,personal,1
33792,82471,352,24,0.42,12,8,auto,1
10764,111080,678,14,0.55,2,6,business,1
21620,99834,762,13,0.68,4,8,personal,0
43727,82979,826,19,0.59,3,7,auto,0
13935,75828,362,3,0.69,2,9,auto,0
9068,118206,560,3,0.35,19,1,personal,0
8295,136884,799,10,0.68,5,0,education,0
42160,128007,420,20,0.49,17,4,home,0
12390,66104,539,23,0.66,16,6,auto,1
42216,60934,764,17,0.08,16,1,business,0
21131,143534,406,26,0.51,12,3,home,1
30218,134420,479,4,0.64,4,6,auto,1
11433,26050,315,29,0.17,17,8,education,0
16038,63952,654,1,0.51,19,5,home,0
29182,106570,608,14,0.63,2,6,business,0
12528,131016,480,10,0.25,5,7,home,1
22281,28484,473,26,0.33,1,7,personal,0
49511,82648,653,23,0.45,14,8,auto,0
9605,79945,653,16,0.41,9,9,personal,0
35782,73678,518,15,0.08,17,1,education,0
2381,51323,614,14,0.12,12,6,home,1
2098,106332,733,22,0.12,12,1,personal,0
20810,114605,581,2,0.23,15,6,education,0
25322,107363,558,19,0.22,16,8,personal,0
42869,144468,304,29,0.57,18,3,business,1
33955,143475,693,14,0.45,14,4,personal,0
45716,55361,635,23,0.58,12,4,auto,0
11207,30315,362,18,0.1,11,1,personal,1
22793,67968,343,27,0.39,15,2,personal,0
3092,46519,452,28,0.28,8,9,personal,0
29220,29107,455,12,0.64,17,0,personal,1
19514,141540,777,15,0.55,8,2,personal,0
39010,75781,574,22,0.66,4,4,home,1
9549,23869,657,11,0.08,10,8,home,1
23031,100983,725,16,0.55,6,0,business,0
6185,47370,831,15,0.43,6,5,home,0
16271,82695,782,8,0.63,17,1,education,0
6776,80422,513,28,0.41,8,5,auto,1
13449,27971,378,5,0.43,13,9,personal,1
25297,116805,438,18,0.09,15,5,personal,1
41591,143855,397,22,0.52,4,0,personal,1
16717,45651,497,12,0.24,15,4,business,0
41123,76974,455,20,0.06,14,9,business,1
40233,121293,349,23,0.1,11,1,education,0
46505,43446,778,7,0.72,17,0,personal,0
47092,146347,527,11,0.29,10,8,business,0
11350,58108,756,8,0.66,6,5,personal,0
31622,95179,821,21,0.72,6,0,home,0
36323,23823,448,3,0.71,1,9,personal,1
3951,33454,357,12,0.67,5,8,education,0
18622,23932,461,1,0.68,4,8,education,1
5727,30220,776,2,0.25,11,6,business,0
39454,94090,406,4,0.16,17,8,personal,0
37469,87965,726,23,0.5,7,0,education,0
36548,48208,694,27,0.39,3,2,home,0
24782,92980,485,25,0.12,2,7,business,1
29454,30510,745,17,0.52,8,2,home,0
3368,64045,747,20,0.44,5,7,education,0
16592,30537,386,13,0.65,5,2,business,1
23173,92683,548,24,0.48,10,3,personal,0
34204,125935,739,1,0.45,12,3,auto,0
36596,89134,556,14,0.36,17,4,personal,0
35324,122633,576,7,0.37,14,9,personal,0
47132,92254,737,15,0.72,5,9,home,1
24864,128227,815,2,0.15,5,3,personal,0
48829,142906,501,23,0.36,6,6,auto,1
31750,33782,479,19,0.51,15,3,business,1
11576,134780,624,19,0.35,5,0,business,0
17566,145544,774,27,0.25,8,4,auto,0
8190,143188,699,22,0.25,1,7,home,0
24071,85587,516,4,0.21,3,5,auto,0
39333,102238,752,3,0.29,19,3,business,0
16369,95720,703,22,0.66,15,3,auto,0
25035,98004,539,11,0.4,4,0,home,1
2589,42072,485,18,0.22,2,9,personal,0
26235,101015,347,14,0.32,17,0,personal,0
1159,114003,685,24,0.12,12,2,business,0
13145,108938,507,29,0.68,8,3,home,1
16373,92746,456,12,0.34,5,3,personal,1
32921,65702,524,4,0.74,10,1,personal,0
40323,122260,443,11,0.29,19,8,personal,1
17237,26057,718,18,0.64,9,7,education,0
42971,148259,410,1,0.23,16,2,personal,1
9244,50916,764,6,0.1,1,1,education,0
15743,47268,431,27,0.07,15,0,auto,1
32566,63978,633,22,0.47,2,9,business,0
47101,132894,374,27,0.27,14,8,business,1
47109,144904,711,28,0.36,16,4,education,1
19691,43259,818,4,0.62,10,7,home,0
34996,73583,335,19,0.22,12,3,education,1
6590,99400,522,28,0.27,13,1,personal,0
6585,54293,829,10,0.64,9,4,home,0
10227,131581,540,17,0.39,2,7,business,1
29278,27043,433,17,0.63,19,5,auto,1
39814,70430,690,6,0.31,15,7,auto,1
13237,127009,401,9,0.33,15,2,education,0
16649,58893,797,22,0.17,1,4,education,0
38713,60642,810,19,0.69,18,1,education,0
8927,98065,836,13,0.68,7,2,education,0
46409,50868,844,19,0.74,10,6,business,1
49766,46309,642,19,0.33,9,0,personal,0
47154,146250,305,10,0.62,19,7,business,0
8016,43284,493,1,0.34,11,4,auto,0
15027,146801,436,12,0.37,4,1,auto,0
49688,133259,772,12,0.63,1,2,auto,0
25142,120804,515,8,0.17,12,3,personal,0
47520,89000,648,16,0.2,1,1,personal,0
24545,104179,482,14,0.27,17,9,home,1
32897,82107,467,23,0.6,9,4,personal,0
4167,85049,337,21,0.31,8,6,auto,0
45757,49265,770,28,0.3,4,8,personal,0
27917,101490,751,25,0.75,8,0,personal,0
23736,149154,789,22,0.32,10,9,personal,0
28990,43880,441,27,0.22,18,5,education,1
15087,104579,402,20,0.49,15,5,personal,0
23440,20255,341,21,0.61,19,0,education,1
36205,21502,446,21,0.1,11,1,auto,1
16275,90192,365,28,0.48,4,7,home,0
6276,85424,492,15,0.08,9,5,business,1
42627,95838,597,24,0.42,8,0,home,0
41586,90966,337,9,0.23,16,9,business,1
38496,61366,801,28,0.26,13,9,auto,0
20008,47425,727,19,0.38,5,5,education,0
6738,72328,651,27,0.7,13,9,personal,1
33402,134280,625,26,0.55,19,6,education,0
6793,87396,337,11,0.71,2,1,business,1
38291,91694,396,28,0.51,12,3,personal,0
6571,25806,407,4,0.05,9,6,business,1
32331,106274,450,19,0.24,1,5,business,0
17209,37106,373,16,0.68,14,7,personal,1
49014,76731,356,9,0.5,7,5,home,0
26394,95010,634,5,0.74,17,1,home,0
44148,102533,551,20,0.16,14,0,business,1
26682,138019,553,19,0.26,17,4,auto,0
3224,52599,684,5,0.3,2,9,education,0
42157,91326,755,11,0.28,9,9,home,1
49695,137804,558,20,0.23,15,8,personal,0
45452,95706,764,18,0.36,16,1,business,0
44408,29004,333,1,0.5,9,6,education,1
33441,128282,794,12,0.27,4,8,education,1
42430,135018,625,21,0.11,15,3,business,0
40129,71364,537,19,0.55,10,3,education,0
35716,45792,840,10,0.37,7,9,auto,0
45859,115752,765,14,0.44,6,4,business,0
27586,84912,603,12,0.37,15,5,education,0
45760,74645,416,25,0.67,2,6,education,1
24478,27232,506,2,0.44,15,8,home,0
7318,98210,780,13,0.7,18,5,education,0
29694,74766,702,7,0.41,14,2,education,0
21180,140601,532,27,0.25,18,1,home,0
13180,101588,583,8,0.3,3,5,business,1
34002,68542,779,14,0.42,14,8,home,0
16372,25913,308,22,0.42,6,2,personal,1
30796,132406,678,17,0.53,14,3,personal,1
25427,133693,680,7,0.21,2,2,auto,0
34290,113449,659,10,0.51,16,6,education,0
29099,30567,475,28,0.6,16,3,personal,0
46486,58379,784,28,0.52,17,5,business,1
10821,94968,704,26,0.39,16,5,business,1
6832,20319,332,4,0.74,16,8,personal,1
13820,110005,764,14,0.33,8,4,home,0
17211,130990,456,14,0.12,6,6,auto,1
40890,112026,501,26,0.63,18,0,home,0
6842,106120,474,25,0.2,14,7,auto,1
2316,24791,543,6,0.55,16,1,personal,0
46968,117272,568,20,0.18,8,3,home,0
18508,20329,745,17,0.06,18,9,personal,1
23005,94387,373,27,0.16,14,6,auto,1
16206,81032,395,11,0.31,17,5,business,0
19971,64078,472,11,0.12,8,3,home,1
26599,108662,705,3,0.19,16,7,personal,0
23056,41300,454,28,0.59,10,6,auto,0
2378,95700,482,10,0.59,10,5,business,1
2519,149664,622,20,0.62,18,4,home,0
23161,70945,588,5,0.64,18,4,auto,0
41703,75609,557,20,0.34,9,6,home,1
39861,80562,473,9,0.66,1,5,home,1
6355,110045,629,26,0.42,16,3,education,0
10083,81901,530,14,0.38,10,6,personal,0
39342,25703,460,0,0.55,15,4,education,1
21456,112645,485,16,0.2,5,6,home,0
14324,83115,442,2,0.6,17,6,auto,1
3257,128953,581,24,0.35,9,1,personal,1
28364,108090,326,10,0.14,6,3,auto,0
25972,47676,545,17,0.13,2,9,auto,0
47179,81710,786,9,0.17,13,3,business,0
27654,80077,501,20,0.67,18,6,home,0
16233,141332,320,8,0.74,4,7,auto,1
16887,109340,393,6,0.3,10,0,home,1
30320,65440,307,10,0.25,11,6,education,1
21808,56923,771,7,0.2,13,5,education,0
31154,49802,638,1,0.63,17,9,auto,1
35773,110331,558,4,0.2,11,0,home,0
28747,82904,354,8,0.7,4,7,business,1
11860,80162,847,0,0.52,14,4,personal,0
43838,144786,305,16,0.68,3,6,education,1
43156,85169,676,9,0.44,12,7,education,0
19156,88147,349,7,0.53,4,6,business,1
21360,42075,411,17,0.48,16,9,auto,1
19135,137281,445,24,0.63,7,0,education,0
26351,102015,529,9,0.64,19,5,education,0
31499,94716,796,8,0.46,18,0,personal,0
48377,29304,605,3,0.49,9,3,business,1
24554,149851,841,1,0.7,11,3,business,0
20604,140729,760,18,0.7,19,7,home,0
17923,79622,525,9,0.51,17,5,business,1
48591,74215,358,16,0.06,18,6,personal,0
9547,100146,375,2,0.12,6,9,business,1
45283,93973,727,20,0.65,3,6,home,1
34002,128654,431,18,0.11,14,6,personal,0
15562,32521,797,18,0.2,9,9,education,0
8480,138037,604,25,0.21,3,1,auto,0
27672,44028,366,21,0.47,2,5,education,1
5213,59328,529,18,0.45,19,7,home,0
11293,47301,632,18,0.25,6,7,personal,0
35441,58015,576,14,0.2,3,3,education,1
3100,107276,443,24,0.59,9,6,home,1
45617,56845,550,17,0.7,18,8,education,1
29172,106818,379,16,0.09,7,7,auto,1
21132,96394,356,9,0.14,2,1,education,0
19199,64159,665,23,0.5,1,7,education,0
37609,63714,607,28,0.61,5,2,education,1
43965,100722,473,13,0.6,3,3,home,1
9016,119721,761,18,0.55,7,2,personal,0
40779,116730,792,22,0.67,6,7,business,0
38261,45230,673,17,0.2,1,3,home,0
32881,112554,648,10,0.13,19,0,business,0
18058,69262,366,10,0.48,14,8,business,1
25472,110201,629,11,0.63,10,8,education,0
42346,61722,493,7,0.46,2,0,auto,1
35926,66359,454,15,0.72,11,7,business,0
35832,82796,459,24,0.61,16,1,business,0
37021,60159,565,23,0.54,17,6,education,1
25087,129668,467,7,0.09,5,0,auto,1
13828,128675,444,23,0.13,18,5,education,0
32128,107052,485,13,0.6,16,9,business,1
2401,120808,722,22,0.19,10,9,home,0
20643,144344,756,17,0.07,6,7,business,0
16193,110209,644,23,0.69,8,5,home,0
27853,25239,815,20,0.67,6,8,personal,1
45864,134980,403,21,0.2,4,0,auto,0
21307,111951,546,3,0.6,5,8,personal,1
37982,70886,322,16,0.08,6,2,education,0
20611,123424,824,12,0.25,15,1,business,0
44791,47195,443,4,0.49,6,7,personal,0
12950,124697,492,2,0.58,19,9,auto,1
11704,114859,764,8,0.06,8,4,home,0
44111,120500,674,19,0.28,13,0,home,0
12867,121770,565,25,0.2,4,0,education,0
3745,116299,677,17,0.75,17,1,education,0
4866,54674,849,19,0.52,14,6,business,0
33245,38105,373,18,0.33,18,1,personal,0
45724,130187,737,18,0.1,15,8,business,0
6818,49739,525,20,0.47,19,5,home,1
49861,133741,607,15,0.5,11,3,home,0
31116,51969,647,0,0.62,7,3,personal,0
16493,34497,775,4,0.25,1,2,business,0
29038,21816,614,23,0.74,3,8,education,1
21447,143132,824,14,0.36,19,1,personal,0
31431,138915,724,25,0.26,1,8,education,0
18908,146399,823,11,0.29,4,2,personal,0
30336,112019,548,24,0.41,11,3,education,0
41992,79254,481,27,0.71,7,8,auto,0
5025,129017,405,0,0.56,7,2,home,0
21093,107695,490,13,0.45,14,5,personal,1
7155,89385,436,17,0.16,15,4,auto,1
47607,107148,419,17,0.15,5,5,personal,0
34487,125153,371,5,0.4,14,4,home,1
48658,53826,430,0,0.56,13,2,home,0
21963,130034,756,26,0.58,18,1,education,0
21936,83365,778,16,0.21,1,9,home,0
5426,104242,351,17,0.12,13,8,home,1
24303,143066,418,14,0.32,7,3,home,0
46280,70100,563,11,0.69,6,9,business,1
28606,110099,538,12,0.43,9,5,business,0
48832,145170,650,19,0.27,10,8,home,0
29151,24359,554,1,0.28,3,4,business,1
14767,116205,608,3,0.14,7,6,personal,0
12308,32809,794,2,0.38,11,4,auto,0
45245,84450,356,18,0.6,12,8,auto,1
46671,58428,702,24,0.73,12,1,business,1
25770,114990,366,7,0.4,13,2,auto,1
29572,92790,345,11,0.17,8,4,business,1
42448,131126,668,11,0.53,4,1,education,1
3204,110321,531,9,0.58,1,5,home,1
28233,22093,701,24,0.1,6,9,auto,0
22729,64498,322,0,0.65,2,2,home,1
32131,136251,566,27,0.63,14,4,auto,1
34870,60985,417,4,0.38,18,4,personal,1
39011,52009,354,27,0.44,10,9,personal,0
40382,102094,452,27,0.55,1,7,business,1
42475,148515,538,19,0.52,3,8,home,1
47681,37718,564,10,0.06,4,3,business,0
22607,36705,567,29,0.14,18,9,education,1
25968,107618,412,8,0.16,8,0,business,0
34398,82598,465,13,0.58,9,4,business,1
12908,97878,307,2,0.36,19,3,business,0
27423,32239,516,4,0.43,2,4,auto,1
44615,66622,730,23,0.59,9,8,auto,0
10171,66665,591,25,0.29,3,7,education,0
13721,52274,349,20,0.57,2,7,home,1
17616,31419,406,8,0.36,7,7,personal,0
43512,128368,308,17,0.31,17,0,home,1
39458,35003,755,5,0.28,17,6,personal,0
47169,50866,622,20,0.73,9,3,auto,1
8659,41988,608,24,0.59,1,5,business,1
44369,75894,444,6,0.06,1,3,education,0
12704,128563,711,15,0.72,8,4,education,0
33793,142124,413,7,0.59,17,4,education,1
49152,110444,698,22,0.15,8,0,home,0
47473,25674,574,28,0.1,19,5,auto,0
32226,90538,423,9,0.27,4,9,auto,1
24852,113103,385,25,0.49,18,7,business,0
33082,86446,346,4,0.48,13,4,home,1
23794,49072,500,10,0.24,7,9,business,0
42420,53717,575,28,0.36,3,5,personal,0
14379,107345,848,29,0.2,14,4,auto,0
8006,46651,429,20,0.09,9,0,education,0
9682,137202,747,12,0.41,3,4,business,0
34840,64291,688,26,0.29,7,1,personal,0
33430,142389,562,19,0.43,15,3,education,1
24091,129525,577,1,0.71,4,1,education,0
33983,83350,345,13,0.15,5,7,business,1
24989,102020,467,8,0.05,9,6,business,0
10915,24646,744,9,0.1,3,8,business,0
43552,59713,345,9,0.37,16,3,auto,0
19990,87936,839,27,0.54,16,4,home,1
25734,64331,386,9,0.46,19,8,business,0
15824,42185,684,25,0.4,9,8,auto,0
37081,104263,564,18,0.3,1,1,home,0
12033,118656,321,10,0.27,17,0,personal,0
43736,72107,749,10,0.31,12,2,home,0
17241,133793,531,2,0.48,9,9,auto,0
6939,86554,485,18,0.17,5,0,auto,0
48464,37563,625,23,0.59,15,5,home,0
48562,90729,482,21,0.45,13,7,home,0
36063,35701,696,0,0.24,19,3,auto,1
35464,89072,780,11,0.4,3,3,auto,0
12185,68217,702,28,0.72,2,9,personal,0
28045,64610,762,14,0.06,13,0,auto,0
45769,104422,716,13,0.19,7,8,auto,0
48118,122123,501,2,0.36,9,9,education,0
20167,141543,364,19,0.5,10,7,education,0
37412,70131,316,12,0.2,1,2,education,0
22625,148331,482,17,0.7,16,2,business,0
40188,49410,690,15,0.5,11,9,business,0
28076,119280,343,5,0.66,8,3,auto,1
45605,78715,781,9,0.28,13,3,education,0
20029,136968,562,27,0.63,16,1,personal,0
23973,58665,473,16,0.31,3,3,personal,1
40121,35957,740,16,0.23,13,1,personal,0
32433,68127,519,7,0.69,17,6,auto,1
44309,83589,693,3,0.11,6,4,education,1
2932,66008,494,14,0.71,10,6,auto,1
45254,81920,708,0,0.37,9,5,auto,0
2757,148213,770,6,0.74,18,1,personal,0
31722,52875,646,24,0.43,17,1,education,0
38853,133828,761,9,0.58,7,0,business,0
39405,143852,360,6,0.05,2,0,home,0
2116,21626,465,0,0.4,11,4,auto,0
44527,110815,450,16,0.57,18,4,education,1
12691,83822,410,11,0.6,3,6,home,1
1492,91765,787,16,0.16,14,0,home,0
28882,92413,848,14,0.34,13,4,business,0
9811,53642,302,23,0.34,17,1,business,0
28808,58311,782,15,0.12,11,9,auto,0
25272,52356,312,22,0.36,7,0,auto,0
29399,23809,461,13,0.61,3,6,education,1
7474,63371,643,2,0.26,3,2,business,0
27956,54875,748,18,0.35,2,8,business,1
48153,130049,631,11,0.72,16,4,education,0
43506,29465,563,18,0.07,11,4,business,1
14979,86095,382,17,0.46,14,4,personal,1
45523,93844,633,29,0.57,3,8,home,0
43565,85250,679,13,0.58,7,9,personal,0
29328,106889,518,19,0.55,8,0,home,0
48375,35250,753,22,0.56,13,4,education,0
13867,66023,388,8,0.09,19,9,education,0
26851,121350,632,2,0.42,11,5,home,0
32279,66624,609,25,0.6,1,8,home,0
31527,36427,719,22,0.12,19,2,home,0
8866,53276,653,11,0.06,13,0,home,0
16449,91643,399,19,0.62,17,7,auto,0
11685,99012,444,16,0.55,9,8,business,1
24544,23439,309,4,0.34,19,5,business,0
6451,105848,343,7,0.71,19,4,education,1
22642,107331,685,18,0.59,6,7,auto,0
42316,98672,794,25,0.73,7,5,home,1
40954,99703,792,3,0.7,5,5,auto,1
39870,37300,468,14,0.39,8,8,home,1
32030,80289,830,18,0.58,14,8,business,0
31873,37182,635,14,0.52,18,0,home,0
1619,90507,812,25,0.62,3,1,business,0
34650,70912,429,13,0.6,8,0,home,1
26372,46909,838,29,0.16,14,1,education,0
4642,39659,813,15,0.21,14,2,business,0
29001,51403,549,23,0.24,7,1,education,0
35064,134187,437,9,0.62,6,5,auto,1
30290,53586,574,23,0.62,6,3,home,1
15122,30360,763,13,0.4,12,4,auto,0
25820,41424,440,19,0.46,15,9,home,1
3895,118035,555,10,0.63,19,8,business,1
6366,130231,755,1,0.27,4,1,home,0
9711,68791,733,27,0.09,3,2,personal,0
20596,23065,472,18,0.39,13,9,personal,1
19793,88795,772,2,0.69,16,0,personal,0
9199,135594,722,3,0.6,13,1,education,0
11717,32300,738,10,0.31,10,0,personal,0
37191,53370,356,12,0.1,13,8,home,1
11211,89831,797,17,0.5,8,2,auto,0
46550,47209,468,17,0.63,12,2,education,0
24360,128287,727,18,0.52,8,6,business,1
22542,121831,718,11,0.35,9,0,education,0
32312,40927,646,0,0.14,10,8,auto,0
46242,54579,816,23,0.69,7,6,personal,0
37435,130407,754,5,0.24,3,8,auto,0
29247,29032,501,2,0.21,5,7,education,0
23357,113254,478,16,0.62,3,4,education,0
42045,98413,356,2,0.74,18,2,education,0
28691,60731,800,0,0.51,19,8,auto,1
13424,139937,411,2,0.49,10,4,home,1
19852,133528,447,3,0.27,9,8,home,0
23601,112202,677,5,0.06,7,2,personal,0
19020,73767,647,6,0.18,1,5,business,1
9155,143916,657,22,0.46,10,1,auto,0
4583,127220,355,24,0.16,2,2,home,0
16515,92302,615,7,0.67,6,1,personal,0
37777,143867,484,12,0.18,6,1,business,1
20710,69954,353,3,0.42,8,4,personal,0
44178,137270,336,5,0.41,18,9,personal,1
25532,108365,569,10,0.47,7,3,business,0
19601,105757,807,0,0.28,18,3,education,0
5967,45102,527,7,0.66,1,7,home,1
19753,54433,727,21,0.36,14,5,home,0
21022,35932,300,1,0.54,7,9,business,1
44463,45714,322,7,0.5,7,1,home,1
10135,77803,802,19,0.13,4,0,auto,0
6722,59743,747,8,0.49,5,4,auto,0
28413,22552,795,3,0.44,1,6,auto,0
28236,76627,724,16,0.68,3,4,business,0
16514,65987,317,6,0.67,13,3,personal,0
44896,99810,744,9,0.16,7,4,personal,0
38212,65380,338,4,0.11,6,9,education,0
41386,49250,509,9,0.26,6,7,education,1
21331,88344,510,26,0.74,2,4,auto,1
19060,84686,580,11,0.07,16,8,auto,0
2196,129394,432,20,0.52,6,9,business,0
13297,140321,748,19,0.48,8,6,auto,0
3787,146123,563,5,0.5,11,1,auto,0
24816,65028,410,0,0.2,18,8,auto,1
41695,35295,537,2,0.21,6,1,home,1
20702,133141,756,26,0.35,14,5,personal,0
26242,75248,815,27,0.12,15,7,home,0
3176,100205,472,6,0.1,11,1,auto,0
21127,30523,492,10,0.11,15,5,auto,0
42560,65530,814,23,0.45,13,4,home,1
28228,148053,708,11,0.33,6,6,home,0
21208,33769,383,8,0.26,4,9,business,0
29482,83042,379,0,0.27,14,4,business,0
10171,132035,508,3,0.2,13,2,auto,0
36219,64645,821,1,0.34,10,5,home,1
34396,110743,498,1,0.19,12,6,business,1
43589,82142,533,16,0.54,8,0,education,1
41546,120760,543,20,0.14,5,7,home,0
4696,45557,692,1,0.71,2,7,personal,1
21058,123727,745,3,0.11,12,3,education,0
21313,99782,692,24,0.71,6,7,education,1
20149,98382,308,10,0.63,15,2,home,1
46740,57085,452,18,0.53,18,4,auto,0
42075,70708,409,23,0.69,18,2,personal,1
5956,71357,565,25,0.15,10,1,business,0
11195,130939,672,12,0.17,7,4,business,1
18076,33470,451,21,0.23,10,7,auto,0
2105,98712,714,25,0.22,5,8,personal,0
16417,138643,625,20,0.27,16,4,personal,0
25729,127417,475,17,0.45,19,2,education,0
47956,99082,824,26,0.07,3,2,education,0
31099,26805,614,28,0.32,7,7,personal,0
33598,102324,366,18,0.22,19,2,home,1
30961,148256,483,23,0.47,12,8,home,1
13602,114884,334,14,0.74,10,9,home,1
10256,82028,804,27,0.41,5,0,personal,0
21584,70772,375,11,0.35,2,0,business,0
47980,149581,771,24,0.31,3,4,home,0
35681,72104,822,10,0.6,14,3,business,1
26792,93616,582,26,0.1,15,2,home,0
22904,121422,835,22,0.72,13,0,personal,1
44361,109300,573,0,0.34,17,6,home,0
35540,149502,838,15,0.27,4,0,business,0
27536,26630,353,27,0.73,19,5,auto,1
20164,144474,354,27,0.71,15,9,business,1
13996,118869,576,12,0.5,15,1,auto,0
3871,35701,742,28,0.06,9,3,business,0
47002,34859,717,5,0.57,3,7,home,1
23626,41183,524,22,0.28,2,2,home,0
11521,60438,554,27,0.32,7,8,business,0
44410,117285,475,5,0.16,9,4,home,0
2132,137556,445,9,0.42,5,5,home,1
34467,117423,684,26,0.57,17,1,personal,0
15534,143737,561,28,0.24,3,0,education,1
24854,62244,830,1,0.71,9,4,education,1
43998,94312,670,28,0.19,8,0,business,0
40065,35021,496,24,0.1,9,3,education,0
46607,89863,583,2,0.5,17,7,auto,0
8812,75565,601,5,0.64,8,1,business,0
5557,68043,431,15,0.72,14,5,business,1
3179,93150,419,5,0.59,16,9,auto,1
44798,84361,435,23,0.19,18,4,education,0
10065,21245,828,12,0.73,17,0,auto,0
9275,61011,333,3,0.69,7,7,home,0
48857,30355,831,14,0.16,15,4,business,0
36948,118841,507,5,0.44,7,8,personal,0
21700,68692,598,0,0.44,2,1,auto,1
40464,69004,821,8,0.36,2,5,business,1
43351,135228,393,11,0.74,7,6,business,1
28794,49714,713,24,0.09,19,0,auto,0
29783,37198,670,22,0.49,6,9,personal,0
17998,86951,708,10,0.19,12,3,business,0
14869,129334,682,12,0.42,15,1,home,0
45525,21652,740,0,0.6,13,6,home,1
29152,63625,746,18,0.22,7,2,home,0
21954,147394,370,27,0.33,7,8,personal,1
32555,105982,383,20,0.72,15,7,education,1
17654,38740,508,3,0.58,4,9,home,0
46026,23810,558,4,0.45,3,6,auto,0
36236,143743,538,22,0.21,1,7,education,1
47976,36569,601,24,0.35,7,0,auto,0
16042,147236,531,16,0.59,9,9,personal,0
26966,119855,581,4,0.62,1,5,home,1
49407,99120,693,18,0.22,5,6,business,0
45314,46783,717,2,0.51,15,6,home,1
46095,141701,505,10,0.12,4,8,personal,0
15270,119065,563,1,0.07,10,6,home,0
31908,98047,610,21,0.43,2,6,home,0
16523,29471,378,13,0.21,7,5,home,1
48068,130771,641,5,0.11,19,2,personal,0
20991,26163,394,18,0.56,6,5,home,1
11775,83087,650,0,0.4,15,8,business,1
13265,82071,361,6,0.61,12,9,business,0
20459,36065,441,1,0.51,11,2,education,1
17673,142323,410,23,0.56,3,2,education,0
28056,130190,826,18,0.27,17,6,education,0
7614,137969,456,0,0.23,7,6,education,1
37020,103456,838,25,0.47,18,4,business,0
8415,124505,308,8,0.19,17,7,education,1
24155,137852,575,20,0.62,16,7,auto,1
44884,68348,526,16,0.42,2,1,personal,0
17964,39154,485,9,0.21,5,5,personal,1
38726,144843,515,26,0.49,13,4,business,1
38044,125703,732,5,0.71,11,3,personal,0
38544,40229,655,25,0.11,1,6,personal,1
33252,72587,691,2,0.13,3,3,home,0
4832,139398,574,26,0.64,18,4,education,1
26275,69713,793,19,0.13,4,7,education,1
15901,46997,750,23,0.08,9,4,home,0
39213,41101,719,14,0.29,11,8,business,0
35148,60391,463,20,0.38,17,9,auto,1
43633,95863,482,27,0.45,11,1,business,0
23918,92723,609,21,0.41,3,1,auto,0
47694,115221,316,25,0.69,19,8,auto,0
20540,79405,745,19,0.59,11,1,home,1
12580,54948,469,5,0.74,14,2,business,0
39402,120264,579,2,0.38,6,5,education,0
39578,73031,639,9,0.11,19,3,business,0
25917,57921,818,11,0.72,15,7,business,1
23318,92571,310,0,0.05,11,7,auto,1
11179,97007,823,21,0.59,18,1,auto,1
13251,48460,432,29,0.07,4,1,education,0
46899,137958,447,28,0.58,19,2,education,0
20493,41071,378,15,0.71,3,1,auto,1
21466,86118,645,16,0.32,12,4,business,0
31206,68282,548,9,0.22,4,0,auto,0
46475,111725,841,11,0.21,12,6,personal,0
20624,78445,323,18,0.39,1,7,personal,0
27564,101067,770,27,0.17,16,3,auto,0
23412,102208,500,7,0.52,2,6,education,1
28990,74816,430,22,0.31,3,8,auto,1
36517,126283,655,7,0.28,16,6,business,0
14156,105779,449,9,0.37,10,1,personal,1
24064,23060,825,9,0.43,9,1,home,0
26711,145806,603,17,0.15,14,9,education,0
31106,33731,840,9,0.55,8,9,home,0
17589,97830,349,6,0.67,2,9,education,1
24736,135871,763,29,0.24,11,5,home,0
21975,40719,539,3,0.18,2,7,home,1
37218,67042,781,0,0.58,15,9,auto,1
8214,136134,754,10,0.18,18,9,education,0
31581,69116,582,18,0.08,5,2,personal,0
21195,141367,634,4,0.48,7,0,home,0
45582,46325,651,29,0.22,19,0,auto,0
28127,42597,626,25,0.17,19,1,business,0
6141,87439,635,7,0.74,16,9,education,0
29884,34551,380,1,0.25,19,5,education,1
25885,113287,386,1,0.68,17,1,personal,0
3708,44278,557,23,0.17,13,5,home,1
19375,111189,484,13,0.62,8,0,auto,0
16088,35141,422,8,0.4,11,8,home,0
45602,87913,395,9,0.11,18,6,auto,1
46046,53615,814,12,0.56,11,0,personal,0
11014,142058,742,28,0.67,9,8,home,1
4273,82751,813,0,0.16,14,8,business,1
48135,132684,670,13,0.56,2,9,personal,1
38306,47452,604,1,0.36,17,5,personal,0
31881,42725,656,3,0.58,16,1,education,1
32486,70391,447,27,0.55,5,1,auto,1
13541,140288,584,18,0.07,1,7,home,0
9712,95060,561,0,0.18,9,8,auto,0
10168,133535,790,3,0.38,3,3,personal,0
4551,31698,330,10,0.7,14,1,home,0
13297,128875,567,12,0.29,18,4,business,1
44733,106711,311,26,0.49,12,6,auto,0
28128,97850,490,17,0.06,14,3,auto,0
3832,129733,699,9,0.55,16,8,business,0
29483,22365,836,4,0.47,5,3,personal,0
23063,117553,390,0,0.55,15,7,auto,1
23963,117662,800,13,0.68,9,2,education,0
14422,63372,600,15,0.15,17,5,education,0
33920,64134,410,23,0.23,12,5,home,0
12156,57823,379,25,0.75,13,2,business,1
12108,91158,732,17,0.16,10,1,personal,0
32845,116076,716,26,0.55,7,5,education,1
3800,135060,513,2,0.56,7,6,home,1
39078,126087,746,2,0.53,8,6,home,0
43712,21949,317,3,0.21,15,9,auto,1
3610,69396,353,6,0.2,18,0,personal,1
13067,128336,539,12,0.52,1,5,education,1
34872,51912,717,8,0.18,10,8,business,0
11728,76947,785,2,0.51,19,8,auto,0
30566,140460,743,16,0.39,3,1,education,0
30783,117697,422,14,0.32,7,3,home,0
21583,64387,719,26,0.26,4,5,business,0
21238,83965,515,9,0.71,5,3,home,1
8263,36508,719,14,0.41,6,8,auto,0
2914,65592,527,0,0.44,10,1,business,0
24749,129249,536,27,0.71,12,9,business,1
20456,21919,629,26,0.51,14,5,auto,0
26582,62595,768,21,0.72,2,0,home,0
1406,29617,786,20,0.12,3,8,business,0
14689,95268,848,9,0.64,1,0,personal,0
33934,53298,714,6,0.28,3,7,personal,1
34276,126153,518,6,0.62,15,8,home,1
37432,26929,680,2,0.65,16,0,business,0
20873,122653,386,6,0.24,2,0,home,0
14050,34456,760,8,0.34,16,9,personal,0
1680,129599,710,7,0.56,15,6,business,0
19908,106676,824,2,0.12,7,9,business,0
19504,103721,746,25,0.58,5,4,home,0
22644,57924,599,4,0.13,5,2,business,0
38125,44240,707,12,0.69,9,8,home,0
2363,107381,674,12,0.24,14,1,education,0
43291,29228,532,29,0.45,19,5,education,1
36060,41686,348,7,0.13,18,3,personal,0
2538,31920,485,17,0.24,9,4,personal,0
37176,27432,504,29,0.33,3,1,auto,1
42520,83575,377,29,0.39,11,0,education,1
26675,130507,780,6,0.05,15,8,education,0
19287,91725,685,26,0.67,4,2,auto,0
1174,113575,493,9,0.06,5,5,home,1
27732,53910,402,9,0.59,18,8,education,1
35998,141764,675,22,0.38,12,0,education,0
38055,50226,586,10,0.42,1,4,personal,0
13112,93150,781,11,0.2,2,3,auto,0
40874,79099,549,29,0.48,9,2,auto,0
10689,132557,500,12,0.43,18,1,personal,0
45814,106760,835,7,0.16,5,2,education,0
20555,38013,760,16,0.22,14,0,business,0
34919,41446,599,23,0.1,11,0,auto,0
8619,135450,777,13,0.1,3,7,education,0
7033,125209,382,16,0.06,9,4,home,1
42328,123193,757,18,0.2,2,1,auto,0
5946,90375,597,15,0.53,14,2,personal,1
25618,82509,663,8,0.27,2,1,auto,0
35675,122261,339,19,0.29,10,9,personal,0
37258,115739,639,9,0.14,19,1,home,0
19919,20557,815,28,0.45,2,3,education,0
5173,50666,407,8,0.29,16,3,personal,0
44833,57389,615,0,0.52,6,6,personal,1
27400,67700,413,23,0.57,12,1,home,1
5769,119143,466,2,0.46,7,8,business,0
38564,44578,560,10,0.24,4,6,auto,0
46814,94779,523,6,0.41,8,3,business,1
15211,29596,561,17,0.23,19,6,auto,1
24255,77500,550,12,0.68,10,9,home,1
28962,92534,825,22,0.59,1,0,home,1
20356,30129,425,22,0.4,5,6,business,0
21306,83394,505,24,0.73,6,5,home,1
5997,86046,439,17,0.43,19,8,education,1
18376,31596,361,15,0.28,18,7,business,0
41880,85355,582,23,0.12,19,1,personal,0
39055,32974,353,15,0.43,19,2,personal,0
11578,86673,645,20,0.65,1,2,home,0
19624,132004,823,9,0.66,11,5,home,1
40194,140294,435,8,0.47,3,1,auto,0
45367,146794,629,7,0.33,10,1,business,0
1389,113433,443,18,0.51,7,3,business,0
34767,90202,735,2,0.58,17,0,education,0
46580,94442,581,26,0.34,16,0,personal,0
49367,41818,435,27,0.38,7,0,personal,0
2855,63246,788,25,0.53,13,4,education,0
41893,75598,700,23,0.66,12,8,auto,1
14794,22654,748,8,0.6,12,3,education,0
36531,53758,569,1,0.07,8,7,auto,0
5986,44204,316,18,0.14,8,6,auto,1
33298,147309,568,29,0.65,13,5,auto,1
2481,54928,781,29,0.63,11,8,home,0
4731,140428,518,7,0.32,1,9,home,1
17835,73609,618,17,0.46,17,0,auto,0
28798,50552,537,7,0.68,19,6,education,1
27113,133440,844,4,0.69,13,8,education,0
20477,30336,584,5,0.6,15,9,education,1
18266,67037,336,29,0.2,12,1,home,0
21792,36206,402,9,0.56,17,3,auto,0
21452,54831,729,14,0.12,3,4,personal,1
44526,63563,538,27,0.68,7,4,education,0
42334,38361,424,3,0.15,2,6,home,0
12889,61335,487,2,0.51,2,9,business,0
25335,94469,555,23,0.48,6,7,auto,1
12254,147365,829,8,0.59,4,8,education,1
22074,137355,691,15,0.44,16,4,home,0
12442,45816,767,28,0.09,15,1,business,0
47289,146350,552,15,0.54,10,1,auto,1
38327,35619,475,14,0.32,14,4,personal,0
17199,123223,765,23,0.27,9,4,auto,1
8291,112479,588,8,0.74,15,4,auto,1
41928,46819,349,16,0.46,7,5,education,0
1112,31741,303,20,0.55,7,7,auto,1
22515,143297,799,11,0.42,8,4,business,1
20581,142330,522,22,0.59,19,2,business,1
49692,28798,561,7,0.58,18,8,auto,1
27500,45143,834,13,0.51,17,3,auto,0
33026,69695,675,26,0.75,18,7,business,0
17523,52747,360,17,0.37,19,8,business,0
2424,132870,655,11,0.54,8,6,education,1
20552,119187,323,26,0.61,13,2,personal,0
11808,149544,592,13,0.31,11,9,business,0
39811,41182,655,19,0.37,19,5,personal,1
7989,142728,328,22,0.73,7,6,personal,0
24620,29415,656,4,0.07,5,6,business,0
40029,31085,664,0,0.28,5,7,education,0
1887,35008,708,12,0.39,8,9,auto,1
32802,107638,565,13,0.05,10,4,home,0
20488,38452,590,1,0.68,5,4,auto,1
31013,142166,452,15,0.25,15,1,home,0
17402,84075,518,4,0.23,16,1,business,0
22205,28120,472,21,0.62,10,3,auto,1
27049,84385,311,0,0.24,8,6,auto,1
13253,93356,815,11,0.51,19,7,home,1
19990,130205,661,18,0.63,4,2,education,0
8846,38170,776,21,0.6,14,0,business,0
26027,36259,381,21,0.6,8,3,business,1
40200,42099,639,22,0.11,14,5,business,0
47220,29649,740,9,0.11,12,5,auto,1
47163,149394,525,11,0.26,1,8,personal,1
4765,115791,670,29,0.08,19,6,home,0
16950,79258,327,29,0.4,18,8,auto,1
46270,61037,315,18,0.33,12,9,education,1
10741,31805,576,15,0.44,10,4,education,0
23742,135996,632,16,0.26,1,4,auto,0
25703,143527,782,12,0.39,14,4,home,1
39709,63147,587,6,0.28,9,4,business,0
38623,94280,413,27,0.19,15,3,business,0
23931,66053,337,26,0.5,14,5,personal,0
24580,126777,753,2,0.52,9,0,auto,0
16166,117841,465,4,0.63,11,1,personal,1
30240,111393,504,3,0.66,5,8,education,1
26991,144726,544,27,0.54,12,5,business,0
39556,148359,632,14,0.53,16,5,business,0
33969,96215,695,16,0.09,3,9,personal,0
11561,132909,806,11,0.13,5,3,auto,0
17901,115365,420,22,0.62,19,4,personal,0
41505,30985,558,13,0.21,5,8,education,1
31020,113823,709,28,0.3,18,1,auto,0
26917,32391,609,3,0.15,4,2,education,0
2988,24861,367,16,0.19,15,9,auto,1
49209,83582,413,10,0.59,5,7,personal,1
45505,71928,519,5,0.23,8,8,home,1
15256,54364,519,3,0.36,16,4,personal,1
23192,102399,772,12,0.16,1,2,auto,0
29230,117035,685,19,0.52,5,0,education,1
40930,138000,597,14,0.56,18,1,personal,1
46833,140844,552,17,0.3,16,3,auto,0
23625,113330,704,16,0.6,10,3,education,1
33088,62923,791,18,0.22,4,4,education,0
15114,27919,656,9,0.53,18,8,education,0
42167,75896,727,4,0.56,17,1,auto,0
39401,128638,514,11,0.73,13,1,education,1
6755,105818,679,24,0.21,8,4,education,1
11825,67396,513,29,0.12,8,1,personal,0
23693,54840,397,14,0.23,12,9,education,1
5117,62255,827,22,0.14,18,4,home,0
25729,91160,827,3,0.17,6,4,auto,0
33182,148165,834,7,0.28,7,6,education,0
29890,119242,848,27,0.34,17,3,education,0
30340,28176,627,19,0.68,5,1,business,1
2518,53529,464,21,0.19,19,7,personal,1
31949,76406,415,27,0.73,8,0,education,1
23547,32941,449,16,0.62,19,9,personal,1
17346,21669,817,29,0.67,8,0,personal,0
3600,125432,331,5,0.7,19,6,home,0
47005,105782,592,15,0.58,7,3,auto,1
30267,137373,476,25,0.6,3,2,home,1
37322,64859,360,4,0.36,6,0,auto,0
27990,75786,715,13,0.41,8,7,business,0
17193,71083,682,1,0.7,18,7,home,1
31109,60076,306,16,0.31,15,3,personal,0
20233,40323,384,28,0.08,17,1,education,1
49021,119430,697,5,0.58,4,3,business,0
17194,146177,692,10,0.45,7,6,auto,1
35510,26021,346,1,0.62,17,3,home,0
2306,147550,640,24,0.1,6,2,business,0
4849,124741,797,24,0.48,13,9,home,0
13360,59807,777,0,0.22,7,0,personal,0
46536,148305,725,4,0.68,9,8,home,1
30231,140061,725,7,0.13,19,4,auto,1
46800,70355,814,3,0.64,13,1,auto,0
37963,122439,428,18,0.11,15,5,education,0
19689,133415,548,4,0.07,17,1,education,0
30084,64732,430,4,0.21,5,5,auto,1
41387,28711,622,23,0.28,19,8,auto,1
10280,83079,842,15,0.49,6,1,auto,0
3642,27904,365,21,0.14,12,0,business,1
43137,84033,400,17,0.36,15,6,home,0
15296,120587,330,10,0.19,15,7,business,1
16438,106478,490,16,0.65,3,1,personal,0
49442,140035,714,28,0.08,4,3,education,0
38525,109787,799,2,0.3,5,7,home,0
3994,75096,345,17,0.49,6,3,education,0
48994,110594,388,3,0.69,6,8,personal,1
35039,120781,674,18,0.66,17,0,auto,0
2813,23093,545,8,0.68,8,9,education,1
28491,44918,556,4,0.09,19,6,auto,0
19845,92743,651,3,0.64,13,2,education,0
42243,82636,404,15,0.6,15,9,personal,1
38164,78806,636,9,0.68,17,2,education,0
43051,29394,825,8,0.27,17,6,personal,1
14318,144501,600,15,0.69,2,5,home,0
18200,149156,376,19,0.33,3,2,business,0
1082,112510,810,21,0.49,9,1,personal,0
2920,113708,529,29,0.35,6,5,education,1
41585,117819,331,25,0.35,1,9,home,0
12683,133145,357,16,0.43,19,6,personal,0
12336,124531,403,28,0.3,4,8,education,0
16596,33280,611,17,0.6,13,8,personal,1
3093,56303,366,14,0.49,8,8,personal,0
13905,47453,673,19,0.53,5,9,auto,1
25351,141692,534,8,0.21,10,0,education,0
31981,128886,411,5,0.73,19,3,business,0
9367,80695,688,5,0.51,12,3,personal,0
6285,88449,707,10,0.19,1,9,home,0
44664,45765,353,24,0.58,9,7,education,0
38705,22340,538,27,0.17,16,2,business,1
17753,146460,594,19,0.09,17,0,education,0
19485,111715,411,2,0.42,18,2,business,0
13977,113409,387,22,0.44,14,5,business,0
20874,58057,775,11,0.18,17,6,personal,0
8674,20597,603,14,0.29,1,8,auto,0
30038,77988,604,6,0.71,15,4,education,0
30315,114655,589,24,0.25,19,4,home,1
4676,35025,507,21,0.16,2,2,home,0
3426,27145,669,17,0.74,14,2,auto,1
25473,121206,519,21,0.26,2,8,home,0
3962,75797,530,14,0.53,15,2,education,0
30943,61723,648,7,0.21,1,2,home,0
1859,93230,554,21,0.44,1,8,education,1
45816,24830,751,8,0.32,12,3,business,0
5138,43930,441,14,0.72,15,5,personal,1
36192,43752,368,15,0.35,18,0,auto,0
26640,128138,388,19,0.46,15,1,auto,1
11409,96025,435,2,0.71,7,2,home,0
5017,118228,822,26,0.74,12,1,education,1
11451,101304,741,4,0.12,10,9,personal,1
29327,82040,337,2,0.63,2,2,home,0
11278,128668,507,26,0.32,2,4,personal,0
25944,87696,509,27,0.47,6,0,education,0
44764,131572,812,1,0.31,6,0,home,0
2134,84648,659,1,0.33,10,6,home,0
31131,75030,300,3,0.16,3,8,personal,1
38887,76815,680,2,0.45,16,8,home,1
39462,105669,836,8,0.43,5,6,personal,1
23520,132789,693,29,0.18,5,1,education,0
22869,55690,349,22,0.43,10,6,personal,1
37932,108406,695,21,0.73,13,8,education,1
6039,110032,331,25,0.55,3,6,education,0
22281,77923,844,11,0.39,18,1,business,0
48399,56572,533,23,0.69,19,6,personal,1
11442,74030,325,8,0.45,6,3,auto,0
9252,87904,733,18,0.14,1,7,business,1
28586,133461,360,11,0.43,10,2,business,0
18568,126397,740,15,0.18,10,4,personal,0
21810,122236,429,25,0.59,1,2,business,1
2551,49203,653,22,0.73,19,6,business,1
13625,97088,497,24,0.3,11,2,home,1
35397,25608,670,0,0.35,13,9,education,0
27249,141323,446,9,0.35,17,4,auto,1
2361,65667,797,24,0.25,18,0,personal,0
27149,75547,347,29,0.61,4,3,home,1
5370,42485,471,22,0.48,15,5,auto,1
6283,127596,614,9,0.09,2,1,auto,0
8610,29862,675,29,0.64,6,5,home,1
44326,148391,832,3,0.18,9,9,personal,0
15924,123835,719,28,0.74,11,6,education,0
48607,95948,695,10,0.31,16,7,home,1
45717,106890,821,27,0.48,8,2,business,0
11626,91880,486,21,0.1,17,9,auto,1
35761,77560,332,10,0.29,4,2,business,1
1869,135063,368,10,0.61,7,4,personal,1
32552,126191,490,21,0.38,11,2,education,0
2014,103529,400,5,0.68,11,8,education,0
11103,114218,784,14,0.45,11,6,education,0
17986,134462,584,1,0.7,15,4,business,0
45781,48415,689,20,0.74,5,4,personal,1
31471,84523,459,22,0.37,6,0,business,0
34458,39323,346,21,0.45,5,8,auto,0
26069,73214,458,2,0.63,9,1,education,1
17873,37997,745,26,0.21,11,6,personal,0
24248,141266,822,27,0.65,3,6,business,1
24624,77003,454,4,0.46,4,1,business,0
44516,23679,638,28,0.56,15,7,business,1
30061,115025,664,23,0.11,18,7,business,1
25170,60308,447,10,0.59,5,8,business,1
9024,95024,443,20,0.27,11,1,auto,0
17678,59842,402,11,0.61,11,0,education,0
39256,85408,392,25,0.41,4,8,business,1
21411,89532,585,2,0.24,16,2,auto,1
44803,73938,723,8,0.72,11,9,personal,0
20296,25695,418,26,0.59,1,1,personal,1
27293,115740,328,2,0.74,13,9,auto,1
28172,78499,810,1,0.31,19,1,auto,0
22128,43382,329,5,0.5,6,1,auto,1
19257,34235,665,23,0.48,19,7,personal,0
13855,82223,437,5,0.53,6,2,business,0
20642,22366,774,16,0.08,13,0,education,0
36585,47467,691,7,0.25,11,7,business,0
21025,79316,734,0,0.69,19,1,home,0
5458,132468,533,24,0.35,7,5,auto,0
6307,26764,354,7,0.72,12,7,business,1
42701,110896,591,21,0.2,16,9,education,0
19425,133831,611,14,0.75,1,8,business,1
44427,81836,847,17,0.54,15,0,home,0
29273,51923,388,12,0.59,13,8,home,1
39506,143961,511,24,0.33,10,7,business,1
6668,115711,617,7,0.68,18,5,education,1
26934,36292,764,28,0.43,4,4,business,1
48195,144913,386,19,0.53,6,5,auto,1
8697,21614,708,17,0.12,8,1,education,0
25417,40939,539,12,0.49,9,2,personal,1
17446,132700,356,13,0.67,8,8,education,0
41597,38800,412,14,0.17,18,2,business,0
11751,76440,369,5,0.57,7,9,business,1
47218,43246,483,0,0.07,19,6,personal,1
8352,147521,575,6,0.7,18,3,home,1
14516,72805,532,0,0.74,1,8,business,0
24299,141327,353,14,0.3,11,3,home,0
32957,69648,556,28,0.12,9,9,home,1
29927,135192,389,5,0.51,10,9,auto,1
42094,76851,734,4,0.07,10,5,home,1
37412,51688,707,11,0.39,1,1,education,0
30493,113498,568,25,0.24,17,6,home,0
27711,49764,665,29,0.38,12,2,auto,0
9003,52470,650,2,0.06,12,0,business,0
32707,145088,598,21,0.09,19,6,business,1
4278,58501,458,19,0.06,17,4,personal,0
8296,77207,786,13,0.48,7,6,home,0
26398,82157,825,27,0.44,11,0,education,0
36842,23216,654,5,0.21,2,4,personal,0
14261,42072,700,3,0.5,16,1,personal,0
12173,113778,704,14,0.67,9,0,auto,0
31449,144288,395,16,0.24,10,5,business,0
42080,57132,691,4,0.63,10,4,home,0
2637,130573,651,23,0.51,3,3,home,0
32781,140730,587,5,0.07,17,0,business,1
14652,37861,822,9,0.31,14,4,auto,0
6103,84186,461,8,0.41,19,6,auto,0
26500,132133,481,3,0.56,18,0,auto,1
35800,24960,848,25,0.25,18,3,education,0
36529,38781,381,8,0.74,14,5,home,1
48963,126605,823,7,0.53,3,7,auto,0
19452,146434,303,2,0.31,10,6,auto,1
32174,51126,794,29,0.12,13,6,business,0
36436,127145,350,21,0.18,12,7,personal,1
48406,42578,560,19,0.39,9,6,personal,0
16954,142258,433,0,0.4,10,3,personal,1
18186,126034,661,24,0.59,19,5,home,0
13356,37883,516,19,0.56,16,1,education,0
33963,49782,367,26,0.19,3,7,home,1
3187,76387,442,29,0.47,12,2,business,1
12707,36979,645,4,0.06,8,3,auto,0
36098,53746,493,2,0.33,15,1,home,0
27935,86266,545,3,0.58,11,8,personal,1
22225,20056,613,28,0.33,13,1,education,0
4606,51457,683,24,0.63,6,5,business,1
33828,22243,576,22,0.73,13,2,auto,0
27489,75031,371,23,0.48,11,5,education,0
15387,21701,428,18,0.15,6,3,home,0
4927,76381,657,14,0.32,6,7,home,0
7296,70438,824,18,0.06,5,2,education,0
31444,93839,519,15,0.47,7,7,education,0
47390,100636,305,29,0.63,19,2,auto,0
47893,131302,527,22,0.49,11,4,personal,1
3591,127697,316,7,0.6,6,1,education,1
45895,86483,311,13,0.61,9,5,auto,1
49516,40505,798,4,0.65,18,6,education,0
27147,26553,801,0,0.24,8,7,education,0
39889,53525,369,18,0.66,18,3,personal,0
2200,100402,407,4,0.51,5,8,auto,1
16721,116008,500,2,0.25,6,1,home,0
20238,64348,351,29,0.74,2,7,auto,1
12087,91187,848,16,0.72,4,5,auto,0
31816,27273,558,6,0.45,19,3,auto,0
24408,84236,781,16,0.64,4,1,personal,0
40740,95569,563,25,0.23,16,3,personal,1
1136,23535,602,12,0.34,1,2,business,0
18413,38677,424,21,0.18,16,3,home,1
49114,103024,569,21,0.41,1,3,personal,1
19978,127157,779,13,0.4,17,6,personal,1
1661,20908,431,22,0.2,5,0,auto,1
36240,141227,301,11,0.52,16,8,auto,1
28253,90153,414,10,0.13,3,4,education,1
27884,128352,780,0,0.09,10,2,education,0
33854,115967,300,26,0.32,18,6,education,0
11704,108989,630,2,0.34,18,6,personal,0
39987,55079,690,11,0.27,17,7,education,0
25527,101556,442,8,0.23,11,9,home,0
17322,135477,627,1,0.29,9,3,education,0
48517,131889,676,13,0.16,11,8,business,0
7968,132321,389,4,0.33,9,1,business,0
28518,69323,341,2,0.68,17,5,auto,1
47364,65320,334,11,0.21,5,2,personal,0
28886,112098,793,11,0.53,12,7,business,0
2700,109909,423,28,0.15,18,7,home,1
29246,66105,356,20,0.3,16,5,auto,1
36468,50164,755,6,0.27,9,3,business,0
24199,21885,534,0,0.71,8,7,education,1
45589,77819,691,2,0.35,6,5,business,1
33115,149379,791,10,0.53,17,8,business,0
6520,21049,642,12,0.47,14,6,auto,1
45278,73281,475,21,0.15,14,8,personal,1
37455,63271,351,22,0.71,4,7,education,1
21929,86697,849,9,0.29,8,3,education,0
42605,86351,777,18,0.08,17,5,education,0
15955,56534,788,3,0.26,1,6,education,0
45049,113034,304,21,0.28,3,3,personal,0
14917,78097,508,4,0.11,17,3,education,0
5757,73813,516,10,0.48,3,9,personal,0
14045,45037,835,8,0.29,7,2,auto,0
42680,56007,641,12,0.49,11,9,home,0
5733,99478,700,27,0.05,15,5,personal,0
31954,47278,761,16,0.74,7,1,education,0
32135,28272,510,14,0.17,5,3,auto,0
8081,137492,325,12,0.51,17,7,auto,1
42458,148913,551,20,0.55,5,2,business,0
24501,77183,302,10,0.17,1,7,business,0
22113,119173,301,0,0.13,7,6,home,0
35441,58294,301,7,0.16,17,6,home,1
48086,93277,449,22,0.22,8,8,business,1
25690,82509,303,4,0.17,12,3,business,0
44939,24694,796,21,0.52,2,7,auto,0
30345,115842,849,15,0.34,17,1,personal,0
47313,78150,767,3,0.43,14,2,business,0
45571,87470,369,24,0.08,3,3,education,0
27829,41556,500,29,0.65,19,8,personal,1
36062,84471,607,18,0.17,14,0,personal,0
4630,69855,551,17,0.3,8,6,education,1
48861,69086,586,22,0.1,7,1,education,0
32870,38907,591,28,0.15,5,4,education,0
48221,137327,453,1,0.52,3,0,auto,0
45942,91695,432,12,0.53,1,5,business,1
4453,68487,573,15,0.52,19,2,business,0
38275,49158,808,21,0.44,15,5,auto,0
44370,40293,652,26,0.72,1,7,personal,1
39396,65761,304,7,0.41,5,7,auto,0
9328,132117,592,18,0.36,11,3,business,0
16534,119468,659,2,0.22,14,6,home,0
20744,53387,513,18,0.12,18,5,auto,1
20389,60750,705,16,0.43,9,1,home,0
37320,88602,735,8,0.27,15,5,home,0
36010,41256,314,20,0.42,11,1,education,0
15665,126942,572,24,0.19,5,3,education,0
38865,120641,344,20,0.64,15,4,education,0
9640,143088,711,22,0.75,2,8,home,0
35716,25594,486,16,0.28,12,2,business,0
26521,22460,469,24,0.64,7,4,education,1
31049,92356,700,0,0.66,2,1,education,0
6618,74698,545,3,0.75,8,2,personal,1
38004,148853,342,22,0.29,9,4,home,1
2920,121746,478,26,0.58,5,6,home,0
44937,36191,756,14,0.21,15,5,education,0
5188,104631,834,11,0.49,19,1,personal,0
13207,134630,543,24,0.54,19,8,personal,1
1238,30529,316,16,0.57,13,7,auto,0
33972,52175,411,11,0.2,13,8,auto,0
11799,37675,846,15,0.64,6,8,education,1
6552,63158,329,29,0.34,1,4,home,1
29916,66798,491,12,0.2,10,6,personal,1
5927,90910,736,10,0.43,6,6,personal,1
28964,45976,478,14,0.65,3,9,personal,1
12164,83116,773,28,0.73,13,8,home,1
38158,98678,433,15,0.57,19,8,auto,0
20071,82821,611,5,0.05,10,5,education,0
49409,137343,324,26,0.14,13,2,auto,0
7160,32204,670,25,0.1,7,7,personal,0
16810,75665,824,10,0.12,15,0,personal,0
6126,27394,618,14,0.32,4,9,home,0
31009,135392,529,4,0.29,11,3,home,1
34584,84814,401,2,0.13,8,9,home,1
47182,53593,749,25,0.67,2,1,education,0
26396,61964,677,1,0.48,1,4,business,1
1192,97188,502,0,0.61,1,6,business,1
37413,135064,566,14,0.31,16,0,education,0
13816,119276,761,1,0.34,18,3,education,1
40082,73365,664,27,0.27,11,2,education,0
33130,129572,403,28,0.36,8,3,auto,0
41142,20443,410,19,0.48,19,5,education,0
37468,109439,727,5,0.4,12,9,auto,1
31698,119058,768,11,0.64,6,5,home,1
11655,48180,549,20,0.68,16,0,personal,1
48897,68791,781,15,0.38,8,2,business,0
31075,106655,630,13,0.22,7,0,personal,0
10359,95899,500,3,0.71,3,0,business,1
37661,63665,753,7,0.56,1,0,home,1
40579,123700,803,11,0.5,6,2,business,0
43056,117077,845,22,0.57,3,1,home,0
34272,23465,410,13,0.1,19,3,personal,1
43581,88247,843,19,0.1,2,6,auto,1
15671,71559,508,25,0.16,17,1,business,1
28048,45198,332,12,0.15,16,1,education,1
11738,74740,406,28,0.34,7,6,auto,0
26963,42488,564,4,0.16,6,8,auto,1
44954,58515,525,11,0.65,11,2,home,1
7773,136411,786,9,0.45,15,9,personal,0
37584,109144,478,20,0.31,11,7,education,0
30894,47898,521,18,0.1,7,5,personal,1
1717,21919,669,12,0.46,15,5,personal,1
12676,70070,466,8,0.13,16,2,auto,0
5434,82613,599,10,0.57,8,9,education,1
38825,116707,680,4,0.61,5,8,business,0
30100,131777,334,27,0.43,17,8,education,1
5994,106135,706,12,0.15,2,3,home,0
5234,102501,801,9,0.6,7,9,auto,0
4764,67003,613,17,0.27,6,5,education,1
44949,68478,400,28,0.21,12,4,home,1
38405,34434,514,14,0.38,16,3,business,0
35872,66246,361,19,0.7,11,1,personal,1
43215,56649,668,11,0.26,17,3,personal,0
24185,79030,667,3,0.68,10,6,home,1
44442,73061,393,4,0.09,16,2,auto,1
42153,21999,768,7,0.11,16,2,personal,1
12999,34849,325,4,0.54,15,2,auto,1
37487,96439,734,0,0.18,15,8,auto,0
3581,135088,420,17,0.27,4,0,personal,0
3763,133004,349,18,0.15,3,4,business,1
28374,72800,335,18,0.28,14,8,education,1
39759,25445,709,9,0.25,10,6,personal,0
11531,120932,588,21,0.57,6,0,education,1
26307,38040,678,8,0.54,11,3,auto,0
31835,135308,399,25,0.72,4,5,business,0
12064,84315,623,0,0.56,10,4,auto,1
12312,20246,628,21,0.54,16,1,business,1
38548,51153,520,24,0.54,8,0,home,0
37945,25212,409,19,0.67,9,3,business,0
48937,23339,448,25,0.26,4,9,business,1
7476,108678,705,2,0.26,17,4,auto,0
25565,76238,709,12,0.57,10,3,personal,0
3382,39394,428,5,0.21,13,2,personal,0
23463,73871,783,5,0.69,17,9,education,1
46276,120672,407,28,0.42,19,7,home,0
34402,97722,688,17,0.26,17,5,business,0
27345,54607,724,4,0.59,4,2,education,0
45764,72055,746,16,0.27,6,5,business,0
27946,124509,367,28,0.72,14,9,business,0
15162,24395,365,24,0.74,9,7,home,1
47773,147378,803,24,0.52,6,6,home,0
9397,35290,803,2,0.13,10,0,education,0
23335,107687,620,4,0.23,6,5,personal,0
46095,85078,746,2,0.41,9,0,business,0
15394,23691,509,22,0.65,13,3,auto,1
28197,27470,669,12,0.18,16,9,education,0
23010,23841,757,14,0.12,16,2,business,0
25123,122652,462,16,0.1,19,6,home,1
23387,83197,631,14,0.4,5,1,home,0
3890,75773,649,4,0.67,11,3,home,1
28769,37776,767,21,0.08,15,4,home,0
44626,146630,725,13,0.2,8,1,personal,0
9026,91596,626,10,0.54,15,8,personal,1
4306,138943,405,27,0.63,11,1,business,1
34665,47584,554,13,0.62,13,5,business,1
10277,133829,657,6,0.6,2,7,education,1
43239,24300,743,2,0.14,2,6,home,0
48664,23338,412,22,0.33,12,5,home,1
49008,82601,329,19,0.74,9,7,auto,1
15683,25487,823,9,0.74,15,4,auto,1
1670,56282,345,10,0.47,7,9,home,0
24675,115065,470,29,0.55,14,8,auto,1
18889,135447,429,5,0.72,17,1,auto,0
45535,115798,652,4,0.36,2,5,home,0
14006,145648,502,19,0.15,9,9,personal,0
49536,96816,525,21,0.52,13,6,personal,1
27531,128611,379,12,0.72,5,8,business,1
22639,48804,609,11,0.54,4,4,personal,0
17633,29915,334,18,0.61,1,5,home,1
35660,31158,460,18,0.35,9,8,auto,0
4439,94157,734,20,0.12,16,9,home,0
33172,30547,837,26,0.17,19,5,education,1
36622,108713,524,4,0.74,3,0,auto,0
12577,131789,745,24,0.4,3,3,home,0
12763,22459,616,19,0.06,7,3,business,1
21176,48768,713,20,0.72,18,2,business,0
45386,83146,394,27,0.4,7,7,auto,0
25255,123577,524,8,0.64,16,5,personal,1
42003,70870,365,3,0.43,4,6,business,0
20996,127761,696,28,0.12,13,8,education,1
36386,123727,509,14,0.48,10,7,auto,1
22062,70460,773,2,0.75,2,2,education,0
36931,102970,789,22,0.07,19,3,auto,0
36710,80817,479,6,0.64,14,0,personal,1
35693,58247,823,23,0.21,6,3,home,0
36740,35419,758,19,0.33,13,8,auto,0
12705,120553,367,19,0.31,12,4,home,1
44408,55577,628,13,0.68,12,2,auto,0
29047,22921,501,13,0.4,12,1,personal,0
11966,24676,774,8,0.36,11,5,education,1
18374,105961,817,25,0.62,14,3,home,1
12138,120721,314,22,0.08,4,5,education,1
16935,69684,341,2,0.11,13,2,auto,1
46913,33463,842,28,0.07,8,2,auto,0
1489,148101,588,8,0.53,3,0,personal,1
45516,45474,832,28,0.42,14,8,auto,0
23260,60935,543,20,0.66,19,6,personal,1
27069,145534,473,3,0.4,18,8,auto,1
20275,87005,833,16,0.21,11,0,education,0
37284,145800,808,24,0.61,13,7,auto,0
40178,78596,543,5,0.26,6,1,home,1
33821,92828,359,15,0.7,18,2,business,1
17999,143649,403,26,0.23,1,0,home,0
39712,110945,602,17,0.17,2,6,home,0
41172,109062,376,12,0.4,7,4,personal,1
34722,75152,317,6,0.09,5,2,auto,0
11625,109001,833,2,0.08,19,3,education,0
2629,116491,483,5,0.4,2,9,auto,0
11973,112321,849,23,0.2,3,5,business,0
7859,106569,580,2,0.06,10,5,auto,0
42609,92467,587,28,0.26,10,1,business,0
44307,72576,824,27,0.38,8,6,business,0
46450,86627,773,11,0.33,9,1,home,0
37046,45772,566,4,0.14,2,8,business,1
22839,36363,656,29,0.46,3,1,business,0
28216,48490,300,21,0.55,16,4,education,0
19945,79004,326,16,0.52,4,7,personal,0
7539,142537,847,9,0.33,6,7,auto,0
34625,73806,459,6,0.15,13,3,education,0
5886,20260,698,3,0.4,6,6,personal,1
46713,95992,842,9,0.67,10,7,home,0
8485,42320,426,26,0.38,17,7,education,0
32455,98971,509,6,0.19,8,4,education,1
47448,147780,449,22,0.12,9,9,home,0
17767,62145,330,10,0.71,2,1,business,0
48165,83688,601,20,0.57,17,1,home,0
29453,68581,556,7,0.27,11,4,auto,1
11744,112561,356,7,0.26,18,3,home,1
38102,113645,308,4,0.68,3,3,education,0
13226,40754,304,4,0.17,9,2,home,0
28869,89837,413,6,0.42,8,8,auto,0
23588,27207,504,21,0.55,7,7,business,1
14440,47920,323,3,0.33,7,3,business,0
32709,107739,792,1,0.08,8,6,personal,1
48788,143746,705,23,0.21,5,7,personal,1
23495,134780,402,18,0.68,3,5,auto,1
38019,107081,359,1,0.42,19,1,personal,0
45948,44016,385,15,0.62,2,7,business,1
49908,116634,671,11,0.44,14,2,business,0
1922,80522,501,14,0.71,2,3,personal,1
28526,144231,388,9,0.69,10,3,home,0
8957,140896,736,22,0.39,10,6,business,0
49564,94092,419,25,0.27,17,7,personal,1
34998,74068,455,5,0.47,2,8,personal,1
44395,132099,698,23,0.52,1,0,auto,0
25031,40102,487,12,0.4,18,0,auto,0
11006,124429,351,29,0.63,4,6,business,0
38701,21924,830,5,0.18,1,3,education,0
48063,105015,779,22,0.28,17,9,personal,1
26939,124987,529,1,0.53,3,7,home,1
21324,74333,780,25,0.22,2,4,education,0
23867,104458,429,13,0.36,18,0,personal,0
1203,144176,354,17,0.72,4,1,education,0
17544,104196,570,5,0.49,3,9,personal,0
16899,66099,399,24,0.71,12,2,personal,0
30063,77346,368,29,0.56,16,1,education,1
26344,146372,598,18,0.56,11,8,auto,1
4748,95481,828,26,0.46,10,6,personal,1
40486,70062,653,25,0.15,19,1,business,0
2093,20306,451,13,0.41,10,6,education,0
16228,108495,629,29,0.23,3,9,auto,0
21884,89767,415,12,0.75,6,0,home,1
26183,124332,841,7,0.24,14,4,personal,0
17034,32207,622,4,0.21,12,4,personal,0
6710,59426,528,12,0.49,8,8,business,1
43500,26336,659,5,0.41,2,3,auto,0
20259,132200,304,21,0.06,9,3,personal,0
36959,95166,327,26,0.14,14,5,auto,1
34457,37256,663,27,0.62,1,1,personal,1
21143,119445,761,25,0.39,3,9,home,0
3103,69817,530,26,0.15,6,5,business,0
1365,126704,694,28,0.38,13,6,home,0
47778,53719,570,18,0.23,11,3,home,0
45535,62017,603,10,0.21,15,9,education,0
17103,65704,682,26,0.72,18,8,home,0
33510,50013,327,15,0.3,19,4,business,0
25476,99991,818,4,0.08,19,2,business,0
13742,90258,498,11,0.73,6,8,personal,1
13391,98348,381,16,0.61,15,0,home,0
37940,115812,387,1,0.23,14,7,auto,1
29901,56776,689,9,0.34,5,0,education,0
33001,30060,750,14,0.65,11,9,education,0
16623,98592,732,18,0.3,13,7,education,1
3378,26655,673,19,0.45,13,4,business,1
22372,108110,734,28,0.42,4,6,business,0
45799,69923,486,24,0.33,9,7,personal,1
39437,98563,689,16,0.5,13,0,home,0
36503,24030,517,18,0.38,8,0,business,1
31746,109779,407,18,0.06,11,6,education,1
28923,53289,849,12,0.62,19,0,business,0
10867,39739,648,12,0.13,1,3,home,0
42258,119704,821,15,0.37,9,5,business,0
34724,149157,325,21,0.46,2,1,home,0
10306,130234,347,20,0.54,4,9,personal,0
40391,81687,669,2,0.34,4,4,business,0
15908,56491,313,3,0.56,1,9,home,0
28081,115549,486,26,0.14,18,9,home,0
38228,92115,823,6,0.51,14,9,auto,1
24386,137935,578,2,0.63,13,5,personal,1
47754,103778,640,8,0.67,8,4,business,0
46406,24781,627,7,0.46,6,9,auto,0
29302,40448,324,28,0.27,17,7,business,1
20212,131177,828,17,0.16,11,3,education,0
36618,71550,725,20,0.29,15,7,education,0
47067,69294,328,13,0.43,7,2,home,1
11698,41446,622,19,0.19,8,6,auto,1
5594,96579,612,27,0.72,11,4,home,1
26525,105389,569,28,0.68,2,4,home,1
15282,134679,594,4,0.07,11,5,home,1
15334,105615,522,2,0.44,14,4,education,1
30179,37101,374,9,0.6,13,0,home,1
7644,86178,401,10,0.22,8,8,home,1
36618,48016,831,16,0.42,12,3,home,0
48701,38932,472,7,0.33,9,4,home,0
33933,64653,303,8,0.19,10,0,auto,0
44469,110481,778,7,0.48,11,2,business,0
34687,72802,694,19,0.75,11,2,auto,0
42073,27549,466,27,0.31,16,7,personal,1
18375,98933,599,1,0.44,18,7,auto,1
49483,45362,417,3,0.28,9,8,personal,1
31926,67842,811,29,0.66,3,9,education,1
37607,66539,474,15,0.66,4,6,business,1
18642,53717,458,8,0.18,19,5,home,0
24993,74596,683,25,0.68,10,7,personal,1
45386,135209,526,8,0.16,13,2,education,0
47287,43016,337,20,0.12,1,9,business,0
22188,75200,762,4,0.51,12,9,personal,1
33596,100268,730,25,0.32,11,9,education,0
28772,80287,403,2,0.42,5,7,home,1
31857,135042,492,13,0.51,2,2,education,0
11776,147922,549,14,0.09,17,1,education,1
33835,112447,312,5,0.26,17,8,home,1
10788,103402,687,15,0.37,15,0,personal,0
6660,62607,370,22,0.24,4,9,education,0
5478,47621,737,27,0.08,11,9,home,0
9210,32823,343,9,0.11,1,1,personal,1
11922,49986,571,13,0.61,10,6,home,1
37289,141682,313,11,0.69,18,0,auto,1
34340,84325,670,8,0.16,15,4,personal,0
40850,136903,411,22,0.22,19,8,auto,0
39163,147925,678,18,0.51,4,8,education,0
49175,139404,613,11,0.72,6,3,education,1
19642,77771,714,12,0.26,2,9,education,0
12094,74973,784,22,0.65,13,1,personal,0
23423,137225,468,12,0.4,2,8,business,1
34418,34690,545,16,0.72,13,3,personal,1
6741,59107,565,1,0.15,15,2,personal,0
47049,77888,542,19,0.73,18,2,business,0
7838,30956,599,22,0.36,11,6,personal,1
4262,106839,626,8,0.72,5,1,auto,0
5996,76227,829,20,0.37,14,4,business,0
45594,56533,641,7,0.42,16,1,business,0
23164,115210,548,6,0.61,14,6,auto,0
36595,143538,679,4,0.56,9,6,business,0
31257,76234,831,28,0.48,6,2,business,0
15211,121131,680,18,0.34,9,2,auto,0
31453,87594,341,2,0.6,5,7,home,1
6232,76901,644,12,0.71,11,6,home,1
3217,31519,560,5,0.06,12,3,home,0
25229,51115,605,25,0.46,17,1,auto,0
15232,86266,539,10,0.66,6,2,education,1
26613,21832,612,3,0.51,6,2,personal,0
15026,61368,740,2,0.61,15,4,business,1
29554,108425,432,3,0.68,17,6,auto,1
31908,133922,350,2,0.58,3,3,personal,0
20610,125474,691,12,0.55,19,0,auto,1
47646,89715,822,14,0.73,2,2,business,1
40605,91835,807,11,0.65,9,2,education,0
8031,93366,653,14,0.62,9,0,auto,0
48574,129743,694,25,0.11,7,7,personal,0
26515,57570,395,10,0.22,16,3,personal,0
37484,107977,405,10,0.44,6,4,business,1
37182,26615,812,12,0.55,9,2,home,1
1570,92298,541,11,0.26,13,3,business,1
33254,58311,787,5,0.12,2,0,business,0
20288,110245,814,28,0.27,14,3,home,0
14288,123187,360,22,0.59,5,1,education,1
30877,43434,715,19,0.66,11,9,auto,1
19889,106879,593,18,0.69,15,5,personal,1
1917,35739,601,18,0.32,6,1,auto,0
11066,86202,469,26,0.31,6,8,auto,0
30504,118580,340,2,0.33,16,1,personal,0
7982,113419,530,15,0.31,4,3,home,0
40104,99599,708,8,0.52,5,3,personal,1
19062,53649,596,26,0.3,6,0,home,0
17999,120364,754,26,0.06,13,6,home,0
10941,67445,356,13,0.36,14,0,business,1
24470,136770,539,29,0.21,13,7,education,1
46148,59470,475,27,0.07,10,2,business,0
22133,94965,362,2,0.38,17,7,education,1
45435,145332,437,2,0.19,18,7,home,0
5529,68621,753,23,0.37,7,9,business,0
18519,149681,748,19,0.24,4,9,auto,0
13192,52926,525,6,0.47,16,4,personal,0
9566,149979,742,18,0.74,10,2,personal,1
8226,134300,505,23,0.43,19,8,personal,0
38930,57997,326,2,0.5,3,0,education,0
22259,79940,756,20,0.69,19,0,personal,0
35087,60724,406,0,0.31,13,1,education,0
2141,117805,743,11,0.17,8,9,education,0
5627,51704,335,20,0.25,18,5,education,0
48269,142202,454,5,0.33,19,1,auto,0
3690,48391,468,6,0.5,18,3,home,0
41091,83291,571,1,0.05,19,5,auto,0
4255,109723,846,17,0.65,4,1,home,0
6213,130870,719,29,0.1,13,3,auto,0
37876,22526,483,24,0.68,12,6,education,1
20404,44686,536,14,0.71,15,0,home,1
26380,93339,808,14,0.74,15,8,personal,0
26520,118204,740,9,0.62,10,9,auto,1
20173,26574,421,16,0.15,19,9,home,0
24989,28733,716,17,0.54,8,6,personal,0
43570,70290,834,17,0.19,19,8,business,1
25519,92793,674,28,0.68,9,6,education,0
23439,56051,625,14,0.27,7,0,auto,0
12413,35909,779,25,0.28,8,6,auto,0
15995,109682,449,22,0.69,9,8,business,1
24559,97338,789,5,0.06,17,7,home,1
46351,93432,452,8,0.19,15,3,auto,0
24513,147335,316,10,0.35,16,4,auto,1
6021,48133,647,14,0.54,7,2,auto,0
33464,71571,758,22,0.5,10,9,auto,0
22119,99062,501,2,0.52,19,9,business,1
30299,70908,722,18,0.67,6,1,education,1
40350,31278,579,0,0.13,12,2,auto,1
47223,131546,721,23,0.42,15,6,business,1
26517,71458,764,16,0.56,10,7,personal,0
14117,84265,654,10,0.5,18,1,auto,0
23250,76782,677,29,0.36,4,8,home,0
19950,75415,423,17,0.06,11,3,business,0
18359,111087,379,10,0.09,5,1,home,0
24596,74160,532,27,0.13,13,6,education,1
26530,74399,779,6,0.29,10,1,personal,0
2262,45298,453,0,0.13,7,6,home,0
41150,120874,708,11,0.35,11,7,auto,0
23615,42191,330,3,0.18,4,8,business,1
4327,76964,802,24,0.6,4,0,personal,0
30768,53092,670,7,0.66,5,1,business,0
29850,109407,622,14,0.32,9,1,personal,0
43788,95257,631,10,0.41,1,6,home,0
17848,123949,542,29,0.72,16,5,education,1
47830,82513,729,28,0.42,5,8,business,0
40542,71097,481,7,0.75,5,2,auto,0
16160,50279,772,11,0.15,7,7,business,1
34998,34404,675,2,0.65,8,4,education,0
28230,90022,380,20,0.4,19,4,home,0
10076,55198,849,3,0.07,1,9,auto,1
4805,114223,719,26,0.73,18,4,auto,0
32085,138198,766,11,0.73,11,7,home,1
15715,69997,727,7,0.32,16,6,business,0
6750,98692,356,26,0.72,11,6,auto,1
49395,20567,621,22,0.15,9,3,business,0
14232,81032,841,29,0.53,7,5,business,0
36903,22179,794,22,0.18,15,0,home,0
7953,22019,565,9,0.22,11,5,education,1
33093,101455,526,25,0.6,19,4,education,1
26500,105239,353,22,0.31,7,0,business,0
23418,38704,303,0,0.05,16,0,home,1
35314,38030,738,12,0.34,3,2,education,0
49225,146883,609,6,0.21,16,3,business,0
23449,89445,388,19,0.53,8,0,auto,1
18478,93551,619,27,0.19,10,9,auto,1
36179,23420,674,2,0.64,9,6,personal,0
47881,79875,800,28,0.24,3,1,personal,0
26338,67653,533,15,0.33,7,3,personal,0
27899,36740,636,11,0.26,8,8,education,0
5145,85263,484,28,0.5,3,7,auto,1
33101,125789,737,4,0.12,16,1,auto,0
3775,115864,479,17,0.38,14,8,education,1
46961,84559,375,7,0.28,7,0,auto,0
32647,39465,571,11,0.67,4,5,auto,1
46619,71432,354,27,0.1,6,2,business,0
46838,24131,376,24,0.63,7,0,auto,0
20539,30652,595,20,0.17,12,7,business,0
37738,84973,518,2,0.11,7,5,personal,0
27616,107043,576,15,0.19,1,3,home,1
15119,67147,565,9,0.12,18,2,business,0
26159,67671,342,22,0.41,11,9,auto,0
38099,134217,660,16,0.74,11,1,personal,0
11295,109342,527,9,0.07,17,4,home,1
35710,39171,526,2,0.37,12,7,home,0
25685,106129,362,24,0.32,19,7,personal,0
26479,148748,470,1,0.29,18,2,personal,1
47172,75692,606,26,0.28,13,8,home,1
34629,78541,333,13,0.68,10,9,home,0
43043,29470,429,8,0.06,19,4,auto,1
18033,135153,693,26,0.59,4,6,business,1
37902,81344,450,16,0.23,15,8,business,0
45571,64308,683,3,0.32,18,6,home,1
16408,70639,316,27,0.34,1,9,home,0
18420,41326,313,25,0.26,19,2,education,0
17351,24597,380,28,0.12,2,1,home,0
5131,122840,506,21,0.13,10,6,business,0
45825,50788,503,14,0.26,18,9,auto,0
12349,85020,678,12,0.63,4,7,education,1
45254,69477,843,22,0.14,10,3,business,0
39225,128261,322,18,0.57,4,0,auto,0
39847,122466,461,8,0.25,18,5,education,1
13453,53071,443,3,0.67,4,8,education,0
19814,90603,403,20,0.35,15,3,education,1
19263,81923,681,7,0.17,18,2,education,0
13158,90560,754,27,0.74,9,5,education,0
16735,93251,716,14,0.17,17,5,education,0
16830,144320,623,13,0.45,3,3,personal,0
48893,77492,470,2,0.45,13,6,auto,0
45673,51770,573,23,0.31,7,1,business,0
24926,96762,751,29,0.72,14,0,home,0
46066,55399,424,29,0.64,6,5,business,0
35779,141079,682,26,0.63,14,2,personal,0
4373,98948,616,16,0.73,14,2,personal,1
11335,133341,406,7,0.37,14,0,education,0
24741,77439,762,13,0.12,18,1,personal,0
11692,64415,729,12,0.59,9,2,business,1
48295,32569,636,14,0.32,12,0,personal,0
46541,22369,795,10,0.18,14,7,business,0
35057,129963,661,26,0.39,16,5,education,0
2447,117557,731,14,0.7,2,8,education,1
20583,20528,819,11,0.17,16,0,personal,0
23765,128806,705,25,0.64,18,3,home,0
24906,50314,676,23,0.34,9,3,education,0
20567,122979,451,21,0.15,8,4,auto,0
15139,38047,621,20,0.64,1,1,auto,1
47525,39748,513,8,0.73,5,0,education,0
39230,55109,364,21,0.25,7,8,personal,0
20520,33919,569,14,0.26,10,4,education,1
20702,67498,836,0,0.32,11,7,personal,0
26566,75808,399,11,0.62,12,2,business,1
8657,100792,404,5,0.06,1,3,home,0
38688,90441,430,0,0.21,6,3,home,0
31134,133843,688,21,0.54,4,5,business,0
11345,133559,620,18,0.33,3,3,business,0
42185,94420,737,21,0.28,4,4,business,0
28413,48906,318,12,0.66,6,4,home,1
6208,127447,524,5,0.69,5,7,education,0
34455,91486,759,16,0.71,9,8,auto,1
29018,86896,693,12,0.24,4,7,personal,0
46991,123431,525,8,0.69,14,4,auto,1
9080,41946,659,7,0.57,15,5,personal,1
22902,67020,729,14,0.16,4,3,home,0
10486,94266,314,17,0.48,14,1,education,0
39862,143699,845,1,0.07,10,4,auto,1
22158,42161,713,20,0.55,7,0,business,0
41460,47738,654,25,0.56,18,0,business,1
44856,23925,756,1,0.6,15,0,business,0
36871,28463,830,10,0.17,8,3,auto,0
36208,77153,495,0,0.49,9,4,education,1
21519,102948,414,17,0.18,5,3,education,0
32379,81009,716,20,0.71,6,5,business,1
29378,107938,651,26,0.52,12,1,auto,1
40892,119546,374,25,0.12,7,4,business,0
15031,111253,335,29,0.18,7,5,personal,1
15536,61552,541,6,0.51,15,4,personal,1
1446,76271,362,20,0.38,19,5,auto,0
37683,29797,808,16,0.57,13,7,personal,0
49555,106130,487,15,0.25,18,1,home,1
18618,91942,392,6,0.51,10,6,home,0
7587,138065,304,21,0.17,8,5,home,1
32480,33965,737,6,0.43,11,9,personal,0
33994,33733,465,1,0.72,8,7,education,1
21527,73223,745,4,0.49,8,8,home,0
24569,147182,324,13,0.08,15,7,business,0
12151,146574,807,7,0.74,2,4,education,1
6558,46926,397,28,0.16,13,3,auto,0
45739,48783,567,11,0.55,18,2,personal,1
33954,103360,692,6,0.42,12,9,business,0
48448,56394,584,5,0.26,8,8,auto,0
48327,128378,408,12,0.17,17,6,personal,0
44837,84796,326,21,0.17,6,0,personal,1
36303,48287,354,11,0.65,16,2,business,1
35700,102104,432,16,0.66,14,2,personal,0
28500,50436,351,15,0.38,10,5,personal,1
3032,106916,792,0,0.12,2,1,personal,0
2252,110332,597,6,0.67,13,3,education,0
6509,93567,698,2,0.39,1,1,home,0
38842,107483,317,5,0.36,18,4,business,1
14900,23188,545,27,0.34,14,3,education,0
15523,111205,802,20,0.31,3,3,business,0
2881,121249,388,2,0.42,15,3,education,1
34037,117349,502,21,0.47,9,3,personal,0
2630,26765,539,2,0.38,13,4,personal,0
21789,71626,789,7,0.68,5,1,education,1
23523,108707,312,13,0.27,5,5,personal,0
18958,30807,614,22,0.45,2,0,home,0
47151,30204,497,8,0.26,1,9,business,0
49920,112602,542,4,0.58,17,1,personal,1
44852,77944,806,27,0.12,19,2,auto,0
2695,62120,342,14,0.18,17,1,education,0
15821,122903,629,16,0.61,9,2,education,0
4262,42658,728,26,0.18,10,7,personal,1
2445,57081,461,9,0.49,15,2,education,0
17436,145615,734,26,0.73,13,9,auto,1
10949,54986,532,7,0.42,17,0,education,0
24963,99322,410,17,0.18,7,7,auto,1
30932,114819,531,5,0.27,4,7,education,0
7901,70304,572,16,0.63,3,6,education,0
34487,85592,340,21,0.3,1,3,auto,0
9597,78548,765,3,0.56,7,4,business,1
7855,130837,376,20,0.59,5,9,home,0
19678,118447,789,14,0.4,17,5,auto,0
9263,59986,416,9,0.6,17,5,home,1
48288,94095,733,22,0.27,15,6,education,0
26805,111594,318,12,0.41,3,3,business,0
27143,108281,495,21,0.53,3,7,auto,0
12874,86151,750,0,0.17,2,1,business,0
28529,93598,724,24,0.24,8,8,auto,1
21866,48214,693,21,0.51,13,5,personal,0
15079,129824,583,21,0.51,6,0,auto,1
8243,58745,333,8,0.4,5,0,home,0
30872,129723,594,27,0.61,13,7,personal,1
10018,62548,550,25,0.39,1,9,education,1
13100,30681,638,4,0.67,18,9,auto,0
20800,26984,739,10,0.57,7,6,home,0
27910,47579,479,21,0.27,17,2,education,1
30437,110810,527,21,0.33,8,7,home,0
38588,123275,322,22,0.52,19,7,education,1
12001,74933,626,24,0.68,16,6,auto,0
47675,47399,453,20,0.18,14,4,business,0
20942,51481,445,20,0.41,10,7,education,1
21862,20944,551,3,0.13,2,4,business,1
12669,113993,601,25,0.25,16,0,education,0
16916,29114,369,19,0.53,13,7,business,1
11878,59846,842,15,0.1,5,6,auto,0
3985,103666,392,27,0.51,18,6,home,1
33369,97848,462,23,0.68,11,1,auto,0
9112,145733,380,28,0.73,5,2,education,1
42235,52596,362,17,0.2,13,2,personal,0
19931,124087,735,25,0.57,1,9,home,0
28340,95287,347,7,0.7,6,5,business,1
1336,26907,744,1,0.11,11,5,home,0
43933,143963,373,16,0.34,10,2,home,0
20363,48114,841,9,0.69,1,4,auto,1
46536,45009,456,12,0.19,16,8,education,1
4968,104846,786,14,0.7,13,6,auto,1
34678,70241,565,8,0.42,16,8,education,0
49400,55725,555,26,0.12,15,1,personal,0
17279,38996,338,7,0.36,7,9,auto,0
4129,26047,354,5,0.28,14,9,personal,0
39215,124553,327,3,0.25,11,0,education,0
39897,48767,417,17,0.43,13,1,home,0
6850,36347,669,23,0.39,5,5,personal,1
21588,122063,508,2,0.39,18,9,personal,1
41214,44102,615,25,0.11,3,6,education,0
12949,24263,692,3,0.61,12,7,education,0
9519,128585,743,20,0.39,7,5,auto,1
27375,87438,558,12,0.62,15,5,auto,1
34082,116359,497,19,0.63,1,2,education,0
12737,50540,744,10,0.27,19,8,personal,0
2134,120871,604,7,0.05,10,1,business,0
11938,95726,638,24,0.69,14,4,auto,0
25486,83769,828,13,0.58,15,2,education,1
49356,60843,353,13,0.13,2,0,business,0
27096,47690,411,15,0.54,17,1,business,0
42115,22994,718,13,0.06,10,5,business,0
6592,123533,604,0,0.07,5,9,business,1
19108,87546,737,1,0.42,6,0,home,0
18270,27377,384,27,0.12,6,1,auto,1
28649,98572,823,19,0.73,6,9,business,0
11997,46467,551,0,0.68,14,4,business,1
34489,135518,425,10,0.5,13,0,education,1
10104,20048,704,5,0.09,13,9,education,0
1870,56978,603,14,0.28,10,3,home,0
29684,135866,327,11,0.31,16,4,business,0
40519,140456,565,4,0.39,7,4,home,0
35524,67606,351,28,0.17,3,4,education,1
31957,101574,810,22,0.45,15,9,auto,0
34885,118112,506,11,0.36,5,8,personal,1
45369,93414,810,21,0.71,8,8,personal,1
36596,113145,500,13,0.71,5,4,home,1
30866,69222,583,13,0.45,2,5,education,1
31676,68115,656,18,0.5,19,7,personal,0
48764,109606,346,4,0.15,11,6,business,1
14878,60647,436,2,0.21,11,5,auto,1
40760,74607,429,24,0.68,3,3,education,0
28559,77410,494,17,0.54,13,2,home,1
47546,41996,663,5,0.18,19,3,education,0
7771,74921,731,8,0.45,15,2,auto,0
17526,103697,368,25,0.7,6,7,education,0
30896,66022,757,6,0.29,13,5,home,0
32923,60148,839,20,0.18,18,5,business,0
37203,87764,634,17,0.71,18,0,education,0
40390,111901,825,1,0.37,1,4,home,0
13852,110724,315,19,0.34,11,7,business,1
48574,144766,755,9,0.24,16,1,personal,0
44391,128118,809,11,0.67,1,2,education,1
2848,28888,508,1,0.64,19,8,business,1
32027,108666,457,27,0.33,8,3,personal,0
36464,59159,636,12,0.07,19,9,education,0
35485,62197,540,28,0.36,16,4,education,0
20456,104326,357,7,0.18,3,6,auto,1
10259,110360,604,25,0.15,2,4,education,1
36554,118941,644,22,0.33,12,1,education,0
47922,44474,313,6,0.12,10,6,business,1
14409,37333,658,2,0.72,2,5,home,1
4791,128400,676,22,0.08,5,8,auto,0
26864,56355,542,7,0.33,5,1,education,1
37639,119415,444,20,0.16,6,1,business,0
35574,149686,714,0,0.53,3,7,business,1
18888,93903,693,14,0.11,10,9,home,0
20692,86258,657,0,0.43,5,0,personal,1
24501,51145,457,11,0.59,5,7,education,1
14304,138530,317,10,0.72,15,4,personal,1
28527,138362,646,15,0.54,17,0,home,1
19074,123170,357,29,0.12,17,9,business,1
16549,95675,454,3,0.11,18,0,personal,1
30963,69854,786,1,0.56,10,5,home,1
26920,87664,830,22,0.2,7,9,personal,0
31826,127422,786,28,0.36,11,1,business,0
37071,106153,450,2,0.73,14,1,education,1
17061,113616,658,27,0.62,9,0,auto,1
29810,55285,667,3,0.64,17,0,business,1
48966,145277,346,24,0.65,2,3,personal,1
23800,37533,506,17,0.48,17,4,education,1
44423,52624,749,11,0.57,17,3,auto,1
42692,66996,782,23,0.3,10,5,home,1
10940,66947,442,0,0.75,12,7,education,1
4924,47956,699,2,0.25,12,1,business,0
29054,71030,396,3,0.46,15,0,personal,1
10783,78597,346,29,0.25,9,1,auto,1
38253,62443,490,5,0.13,18,9,education,1
46397,148344,439,16,0.45,16,5,auto,0
14233,118613,530,29,0.3,7,3,auto,0
46669,85464,639,7,0.46,14,6,education,1
25484,148019,790,17,0.44,4,1,personal,0
26068,23952,348,15,0.43,3,0,home,0
1191,76880,752,20,0.14,12,4,education,0
26074,72201,615,5,0.36,16,8,home,0
5917,140454,621,23,0.62,4,5,auto,0
39599,144444,386,18,0.27,4,5,auto,1
26832,132175,773,27,0.36,3,0,personal,0
43928,62460,581,24,0.4,9,0,education,0
21706,42796,373,27,0.65,14,3,education,0
14682,51746,752,20,0.51,12,1,business,0
27762,106785,346,7,0.12,10,2,personal,1
24383,20015,395,3,0.66,14,5,education,0
28796,69757,330,27,0.63,12,9,auto,1
24666,45957,833,8,0.58,12,0,personal,0
26662,101541,316,7,0.38,2,9,business,1
46159,41292,511,20,0.58,19,1,business,1
35642,142694,534,18,0.39,13,3,auto,0
42830,51876,691,0,0.57,10,5,education,0
38531,80727,653,20,0.67,1,2,auto,0
11234,67046,604,20,0.67,1,8,business,0
10221,34817,849,3,0.37,8,9,personal,0
12410,111006,839,9,0.65,6,3,education,0
15519,29759,808,25,0.12,3,6,auto,1
2051,68432,694,7,0.12,13,4,education,0
45993,26412,730,2,0.43,12,5,personal,0
10765,77757,476,11,0.51,16,8,business,1
12382,40504,705,25,0.16,11,8,auto,0
13580,128500,600,8,0.38,4,5,business,0
33323,28507,744,2,0.12,8,1,auto,0
45757,41050,426,3,0.47,7,8,education,1
12939,24820,648,5,0.65,16,1,home,1
30964,27835,320,8,0.57,12,1,auto,0
1307,113167,719,25,0.31,6,1,auto,0
4359,120153,451,1,0.75,6,6,business,1
30648,33587,459,1,0.51,11,3,home,0
36944,120257,779,17,0.62,12,7,home,1
35019,77732,742,20,0.52,16,7,home,0
39134,71921,395,21,0.74,16,0,home,0
28323,65499,651,2,0.62,16,0,personal,1
7226,137734,374,2,0.41,4,3,education,1
22689,142282,658,17,0.31,12,1,auto,0
31971,26840,432,26,0.53,5,2,education,0
26954,123370,699,5,0.46,9,9,education,0
25423,85077,438,0,0.49,18,1,education,0
31391,51440,545,24,0.29,9,9,education,0
15330,55183,590,14,0.35,16,8,personal,0
5891,116172,411,10,0.44,1,5,business,0
5992,22389,469,9,0.64,5,6,personal,0
2961,75076,539,3,0.58,19,5,auto,1
13497,134515,636,13,0.13,3,0,home,0
33551,143183,437,1,0.22,1,4,business,1
11848,86299,535,12,0.07,14,2,auto,0
14255,109461,302,15,0.06,18,9,home,0
5567,112085,415,11,0.21,8,7,personal,1
49847,135503,771,21,0.61,14,6,education,1
40281,59023,430,4,0.68,13,8,auto,1
49003,70029,782,18,0.32,16,0,education,0
21389,59941,700,28,0.44,9,1,education,0
45523,108993,500,2,0.54,7,1,education,1
44919,73950,591,20,0.72,3,0,business,0
17567,141677,641,19,0.69,1,7,home,0
4358,106959,515,20,0.09,8,3,education,0
23999,96054,665,1,0.22,14,6,auto,0
43358,145309,768,26,0.08,13,9,business,0
11988,85363,717,16,0.48,7,0,home,0
41446,128556,326,20,0.55,13,7,auto,0
32521,81742,754,10,0.27,7,7,business,0
6698,144459,313,0,0.65,5,9,business,1
2273,117896,397,18,0.37,4,2,home,0
28543,65215,578,7,0.75,4,8,education,0
32349,145081,789,10,0.05,6,4,auto,1
12241,67857,506,7,0.13,14,4,personal,0
10497,75476,532,24,0.26,3,4,education,0
42875,48173,538,16,0.07,3,0,personal,0
33703,29395,549,19,0.6,3,9,auto,1
45041,79768,605,5,0.09,4,1,personal,0
32954,130371,762,6,0.57,9,0,personal,1
9002,104743,535,20,0.09,16,1,home,0
5247,123591,590,12,0.23,19,8,home,0
42988,137973,338,6,0.64,16,8,home,0
22698,66229,482,10,0.72,12,4,personal,1
20738,46639,329,9,0.34,6,3,personal,0
11703,131706,687,7,0.73,3,1,business,0
49240,82583,442,9,0.49,5,5,business,1
18570,144859,718,21,0.34,7,8,home,0
13392,48924,373,10,0.61,5,7,business,0
45724,146011,354,19,0.26,9,9,education,1
33299,92969,323,16,0.24,15,3,business,0
16641,50104,321,10,0.51,6,5,business,1
14998,140862,727,15,0.32,8,8,education,1
7305,129588,331,4,0.15,5,9,education,1
33726,57594,638,9,0.1,17,9,auto,1
19782,23664,814,25,0.6,10,3,personal,0
13721,30528,811,25,0.52,1,8,personal,0
40763,48190,369,19,0.34,16,7,home,1
13427,86033,387,4,0.68,1,2,auto,0
47550,81161,518,19,0.34,3,8,auto,1
21566,93177,569,8,0.55,6,4,auto,1
3230,148404,377,2,0.69,17,0,auto,0
7511,90179,309,2,0.64,2,7,business,1
43229,90592,767,9,0.41,5,4,auto,0
27177,52899,635,6,0.53,11,4,home,0
5765,90979,485,1,0.34,10,1,personal,0
21354,37241,845,24,0.5,15,8,auto,0
24929,66211,420,7,0.23,18,5,personal,1
29820,83472,573,11,0.35,17,9,education,1
47040,94248,709,29,0.2,14,2,home,0
30523,93757,657,21,0.08,13,6,education,1
6552,51346,397,29,0.46,2,1,auto,0
1627,101196,540,28,0.66,12,6,business,1
12989,124451,413,8,0.07,11,1,business,0
14780,97124,786,10,0.19,19,4,home,0
7589,122908,540,18,0.37,12,9,auto,0
35812,62220,455,19,0.52,4,9,auto,1
29128,37942,651,22,0.17,10,8,auto,0
46939,69167,343,16,0.09,12,8,auto,0
39652,56373,611,12,0.41,7,5,home,0
28790,131588,437,0,0.62,6,2,home,1
41953,87143,735,0,0.07,8,3,home,0
1249,140623,442,27,0.29,11,3,business,0
20309,130013,598,7,0.51,6,8,auto,1
26901,22016,561,12,0.14,3,3,education,1
24576,89110,811,5,0.22,19,3,personal,0
32508,149979,361,2,0.42,1,4,home,1
10175,66309,722,15,0.72,4,5,home,0
26464,27274,695,9,0.25,19,7,business,0
17260,128239,330,6,0.39,17,0,business,0
36440,35748,629,21,0.33,19,4,personal,0
30546,40175,468,20,0.68,14,8,business,1
41047,124710,565,2,0.1,10,9,home,1
42430,31826,607,13,0.45,9,3,auto,0
2987,103008,758,15,0.64,16,7,auto,0
26105,149288,484,3,0.74,15,8,business,1
13948,54129,633,28,0.54,16,0,personal,1
14026,146252,814,12,0.32,18,7,auto,0
3773,90009,740,26,0.34,10,7,home,0
46927,139982,690,26,0.3,3,4,auto,1
10878,43490,553,0,0.47,7,9,personal,0
43946,125623,634,24,0.57,7,1,business,0
11377,61435,699,4,0.62,11,6,education,1
8347,95017,465,17,0.34,3,4,auto,0
34776,28520,559,11,0.55,18,4,home,1
4783,146924,303,10,0.69,12,5,personal,1
5298,111951,418,8,0.69,17,9,auto,1
5668,103106,769,27,0.54,9,7,education,0
21671,81877,769,6,0.5,5,0,business,0
35820,39798,792,13,0.42,18,2,auto,0
35484,74638,799,29,0.18,9,6,personal,0
34078,89072,369,23,0.14,13,8,auto,1
48159,87309,669,28,0.39,3,9,business,0
21922,49894,480,2,0.16,4,1,personal,1
35028,82963,304,15,0.45,18,3,education,1
46925,128559,496,29,0.5,15,3,home,1
21316,144724,346,6,0.42,6,6,business,1
12460,74567,439,26,0.08,9,4,auto,0
17968,147843,839,0,0.09,11,4,education,1
31266,55326,726,5,0.13,13,6,personal,1
31209,75059,609,25,0.16,4,1,personal,0
25000,25079,573,5,0.74,15,7,personal,0
15011,45838,838,26,0.29,17,5,auto,0
3866,141412,689,9,0.25,12,4,business,0
48133,107340,758,11,0.09,6,0,education,0
6898,67109,660,21,0.49,7,1,personal,0
19395,105211,368,18,0.51,17,5,home,1
40019,45594,730,5,0.17,11,5,business,0
38707,62749,331,13,0.69,12,8,education,1
5006,56292,812,2,0.61,13,5,education,1
35393,138192,481,9,0.21,1,0,personal,0
11956,94534,547,8,0.39,18,6,home,0
31663,140677,596,22,0.37,19,2,personal,0
7078,99233,329,29,0.29,11,7,business,0
30631,71818,601,28,0.62,18,5,auto,1
31140,131910,775,19,0.13,10,2,business,0
42691,33429,651,18,0.34,6,2,home,0
4961,77748,781,21,0.35,2,7,auto,0
30277,68807,616,14,0.38,5,5,education,0
42574,27140,696,8,0.65,10,1,personal,0
32417,83226,388,18,0.2,15,2,business,1
23484,127089,533,7,0.12,14,5,personal,0
19103,34901,467,21,0.48,6,6,business,1
30345,108815,425,3,0.17,14,3,personal,0
47326,48525,419,4,0.1,14,7,auto,1
40454,40491,727,18,0.35,12,2,personal,0
2587,88816,489,13,0.2,4,5,home,1
43571,54980,727,17,0.3,12,6,home,0
22031,133517,501,24,0.23,17,7,personal,1
27212,115525,358,28,0.11,19,3,education,0
11350,28078,522,18,0.44,16,4,home,0
19816,111654,791,5,0.07,18,5,business,0
21288,149101,310,4,0.73,6,0,personal,1
30432,109521,811,25,0.29,9,8,personal,1
45222,68704,609,10,0.54,19,2,home,0
49617,36997,333,23,0.62,12,1,education,1
7837,99810,639,4,0.25,11,6,business,0
35217,20868,780,26,0.57,16,3,home,0
21884,135499,392,7,0.63,2,3,home,1
6454,46398,432,26,0.22,18,9,auto,1
10424,101578,718,4,0.74,6,8,home,1
37885,117356,767,10,0.06,5,6,business,1
42637,133711,743,25,0.2,9,8,auto,1
44618,41246,329,12,0.6,13,0,education,0
19412,40561,597,5,0.19,7,2,education,0
48111,36254,360,4,0.54,1,9,home,0
40613,54512,757,17,0.65,10,9,business,1
21142,120560,603,25,0.72,18,5,education,1
38392,109532,639,9,0.38,12,0,business,0
9848,114154,747,15,0.73,3,4,business,0
14136,97395,601,21,0.34,5,3,auto,0
1589,77865,839,13,0.2,14,3,home,0
21908,43580,784,22,0.41,15,6,business,0
7509,90959,376,14,0.5,12,4,business,0
41461,123393,814,2,0.37,4,6,business,0
43222,92144,848,2,0.45,16,0,home,0
45476,62485,391,11,0.34,11,8,auto,0
46710,70621,765,22,0.42,4,7,business,1
10968,137363,765,14,0.72,6,6,personal,1
3462,70665,339,10,0.4,16,9,auto,1
10460,90412,628,9,0.23,2,1,home,0
34783,70603,584,19,0.58,13,5,education,0
10275,41038,365,14,0.29,8,3,business,1
29677,113542,408,17,0.62,12,2,personal,1
14269,121311,714,24,0.09,6,7,education,0
1406,116346,391,13,0.28,3,3,education,0
8384,34325,667,28,0.12,15,2,business,0
23553,55892,722,24,0.11,8,4,business,0
25366,21753,539,5,0.51,2,8,education,1
45036,115067,734,13,0.32,16,9,personal,0
18369,37996,511,15,0.66,13,2,auto,1
12795,88811,699,1,0.41,1,8,business,1
5485,94283,825,18,0.26,11,3,business,0
42669,65211,767,4,0.55,1,9,home,0
3618,136737,469,10,0.49,8,3,business,0
31143,82820,509,10,0.61,2,1,home,1
30425,20824,555,20,0.5,13,7,education,0
23673,33880,372,28,0.17,2,3,personal,1
10603,129345,446,24,0.52,4,2,home,0
40696,137718,639,25,0.32,2,2,home,0
6368,86617,616,18,0.37,13,0,auto,0
5621,31517,453,17,0.7,4,7,education,1
15719,41683,554,25,0.3,15,4,home,0
30227,36876,650,7,0.48,12,4,home,1
44894,123068,846,22,0.3,12,3,education,0
8566,76354,611,11,0.12,5,4,business,0
13306,93802,433,8,0.37,10,4,personal,1
25042,96719,428,2,0.47,2,8,education,1
16086,138048,735,5,0.34,8,5,auto,0
18387,143250,579,20,0.32,5,8,auto,1
28042,106602,657,20,0.62,8,7,personal,1
24888,135016,551,25,0.07,13,2,auto,1
27514,98413,434,23,0.26,13,1,education,0
19323,29982,822,0,0.62,15,5,business,1
19019,94504,618,16,0.69,15,1,auto,1
10890,46598,379,2,0.34,11,2,education,0
41863,34639,490,26,0.67,10,2,auto,0
46487,90210,752,17,0.19,6,0,home,0
11283,89852,643,17,0.2,5,4,home,0
19279,133618,329,1,0.64,5,7,business,0
47999,144067,713,3,0.68,8,8,home,0
23908,29695,667,0,0.21,1,6,home,0
48466,68582,801,9,0.09,2,4,auto,0
38952,51094,320,24,0.11,17,7,auto,1
36170,80635,848,29,0.23,7,8,personal,0
38663,42187,545,4,0.58,9,8,business,1
45172,138013,582,4,0.41,4,8,home,1
48929,148721,531,8,0.37,7,1,personal,0
10343,126683,615,13,0.46,10,2,auto,0
11637,21214,635,20,0.67,16,1,personal,1
35724,43940,710,12,0.11,10,4,home,1
40791,146166,544,12,0.54,7,2,personal,0
30134,64406,686,26,0.7,2,8,education,1
47830,111221,657,29,0.2,2,1,business,0
48101,63481,321,23,0.64,8,4,home,1
4907,35977,318,26,0.54,14,4,education,0
34575,147819,586,0,0.06,18,4,personal,1
47799,64839,575,16,0.21,1,0,home,0
5827,77874,371,19,0.47,17,9,personal,0
31607,78414,664,7,0.4,17,6,business,0
14699,121440,634,2,0.42,5,1,business,0
38292,45538,498,16,0.21,16,1,auto,1
48961,124922,316,26,0.52,7,8,education,0
26883,123569,517,11,0.24,15,0,business,0
49991,76241,446,24,0.32,19,8,education,1
6313,93501,509,24,0.31,2,5,personal,0
14598,95133,713,24,0.52,16,4,education,0
46826,80481,629,24,0.11,9,4,home,1
29807,127012,651,17,0.19,18,4,auto,0
5887,47740,462,13,0.19,10,5,education,0
4854,83328,400,29,0.13,4,6,education,1
46226,92105,626,10,0.2,2,8,business,1
15536,70643,626,26,0.47,14,1,home,0
4558,123517,454,15,0.56,1,3,business,1
10772,31881,309,26,0.51,8,4,education,0
37343,56996,652,3,0.38,11,5,personal,0
36186,52177,482,17,0.09,1,6,business,1
37966,142196,754,6,0.72,5,2,business,0
34769,57177,305,10,0.17,13,2,home,1
40887,86126,632,15,0.52,17,8,business,0
20229,76531,632,15,0.69,10,8,business,1
10673,46119,557,2,0.54,7,1,auto,0
28877,137744,510,24,0.2,13,3,education,1
32601,136894,350,22,0.27,4,3,home,0
39084,47915,744,23,0.07,13,4,business,0
17244,22708,676,8,0.48,1,1,education,1
28356,58749,785,7,0.48,11,3,home,0
17806,64989,350,6,0.56,9,2,business,0
24099,42106,453,24,0.06,13,5,personal,1
45641,37131,609,26,0.62,11,3,auto,0
38034,66553,698,16,0.57,8,0,home,0
41317,78144,433,10,0.15,7,2,personal,0
20094,26553,519,3,0.29,15,7,home,1
11589,37881,462,3,0.5,15,2,home,0
2657,21379,801,4,0.4,12,6,auto,0
33764,110791,414,7,0.13,17,1,personal,1
40531,125664,798,9,0.11,6,4,business,0
4164,89306,771,16,0.6,13,6,education,1
28542,39726,448,5,0.16,16,0,personal,1
19437,132753,540,8,0.17,1,0,home,0
42247,29088,422,9,0.63,13,7,personal,1
39505,54314,368,7,0.48,7,1,education,1
20601,137814,362,14,0.47,13,3,personal,0
29430,75041,315,17,0.39,7,2,education,0
7009,124512,689,22,0.45,8,4,auto,0
5552,36350,557,4,0.47,18,1,home,0
10417,127179,516,17,0.73,17,5,business,1
42989,119599,778,26,0.21,16,7,personal,1
3671,101397,413,0,0.2,17,4,auto,1
7519,99509,679,1,0.09,8,6,personal,1
37730,37769,536,26,0.51,7,4,auto,1
13734,67249,775,9,0.43,18,5,education,0
46890,102862,428,5,0.13,4,8,auto,0
4722,121584,809,26,0.31,2,9,education,0
5906,66365,464,27,0.18,16,0,auto,0
31096,70185,576,23,0.28,18,9,personal,0
41031,22786,556,18,0.72,8,8,business,1
14699,120537,431,20,0.53,14,2,home,1
22438,146525,556,10,0.06,18,9,business,0
44856,21620,440,17,0.23,19,2,auto,0
34576,56303,508,27,0.06,4,3,education,1
42938,39589,818,15,0.55,14,7,personal,0
33247,22882,350,7,0.38,2,0,home,0
44461,82248,802,3,0.75,17,3,home,0
28938,69322,558,10,0.56,6,6,personal,1
41469,149236,477,9,0.41,8,2,auto,1
18600,44524,842,15,0.61,16,6,home,1
21435,29745,655,11,0.54,1,4,personal,1
19581,122201,617,21,0.22,18,9,auto,0
15191,35861,663,2,0.42,3,8,personal,0
20190,111707,354,10,0.44,18,7,home,1
28386,111735,455,23,0.37,10,2,business,0
32721,138810,343,15,0.18,2,3,home,1
14704,74261,841,23,0.21,19,6,home,0
3123,143971,621,2,0.25,11,1,business,0
26174,22837,313,27,0.06,19,9,auto,1
45301,94135,656,24,0.69,3,5,personal,1
48216,101447,782,9,0.53,10,8,auto,1
15586,74380,658,28,0.53,16,8,auto,1
32976,106089,617,20,0.45,3,5,personal,0
26416,125025,374,15,0.53,19,5,auto,1
2814,69831,493,25,0.74,7,5,education,1
14001,109349,662,24,0.32,17,9,home,1
17508,58255,395,6,0.55,8,5,education,1
20630,133425,339,14,0.3,3,2,personal,0
14380,49520,696,14,0.65,7,3,business,0
49174,49541,406,9,0.65,10,5,business,1
36699,85772,316,2,0.68,19,9,personal,0
47335,47350,826,5,0.05,15,0,personal,0
47806,64397,798,25,0.26,15,0,auto,0
13317,97085,824,17,0.14,5,6,home,0
36739,83865,342,21,0.37,3,0,education,0
35785,75956,649,27,0.4,3,4,personal,0
32980,47453,329,4,0.23,4,9,business,0
24799,82345,740,15,0.56,15,7,home,0
36183,120727,841,12,0.24,16,5,home,0
30166,32906,754,2,0.65,5,2,auto,0
20480,34988,393,29,0.17,8,1,business,0
2609,47723,594,14,0.31,10,1,home,0
1717,53800,848,22,0.49,2,3,business,0
20945,59107,388,26,0.47,14,8,education,1
26592,47430,802,19,0.1,5,8,business,0
29141,52535,513,26,0.64,7,0,home,0
31009,88476,721,29,0.47,11,4,business,0
46430,146581,825,5,0.66,3,8,business,1
7782,107329,491,24,0.66,12,3,business,0
27536,97798,523,27,0.43,14,6,home,1
34816,72284,686,29,0.69,1,5,education,1
26933,76232,773,21,0.64,16,3,business,0
12618,64420,502,3,0.72,15,9,education,0
9307,57710,746,14,0.65,1,6,home,1
27671,92497,367,25,0.62,13,6,personal,1
41673,112035,391,17,0.38,15,1,business,0
43761,60498,477,8,0.2,17,6,education,1
11338,51283,302,29,0.69,9,8,business,1
39346,86169,402,19,0.56,5,5,auto,1
47602,92358,572,3,0.25,12,5,auto,0
7548,82457,833,15,0.29,17,5,home,0
41149,138791,415,17,0.53,11,1,education,1
22164,45968,763,4,0.38,11,5,education,0
28526,82508,403,12,0.11,8,5,business,0
32222,124791,558,5,0.15,15,8,auto,1
21176,83220,607,25,0.57,2,1,business,0
3941,133435,666,21,0.28,10,8,business,0
6695,105366,601,18,0.41,14,4,home,0
40169,25738,326,11,0.59,5,8,personal,1
48947,23098,807,14,0.58,17,9,home,1
48224,115424,826,29,0.17,18,9,home,0
46865,93633,664,8,0.12,19,1,home,0
26553,98672,597,6,0.46,7,4,business,0
39965,58244,660,28,0.57,18,1,business,0
39218,28253,803,13,0.15,12,4,business,0
26359,74333,329,18,0.31,15,6,business,1
25816,145349,738,19,0.66,14,6,auto,0
9378,70969,639,15,0.71,10,6,education,1
2881,110744,425,22,0.37,17,4,auto,0
40567,90423,665,26,0.11,1,6,education,1
48365,137286,742,23,0.23,4,5,business,0
14675,64411,562,21,0.21,9,6,auto,1
5586,95028,521,3,0.22,4,4,education,1
26006,55421,301,11,0.4,19,1,personal,0
42198,21454,693,17,0.46,5,8,home,1
23831,37522,605,25,0.14,18,1,education,0
36113,58575,445,7,0.67,15,2,auto,1
17459,23192,829,16,0.48,8,8,auto,0
33443,131116,827,24,0.47,2,1,personal,0
43316,75268,607,23,0.74,13,7,education,1
31595,147874,639,2,0.49,13,2,home,0
6877,101311,651,25,0.7,14,5,auto,1
40553,30402,508,3,0.25,15,8,business,0
49601,98610,504,9,0.22,12,9,business,1
5922,100781,314,15,0.41,5,9,education,1
5686,56527,727,19,0.41,3,2,personal,0
33766,72181,775,1,0.21,18,8,home,0
15407,111472,597,11,0.54,3,6,education,1
33006,47002,393,15,0.07,14,4,education,0
32422,101219,406,26,0.53,2,7,home,1
13205,32460,718,9,0.37,18,5,auto,0
22054,139783,577,4,0.53,13,6,business,1
24527,50482,427,28,0.38,2,2,auto,0
46947,36447,758,11,0.73,12,9,personal,0
19443,68228,337,2,0.28,2,5,home,0
17524,103265,497,11,0.74,8,2,auto,0
29202,70126,656,26,0.1,5,6,education,1
1016,40545,306,0,0.53,11,9,education,0
47142,75114,631,1,0.37,13,5,personal,0
17848,113740,818,10,0.63,17,9,personal,0
21855,95350,493,11,0.6,16,7,home,1
19211,77801,615,6,0.61,19,7,auto,0
26095,33890,300,0,0.12,15,5,education,1
39724,141284,361,27,0.63,18,1,home,1
38583,72482,642,12,0.2,6,9,home,0
3843,83397,317,12,0.07,4,9,education,0
30301,21740,670,1,0.2,4,5,auto,0
27460,50121,534,29,0.39,13,0,business,0
32918,31218,368,9,0.57,9,5,personal,1
29747,91591,746,22,0.2,10,5,auto,0
16972,108241,307,0,0.13,14,5,business,1
29310,54722,761,6,0.5,8,8,business,1
23927,69431,610,12,0.74,3,3,education,0
2094,71543,433,23,0.47,9,6,business,1
39892,62000,684,26,0.53,1,2,personal,0
35172,91975,355,28,0.44,15,7,home,0
24324,50921,659,29,0.6,15,1,auto,0
21674,119265,413,1,0.73,7,1,personal,1
4982,108747,387,19,0.43,15,4,business,0
46283,50614,437,6,0.34,7,0,home,0
16790,81189,407,16,0.65,13,0,home,1
13205,37601,799,21,0.73,12,2,business,0
25338,113332,834,4,0.14,18,5,personal,0
13748,143254,443,10,0.45,7,9,business,1
22097,91543,355,21,0.6,7,5,auto,0
4092,40514,305,23,0.42,15,7,home,0
23692,103312,841,10,0.34,9,6,education,0
24862,87612,746,10,0.51,6,0,home,1
25860,110886,684,16,0.24,9,0,business,0
14971,139004,606,18,0.29,19,3,business,0
15616,124500,601,26,0.74,16,0,education,1
5933,36292,704,28,0.5,16,0,education,0
5926,51510,809,24,0.66,1,9,home,0
26763,48000,372,27,0.62,13,0,business,1
4969,128619,564,7,0.51,19,2,home,1
36733,139277,526,19,0.64,4,9,personal,1
5319,50383,492,26,0.25,19,1,business,1
42743,31785,673,13,0.5,10,9,home,1
40876,60910,309,9,0.46,13,7,business,1
42909,59028,601,24,0.49,1,6,business,0
21323,44855,658,6,0.17,13,9,auto,0
17428,44281,351,1,0.24,10,7,home,1
35578,133838,398,16,0.25,15,3,business,1
21950,24841,312,0,0.47,15,8,education,0
44041,117204,689,12,0.73,7,4,education,1
42789,80155,656,18,0.72,14,6,auto,1
19293,46918,310,28,0.21,8,3,business,1
7364,76313,380,13,0.26,19,0,home,1
36349,144354,560,25,0.08,18,7,home,0
1691,144737,305,17,0.33,15,8,education,1
31062,148517,757,19,0.63,9,8,personal,1
1931,131688,672,13,0.69,12,9,business,1
46896,145769,780,14,0.22,14,7,auto,0
32730,37443,521,13,0.24,2,0,auto,0
15226,52250,380,23,0.2,5,2,business,1
14861,21922,814,4,0.3,5,4,business,0
32301,51976,359,15,0.61,14,6,auto,0
49243,31991,520,4,0.5,4,7,auto,1
23766,124405,648,21,0.6,2,0,home,0
37174,73744,527,12,0.46,1,4,auto,0
42107,42733,589,27,0.23,2,2,education,0
18695,22473,592,15,0.21,13,6,auto,1
42347,28108,492,14,0.06,17,5,auto,0
4121,48715,773,4,0.6,13,0,education,1
19257,133754,556,20,0.64,17,1,education,0
29164,142784,805,29,0.59,5,4,business,0
26491,128347,687,22,0.1,8,4,auto,0
24165,146421,697,5,0.58,12,0,education,1
49714,141436,665,28,0.08,9,3,home,0
4748,52210,589,12,0.12,18,8,personal,1
34045,134514,608,15,0.36,16,8,education,0
27553,57317,577,29,0.38,19,4,personal,1
45331,85516,763,9,0.62,8,6,auto,0
31497,53362,488,26,0.53,7,1,home,0
32308,74604,477,1,0.16,9,0,home,1
40560,135194,827,12,0.21,12,1,business,0
47686,24889,674,16,0.25,14,3,business,1
11374,109557,753,0,0.14,10,5,auto,1
5675,93748,516,3,0.25,16,2,education,1
2170,51971,341,17,0.56,2,1,home,1
42449,70551,493,5,0.22,6,6,auto,1
44485,23201,626,27,0.63,11,7,auto,1
13450,126158,672,11,0.38,4,8,education,0
11680,125067,764,24,0.28,5,9,home,0
11068,128957,462,25,0.34,5,7,home,1
36230,109882,575,26,0.55,17,1,home,0
47418,57958,663,29,0.41,5,2,business,0
27206,99251,779,25,0.06,11,0,home,0
1287,25681,759,23,0.7,9,0,personal,0
23337,121982,564,19,0.1,15,5,education,1
21666,66870,838,12,0.71,3,2,home,0
2161,148396,685,27,0.07,16,3,education,0
36131,102256,384,1,0.59,9,9,education,1
25535,87203,615,16,0.42,6,7,personal,1
33528,48152,542,22,0.4,9,4,home,0
39751,70061,768,9,0.1,19,5,education,0
17527,77619,641,18,0.22,6,8,home,0
41975,78235,476,29,0.59,11,1,personal,1
24853,93740,429,21,0.67,2,2,business,0
15758,57890,382,4,0.42,18,4,business,0
1244,110073,659,20,0.3,7,1,business,0
4178,81401,387,11,0.09,4,7,business,1
32831,31217,831,17,0.53,7,1,auto,0
3176,68351,770,29,0.24,17,3,education,0
38770,53741,797,8,0.09,4,2,auto,0
34654,40654,806,10,0.52,13,3,home,0
27627,81314,653,3,0.39,19,3,business,0
47489,21408,715,9,0.06,4,5,home,0
45910,148601,350,0,0.13,13,9,personal,1
25881,62903,362,1,0.54,1,9,education,1
36422,104208,388,8,0.09,2,9,personal,1
12984,127042,489,22,0.66,7,8,education,1
24776,132653,647,25,0.27,17,2,personal,0
18755,21218,837,17,0.11,7,0,personal,0
8135,70572,475,15,0.58,13,7,education,0
1320,78798,663,22,0.42,17,6,home,0
38422,121681,782,13,0.26,1,1,personal,0
29635,142189,418,3,0.33,2,4,education,1
22684,129268,468,25,0.06,6,9,education,1
24238,50105,446,1,0.51,12,3,personal,1
22889,89634,736,11,0.31,13,8,home,0
31313,137426,738,19,0.55,9,3,business,0
33535,85063,488,4,0.49,17,4,auto,0
49899,27619,459,28,0.51,18,7,business,1
11770,31939,701,29,0.61,8,2,personal,0
40321,38226,317,3,0.49,8,5,personal,0
21426,45322,439,14,0.34,11,5,education,1
45327,137504,414,2,0.32,8,6,home,1
42777,78215,627,21,0.13,18,8,home,1
47250,36878,524,16,0.6,18,2,personal,1
8498,26560,738,7,0.58,13,4,home,0
40404,58278,849,11,0.22,1,4,auto,1
41130,56212,685,20,0.65,15,4,home,1
17395,114835,820,7,0.46,6,5,home,1
3537,143955,552,25,0.39,6,0,education,1
20226,93079,397,19,0.06,13,8,personal,0
16216,43946,370,19,0.32,2,2,home,0
19613,138682,746,4,0.5,19,5,personal,0
4009,51740,389,20,0.11,17,3,home,0
25368,130733,729,26,0.37,1,6,home,0
30327,27253,518,5,0.75,14,7,home,1
15209,99311,406,4,0.55,16,3,education,0
49443,52813,775,20,0.43,15,9,home,1
16029,84331,753,28,0.42,9,5,business,0
3077,47632,843,7,0.08,19,9,auto,0
14907,68365,425,21,0.72,8,6,home,0
37635,87593,446,17,0.7,15,9,business,1
49920,53431,579,3,0.53,10,6,personal,1
5873,57436,323,3,0.12,2,8,education,0
9635,38413,419,4,0.2,18,7,personal,1
34065,115761,596,14,0.18,2,2,education,0
46863,58485,381,5,0.41,12,3,personal,1
42804,88232,747,26,0.2,10,8,personal,0
34783,131504,769,20,0.54,12,6,auto,1
35152,36101,722,15,0.43,7,6,auto,0
42513,28831,844,13,0.06,2,0,auto,0
30092,104583,323,13,0.57,1,1,personal,1
18653,71897,360,15,0.18,2,0,education,0
33463,25004,383,26,0.63,17,3,auto,0
35028,108241,524,21,0.3,8,3,education,0
41469,65924,485,23,0.29,12,4,education,1
21947,41509,674,3,0.06,2,4,home,0
30978,139636,371,10,0.74,9,0,business,1
23056,57170,373,18,0.48,17,6,personal,1
30007,63555,640,24,0.35,17,5,business,0
44169,34662,452,18,0.12,10,7,personal,1
49287,138115,395,26,0.54,13,3,education,0
45632,124216,744,7,0.25,5,0,business,0
49449,85930,409,9,0.74,14,2,home,0
6543,67403,757,27,0.72,14,8,business,0
22067,56365,350,4,0.56,15,9,business,1
46256,82188,676,15,0.73,5,6,home,1
26097,96060,372,24,0.12,6,1,home,1
43847,118633,511,2,0.25,9,2,auto,0
44512,46673,731,25,0.23,9,1,personal,0
4809,83471,467,9,0.1,4,3,education,1
23191,37156,630,23,0.73,1,1,business,0
22267,77287,793,29,0.09,15,3,business,0
8206,21645,442,28,0.65,14,6,education,1
22057,79076,744,12,0.59,1,7,home,1
29992,114585,693,6,0.31,6,9,home,0
47514,136475,811,11,0.06,8,5,business,0
16995,95351,627,22,0.05,3,8,business,0
49803,70151,558,13,0.19,17,5,education,0
45439,87384,736,26,0.4,5,2,education,0
14210,119865,648,9,0.37,18,0,personal,0
18793,53541,814,8,0.46,7,8,home,0
27270,92847,748,11,0.59,17,2,auto,0
6197,107099,698,23,0.31,15,0,auto,0
49321,100739,513,2,0.16,16,1,education,0
8452,70955,845,29,0.61,13,2,personal,0
42486,29290,588,12,0.28,7,7,business,1
15859,120354,558,5,0.25,15,7,education,0
28236,78942,557,26,0.59,5,1,education,1
32899,102667,687,5,0.7,12,5,education,0
33083,50143,844,20,0.69,10,1,auto,0
3172,44509,564,18,0.15,19,6,education,0
46926,107780,612,24,0.4,10,9,personal,0
17663,56741,339,6,0.12,7,2,auto,0
28540,46898,509,3,0.72,15,7,personal,1
20053,144433,571,21,0.2,9,2,auto,0
12085,119919,435,4,0.19,6,9,personal,1
31564,132854,359,0,0.67,11,5,home,1
25209,105674,809,17,0.73,6,0,home,0
4981,82948,814,16,0.54,15,7,auto,1
22153,81768,314,8,0.13,13,6,home,0
6247,63262,554,8,0.39,6,0,business,0
11553,25506,834,20,0.62,15,6,personal,1
21811,40605,534,23,0.45,6,4,auto,0
30845,98590,430,9,0.14,16,1,home,1
7135,48231,316,19,0.17,1,0,auto,1
6573,99397,484,16,0.65,6,1,business,0
14731,97123,690,12,0.42,16,5,auto,1
8189,33515,722,28,0.54,1,1,auto,0
15541,107211,741,3,0.31,7,5,education,0
44646,58622,311,22,0.42,10,7,education,1
12087,36600,819,26,0.73,8,7,education,1
47435,47892,379,17,0.28,5,5,education,0
3776,103279,601,17,0.52,18,4,personal,1
43079,89310,515,21,0.17,4,3,business,1
28564,41801,547,8,0.14,16,5,auto,1
29835,57695,840,2,0.6,10,4,business,0
8697,48853,571,6,0.64,16,9,auto,1
15629,24429,432,25,0.52,8,3,education,0
9386,24606,304,14,0.16,19,5,personal,1
18046,24478,841,29,0.22,1,8,auto,0
9044,134380,440,8,0.69,9,8,auto,0
10615,103816,782,26,0.25,6,7,home,0
48802,60134,604,28,0.62,13,9,personal,1
6060,89963,644,8,0.25,13,0,personal,0
11900,131780,569,26,0.71,18,8,personal,0
6581,90897,407,3,0.69,14,4,business,1
35782,45475,773,17,0.08,2,2,education,0
21173,86177,381,16,0.59,16,7,home,1
13997,41730,383,21,0.17,17,7,business,1
44403,41113,589,20,0.2,16,8,education,1
47416,40011,370,5,0.37,14,1,auto,0
8148,75746,474,6,0.45,13,9,home,1
19748,143075,762,24,0.28,16,3,business,0
15022,62853,694,9,0.45,1,9,home,0
21013,105195,390,9,0.17,17,1,education,0
39687,56818,768,26,0.07,1,5,business,0
16886,57321,733,5,0.45,10,0,business,0
26256,41309,548,5,0.41,5,9,home,0
31005,38688,540,28,0.53,7,2,auto,0
7638,48176,795,18,0.5,4,1,auto,0
38419,88879,639,28,0.68,1,6,auto,1
34377,87592,770,7,0.37,1,7,education,0
41708,104728,762,8,0.06,10,1,home,0
44116,109012,574,0,0.49,3,8,education,0
37634,29416,314,15,0.52,5,0,education,0
17755,59994,340,5,0.42,13,1,auto,0
24382,86422,507,22,0.53,9,2,auto,1
23394,28584,359,26,0.28,8,1,auto,1
3253,144555,664,7,0.15,11,0,home,0
38710,113302,539,14,0.52,14,7,home,1
46098,142408,459,11,0.22,8,0,auto,0
1864,38830,696,9,0.37,10,4,education,0
35036,105825,799,15,0.39,3,5,home,0
41222,141162,508,14,0.38,4,6,business,0
14666,97066,432,10,0.47,12,2,education,0
21955,23591,680,23,0.07,9,6,education,1
46138,113878,732,6,0.74,11,7,personal,0
38997,145407,688,7,0.55,11,9,home,0
17309,136869,731,10,0.35,16,2,business,0
5054,146644,573,8,0.18,13,4,home,1
1935,41395,650,25,0.11,14,0,education,0
45940,74182,433,6,0.52,7,8,home,1
23778,36738,365,14,0.27,12,7,education,0
44298,22631,504,14,0.21,19,2,business,1
49328,37905,597,15,0.32,8,3,education,0
49924,39056,416,2,0.47,4,0,auto,0
17709,129674,566,15,0.52,17,0,education,0
10726,137025,448,14,0.5,2,5,auto,0
41542,141656,493,24,0.65,13,5,business,0
21245,135316,478,0,0.2,7,8,business,1
35753,109082,447,13,0.5,18,4,education,1
15252,55447,764,23,0.12,10,2,auto,0
22316,74418,304,21,0.43,4,5,education,1
38371,57190,825,10,0.46,8,7,business,1
20162,46014,579,2,0.2,13,6,auto,1
16960,149233,798,8,0.32,14,9,personal,1
31791,92999,735,5,0.63,17,2,personal,1
43230,127917,515,22,0.15,12,0,business,1
26216,70278,814,15,0.35,4,3,auto,0
33467,145563,436,10,0.7,9,5,education,1
47934,21780,579,17,0.4,15,3,business,0
8754,111643,431,16,0.56,15,4,business,1
48014,79258,692,16,0.63,18,9,home,0
5078,117123,780,2,0.19,6,6,education,0
13853,62192,812,26,0.2,2,4,education,0
5042,79300,718,18,0.58,9,4,personal,0
15389,124875,501,23,0.58,5,1,home,0
31425,110504,761,22,0.09,12,0,education,0
3575,119129,501,14,0.28,5,3,education,0
40522,63923,451,9,0.33,12,9,personal,0
29179,109196,521,7,0.63,15,7,home,0
35754,148888,378,16,0.35,2,2,home,0
19624,22395,499,3,0.7,11,5,auto,1
21350,122449,398,7,0.75,19,9,business,1
27681,141747,512,25,0.6,17,1,auto,0
24988,117384,442,1,0.52,18,8,home,0
16470,35779,688,22,0.32,10,8,personal,0
25704,91028,673,7,0.1,5,3,auto,0
39736,49722,351,29,0.45,17,7,personal,1
30377,27111,434,24,0.3,1,1,home,0
29572,131391,710,6,0.3,13,9,personal,0
8493,29984,769,27,0.53,2,1,auto,0
5103,117552,411,8,0.37,17,5,home,0
35844,113176,824,17,0.58,15,1,home,0
3994,92328,343,26,0.33,8,0,auto,0
4744,144243,696,16,0.16,2,9,business,0
48234,46924,560,0,0.37,8,1,auto,1
48291,72703,844,26,0.72,5,1,auto,0
28332,52577,687,11,0.61,17,4,education,1
6594,27711,775,3,0.19,4,5,home,1
41299,105548,709,16,0.32,12,2,education,0
8371,146216,315,6,0.7,18,7,education,1
48315,119869,401,23,0.14,6,1,education,0
19028,121971,485,2,0.23,5,9,personal,1
36912,145093,324,29,0.23,19,2,auto,1
14990,124763,371,0,0.45,5,3,education,0
47851,24096,317,18,0.34,10,4,personal,1
17626,86555,631,1,0.11,19,4,personal,1
21469,109848,396,5,0.49,4,5,home,1
41722,95012,311,10,0.12,13,3,auto,1
41037,28254,310,22,0.47,13,9,business,1
8130,145410,462,24,0.4,17,6,auto,0
7828,117955,582,20,0.4,18,7,personal,1
42612,97120,540,3,0.1,19,3,auto,0
47988,25965,344,0,0.5,17,8,home,1
40099,97000,554,10,0.35,3,5,auto,1
47165,136957,366,15,0.34,13,7,personal,0
18883,97975,341,29,0.47,13,8,personal,0
44059,77987,683,5,0.47,3,0,education,0
19542,123025,533,10,0.06,2,4,personal,1
43932,126712,784,7,0.14,15,6,home,0
11450,52963,338,19,0.22,3,9,personal,0
21423,113976,310,0,0.52,16,1,auto,1
3035,23273,708,13,0.45,10,6,business,0
45231,35330,407,29,0.58,2,6,personal,0
41745,41494,393,20,0.57,15,2,home,0
18241,96422,383,25,0.65,8,8,home,1
24154,142089,357,20,0.31,13,6,home,1
26625,23212,592,1,0.29,1,9,home,1
45950,121059,315,5,0.63,2,4,auto,1
34066,103441,776,25,0.22,9,6,education,1
34691,107594,464,8,0.37,19,6,business,1
14331,21080,736,13,0.19,12,5,education,1
21690,52675,702,21,0.69,12,3,education,1
20183,42007,685,7,0.34,10,7,education,0
40346,133805,437,25,0.2,19,1,auto,0
5875,102641,830,2,0.53,10,7,business,0
13254,115815,592,9,0.22,19,4,personal,0
29621,66815,774,17,0.71,9,6,personal,1
11905,103482,761,19,0.31,5,2,business,0
47121,20639,672,27,0.52,3,6,business,0
16882,83593,461,8,0.29,19,8,home,1
20041,138948,343,8,0.62,4,6,education,1
30098,98038,382,18,0.68,14,0,home,1
43431,123494,838,27,0.6,6,8,auto,0
34709,113899,818,12,0.64,13,6,auto,0
35675,23736,710,0,0.12,7,1,business,1
5837,142434,640,16,0.7,12,4,auto,1
47448,36473,388,3,0.49,14,9,business,1
25489,148771,529,3,0.66,13,1,personal,1
18627,145801,317,26,0.53,11,6,education,1
6696,54019,580,15,0.19,6,8,auto,1
49994,127598,721,27,0.48,7,3,home,0
14543,106623,637,15,0.11,10,2,auto,0
13615,135036,565,14,0.54,15,5,education,1
2466,114025,654,25,0.34,9,7,auto,0
31771,56820,659,5,0.16,3,7,business,0
19350,104861,516,4,0.74,5,7,auto,1
1375,77589,620,21,0.68,10,4,personal,0
34030,85807,511,9,0.68,15,5,personal,1
21746,38414,502,6,0.6,3,1,auto,0
23886,147378,452,6,0.53,18,5,home,1
45348,44220,728,9,0.51,3,4,auto,1
43904,80531,586,29,0.12,7,2,business,0
33651,130002,620,9,0.68,14,7,business,0
8833,134193,735,24,0.67,16,3,business,0
2893,62425,795,14,0.57,19,1,home,1
31573,29387,448,5,0.7,4,2,personal,0
32371,134680,841,23,0.44,3,1,business,0
41874,96815,781,1,0.36,3,1,business,0
12826,47584,625,7,0.73,9,2,auto,1
35420,64783,328,24,0.37,4,6,personal,1
22924,59809,558,19,0.5,19,9,business,0
34367,74327,374,14,0.31,11,0,business,0
22199,144494,797,20,0.5,15,9,auto,0
26868,135814,715,20,0.55,4,5,auto,1
9792,139067,639,17,0.49,8,0,education,0
21597,127012,607,4,0.41,2,2,auto,0
37405,30857,540,24,0.26,18,3,auto,1
33696,62261,552,3,0.5,3,7,education,0
44123,93588,519,9,0.69,3,1,business,1
16989,36995,696,18,0.05,19,6,auto,0
29931,135437,635,13,0.14,12,2,home,0
10290,33580,328,22,0.13,14,0,education,0
39367,38240,793,23,0.7,13,5,education,1
15342,143279,801,12,0.51,16,1,business,0
25941,103446,453,28,0.72,17,2,auto,0
14945,95752,530,9,0.46,18,5,home,0
11762,124533,401,21,0.37,13,2,business,0
31133,143199,476,5,0.6,13,4,auto,1
48080,66111,531,12,0.16,8,2,business,0
41150,110447,311,20,0.32,7,6,education,0
28052,54866,485,10,0.38,8,6,education,1
42750,100974,565,21,0.26,17,0,auto,1
20953,93401,434,24,0.31,1,5,business,0
41475,102093,330,14,0.1,3,2,auto,0
18130,32211,755,1,0.19,4,6,personal,1
32086,78985,558,25,0.28,19,0,auto,1
5633,53268,403,26,0.61,2,9,personal,1
18304,23646,730,14,0.18,11,2,education,0
43037,75371,681,18,0.29,11,9,home,0
33284,137051,768,16,0.1,19,1,education,0
47546,62816,812,19,0.44,2,7,home,0
8008,109460,506,17,0.48,5,7,business,1
49291,64112,746,5,0.66,19,8,home,0
28405,71048,388,14,0.62,9,8,business,1
37386,74911,494,28,0.25,7,1,personal,1
26373,95446,713,16,0.15,12,6,business,0
21827,21778,421,23,0.16,19,6,auto,0
34040,65752,761,25,0.73,18,3,auto,0
14007,104977,415,21,0.52,18,5,auto,1
19157,147707,495,8,0.08,9,0,education,0
33157,90726,335,11,0.15,2,5,auto,1
36315,100840,366,21,0.39,2,0,business,0
36932,125301,580,25,0.2,15,4,business,0
22164,47289,778,22,0.61,16,3,business,0
15414,64788,310,4,0.45,14,5,auto,0
15327,24747,621,13,0.48,19,4,personal,0
49344,94822,539,23,0.37,15,4,personal,1
1946,20045,359,7,0.23,3,2,education,0
15693,115278,464,25,0.46,6,9,business,1
28241,27758,488,24,0.55,6,1,business,1
31254,144325,786,27,0.31,9,6,education,1
16540,145076,391,21,0.4,11,9,business,1
7719,43437,588,16,0.64,4,7,home,1
42203,39585,808,8,0.15,14,4,education,0
26081,118759,374,2,0.43,13,8,business,0
12350,29854,727,24,0.29,15,0,education,0
37358,72076,684,6,0.54,17,2,home,0
33021,76950,352,29,0.06,8,7,home,0
43832,37349,474,11,0.52,11,4,auto,1
29369,116228,773,28,0.12,11,1,business,0
32728,41348,660,2,0.1,16,9,home,0
18576,54296,569,8,0.56,3,8,home,1
30001,121280,706,13,0.5,15,0,home,0
18848,39455,423,22,0.68,13,2,auto,0
1390,98824,675,22,0.41,7,3,business,0
22999,74021,691,22,0.42,5,6,education,0
46436,91923,481,17,0.54,12,3,auto,1
12569,120825,335,10,0.28,3,1,business,0
14029,59293,511,3,0.08,12,1,home,0
23490,119430,433,25,0.21,5,9,auto,0
46875,108552,790,7,0.22,19,0,personal,0
36328,66116,737,27,0.28,19,6,personal,0
6867,140461,345,17,0.71,1,8,home,1
16284,60484,700,12,0.61,12,9,business,0
34979,50215,787,3,0.71,6,1,business,0
10121,101638,731,9,0.75,18,6,auto,1
2539,23404,727,7,0.35,16,7,personal,0
26488,57260,816,11,0.21,11,2,business,0
18027,120647,761,18,0.44,10,3,auto,0
9693,85642,480,11,0.67,3,8,auto,1
9921,100731,444,21,0.38,18,3,personal,1
11310,66009,564,27,0.4,12,5,home,0
46512,112689,705,1,0.14,14,7,auto,0
31908,148824,783,23,0.34,4,9,home,0
5386,137842,781,7,0.32,10,1,personal,0
33263,49605,536,27,0.3,7,0,auto,0
29412,130879,824,12,0.67,16,6,education,0
18303,73205,638,0,0.09,9,0,personal,0
13242,57569,567,2,0.73,3,3,personal,1
48025,140827,565,29,0.06,2,4,education,1
9947,25580,827,1,0.71,6,1,personal,1
47714,134902,391,22,0.43,10,9,education,0
6930,25400,547,22,0.54,4,3,education,0
39170,59643,318,19,0.18,4,9,personal,1
49785,116185,689,27,0.51,10,6,education,1
1507,148458,687,27,0.67,10,3,education,0
2436,116032,394,7,0.15,13,0,personal,0
28151,147319,729,2,0.14,6,9,education,0
12618,138977,336,29,0.26,7,3,home,0
9750,106173,692,24,0.16,5,5,personal,0
17122,126960,590,20,0.13,15,4,personal,0
8354,59015,602,29,0.52,8,3,home,1
45062,91713,700,28,0.2,10,1,business,0
31979,92805,643,14,0.52,12,9,auto,1
21900,34974,817,29,0.65,17,5,education,0
14840,34037,676,1,0.51,16,5,education,0
38167,104292,464,24,0.13,1,5,auto,0
6037,36167,312,16,0.45,4,3,education,0
29633,108754,324,26,0.33,8,7,education,1
25495,110703,422,23,0.29,6,0,home,0
16848,63148,428,5,0.27,10,9,home,0
37483,92153,846,27,0.7,18,7,home,1
48645,41534,608,0,0.57,13,7,home,1
8837,110995,735,29,0.14,5,4,personal,0
35069,142790,481,3,0.38,12,8,education,1
8370,106078,342,18,0.27,18,8,auto,0
7411,76879,703,6,0.73,8,9,education,1
40133,139894,562,22,0.73,14,3,personal,0
31499,85839,369,21,0.27,15,1,personal,1
31225,49756,591,13,0.3,5,0,education,0
49217,32683,513,25,0.47,5,7,education,0
1692,69485,446,13,0.39,17,7,home,0
29926,118231,324,9,0.2,13,6,personal,1
35246,31025,622,27,0.51,17,2,education,0
40164,106426,408,23,0.28,11,2,auto,0
9448,38715,550,6,0.51,1,9,auto,1
44390,90097,781,15,0.32,13,7,home,0
11073,118383,474,3,0.54,18,7,home,0
36414,122067,646,6,0.52,6,1,education,1
6209,112943,469,14,0.41,13,0,auto,0
7533,107116,301,16,0.54,11,0,personal,0
22061,95705,661,2,0.37,19,0,business,0
8211,37116,595,15,0.13,9,2,auto,0
10927,56744,501,1,0.18,13,0,personal,1
12927,144697,588,6,0.22,15,7,auto,1
25594,107579,361,24,0.09,11,7,education,0
10316,136072,801,15,0.55,16,8,business,1
13177,22124,425,20,0.31,17,3,business,0
11846,124956,348,8,0.12,5,7,education,0
8933,58051,478,11,0.62,14,6,education,1
39244,27176,792,28,0.53,15,3,home,0
47621,111310,732,23,0.37,9,0,personal,0
41696,141293,601,0,0.22,14,2,personal,1
3080,84818,468,13,0.16,10,7,home,0
7089,140395,568,10,0.37,13,7,personal,0
27123,38676,663,17,0.67,17,1,business,1
8797,65177,399,21,0.18,1,6,auto,1
9346,110296,514,4,0.45,14,0,business,0
20878,130623,396,14,0.72,12,3,home,1
34672,20997,847,26,0.5,7,6,personal,1
18653,79330,636,6,0.36,3,3,personal,0
43742,63769,658,24,0.55,1,3,auto,0
27140,122968,589,13,0.63,13,6,auto,0
2184,137045,695,19,0.46,2,0,auto,0
35493,140179,659,7,0.66,9,4,business,1
45148,136367,646,3,0.41,18,5,home,0
25846,98653,423,2,0.63,4,6,home,0
46825,140403,837,11,0.72,16,6,home,0
23195,31231,721,17,0.4,6,6,business,0
6606,115287,635,23,0.47,3,1,education,0
4956,139574,802,14,0.48,11,5,personal,0
17555,92976,356,10,0.6,5,8,business,1
25849,145391,375,23,0.63,1,6,home,0
19690,141509,765,10,0.07,8,6,business,0
49849,105447,584,11,0.56,19,1,business,0
27347,129522,685,18,0.6,4,6,education,0
34189,75965,558,16,0.54,9,8,auto,1
39308,101144,776,28,0.55,3,2,home,0
26785,137433,310,5,0.08,5,1,business,1
33698,115201,559,20,0.36,16,5,auto,1
16966,81517,692,7,0.62,8,1,personal,0
32097,112693,668,14,0.7,6,0,personal,0
16882,114315,483,21,0.21,3,9,personal,1
5675,115504,315,19,0.46,16,3,business,0
42850,47387,805,25,0.61,8,8,business,1
14009,24090,385,9,0.58,13,9,education,1
28843,140846,309,27,0.48,5,2,home,0
30793,44945,776,14,0.06,6,2,auto,0
40516,60239,463,11,0.56,3,5,personal,0
39871,23743,323,10,0.59,8,5,auto,1
18857,50924,611,17,0.56,4,7,education,0
20627,30196,537,23,0.59,17,9,personal,1
19565,111815,761,4,0.35,8,5,auto,0
27025,125312,761,11,0.75,19,7,home,0
28832,88860,537,23,0.59,14,7,home,0
45116,61400,321,4,0.46,9,6,education,0
10782,105177,479,21,0.7,12,4,auto,0
39650,113018,798,28,0.69,13,3,education,0
23366,118530,774,9,0.62,8,0,education,0
29557,100399,638,13,0.44,3,5,education,0
6798,68795,830,15,0.42,15,7,business,0
10627,71553,461,4,0.28,19,3,home,0
42183,123022,360,10,0.23,4,6,business,0
13466,135712,384,18,0.41,2,2,business,1
43614,123976,846,25,0.45,5,4,home,0
13720,44111,789,7,0.22,2,6,education,1
42913,133566,304,18,0.7,7,8,auto,1
38292,146371,375,19,0.44,11,8,education,1
7559,83083,552,21,0.42,12,6,education,0
41388,139968,306,17,0.35,4,3,business,0
20158,81600,772,29,0.09,3,5,auto,1
31916,70022,437,22,0.67,8,3,home,1
23057,23199,657,20,0.27,18,2,personal,0
36892,70897,462,11,0.5,5,8,home,0
42439,58038,617,25,0.48,16,4,auto,0
12706,143323,757,12,0.46,12,7,home,0
13070,75038,552,20,0.42,9,2,business,1
41902,140278,500,20,0.18,8,8,auto,0
1924,131054,831,28,0.25,5,0,personal,0
27478,27897,464,28,0.42,19,1,personal,0
6506,84541,531,17,0.6,15,3,auto,1
47418,126968,627,26,0.35,11,1,home,0
36163,34892,537,28,0.19,13,8,personal,0
25604,28271,419,14,0.11,13,6,auto,1
16310,123462,549,14,0.51,17,1,auto,1
9226,44815,635,11,0.35,16,3,auto,0
12781,65612,583,25,0.14,17,5,education,0
6515,53357,497,8,0.52,19,1,home,1
37133,95088,715,18,0.2,14,8,auto,0
17972,36267,694,11,0.41,7,2,auto,0
33092,38268,450,22,0.26,9,1,education,0
12410,134463,564,4,0.7,2,3,business,1
20522,34263,519,25,0.21,19,4,education,1
10095,90935,515,25,0.34,6,3,auto,1
24047,115347,614,20,0.72,1,2,home,0
21470,79660,515,19,0.27,7,2,education,0
44129,85527,634,9,0.5,16,2,auto,0
9531,83379,658,21,0.27,2,2,home,0
38038,114542,460,6,0.13,4,5,education,1
23403,61271,810,22,0.49,14,3,personal,0
43674,86612,456,10,0.69,11,6,home,1
30122,27235,461,27,0.37,9,6,auto,0
17940,108757,341,7,0.49,5,3,home,1
30831,36417,479,20,0.48,3,0,home,0
12279,118075,602,6,0.34,2,8,auto,1
39220,54609,629,15,0.48,10,6,personal,0
7477,122785,728,27,0.23,10,5,home,0
18400,143128,649,15,0.31,7,4,auto,0
7470,53902,419,13,0.36,15,8,home,0
3062,43645,374,14,0.65,5,8,business,1
42798,82873,422,19,0.29,8,9,personal,0
20880,107218,481,8,0.49,18,5,business,1
35581,84558,556,15,0.2,6,7,home,0
45439,82233,568,15,0.23,11,6,personal,0
15308,131443,792,4,0.5,8,0,auto,0
27027,43401,479,2,0.58,4,1,business,0
31720,27771,448,20,0.37,7,8,personal,1
36081,61335,817,24,0.28,2,9,personal,0
10706,94451,447,12,0.69,15,3,home,1
10837,99434,308,28,0.15,9,2,business,0
39599,87449,477,26,0.55,19,1,auto,0
37824,122601,694,7,0.53,19,7,education,1
34073,112604,630,16,0.53,5,6,home,1
48115,21942,355,4,0.7,19,8,personal,1
33088,40388,506,5,0.56,3,2,business,1
29112,145224,404,28,0.26,12,0,education,0
27299,103251,846,25,0.3,7,8,personal,0
35457,77042,654,28,0.32,5,4,business,0
31063,73740,788,26,0.07,12,4,business,0
4917,85873,802,1,0.69,4,2,education,0
3936,67024,349,29,0.1,19,7,personal,0
37630,43450,386,21,0.54,13,7,education,0
15506,76965,602,13,0.56,15,0,auto,1
29805,30057,300,24,0.64,10,3,home,1
15318,113249,680,29,0.44,1,5,home,1
49068,28983,661,3,0.56,3,8,auto,1
27026,39995,680,2,0.26,18,1,personal,0
28672,134587,461,8,0.57,16,6,education,0
39417,122004,318,17,0.29,12,9,home,0
28281,111628,542,11,0.68,16,0,auto,1
49442,97681,428,8,0.16,11,9,business,1
29091,58886,475,26,0.27,11,3,home,0
39328,109025,708,25,0.4,14,9,home,1
49219,116572,383,26,0.59,17,6,auto,1
19610,115149,675,26,0.57,19,2,education,0
2079,114020,521,17,0.2,11,2,home,0
30850,22673,624,29,0.15,4,3,education,0
47751,54890,750,12,0.26,10,7,auto,0
21590,97513,715,26,0.39,19,2,business,0
31951,43466,744,13,0.43,4,7,home,0
16327,126554,624,9,0.35,11,9,education,0
13755,112545,822,2,0.51,7,8,education,1
8235,136750,465,28,0.35,9,7,personal,1
18197,70406,537,6,0.71,2,7,education,1
22473,23688,312,17,0.23,1,8,education,1
3031,89284,556,15,0.49,8,3,auto,0
42282,124646,813,16,0.48,19,2,education,0
42863,134579,509,24,0.25,16,7,personal,1
15287,33665,783,5,0.34,14,0,business,0
39679,122434,664,24,0.31,4,9,personal,0
45463,40641,524,11,0.17,19,0,business,0
33230,52500,493,18,0.38,6,3,home,0
20037,55797,495,2,0.32,15,9,business,1
28052,104766,699,25,0.17,13,2,business,0
4340,65950,356,27,0.36,19,9,personal,0
41644,45046,512,2,0.35,4,1,auto,1
49664,149554,578,17,0.14,2,8,auto,0
46203,122339,679,28,0.14,3,4,business,0
2141,133431,416,10,0.5,14,2,personal,0
26425,121203,750,5,0.54,4,8,auto,1
20281,29638,709,18,0.71,16,7,auto,0
43049,106363,666,4,0.11,11,3,personal,0
21425,41173,412,12,0.13,13,9,business,1
35806,33222,463,26,0.09,1,4,home,0
33113,70064,303,4,0.42,13,4,personal,0
5270,57010,322,25,0.49,15,7,personal,1
43814,142229,391,2,0.33,7,6,personal,1
5683,38095,768,18,0.61,5,2,business,1
40884,143554,454,16,0.53,6,5,business,1
30809,21439,506,21,0.74,9,5,personal,1
35552,145614,380,2,0.15,6,1,auto,0
4786,123917,782,14,0.09,6,0,home,0
22650,105550,706,16,0.24,2,6,education,0
29706,25375,402,12,0.06,6,2,personal,0
10190,109023,539,13,0.7,10,4,personal,0
39196,127181,564,29,0.26,5,7,business,1
40449,111238,332,28,0.44,12,4,business,0
40661,40600,334,25,0.27,6,4,education,1
30709,22466,548,15,0.22,6,4,business,0
46429,145277,349,24,0.16,8,6,business,1
15892,126128,579,10,0.27,17,1,auto,0
10643,65097,451,16,0.48,18,0,home,0
10943,129934,836,4,0.73,11,3,auto,0
44240,73276,529,20,0.44,1,4,personal,1
46760,70117,587,14,0.42,7,6,auto,0
22042,66971,694,17,0.07,8,0,education,0
44894,26928,752,15,0.64,3,8,auto,1
7869,108016,332,13,0.08,19,9,business,1
41437,75309,662,13,0.68,16,3,education,0
45306,94647,410,12,0.43,8,5,education,1
43833,60888,420,0,0.17,6,0,personal,0
21918,115025,315,5,0.37,2,8,personal,1
29379,63832,822,22,0.75,12,3,business,0
43939,136196,397,10,0.26,6,4,home,1
26274,29404,415,10,0.24,14,7,education,1
18696,53639,770,24,0.13,7,5,business,0
3962,98118,738,15,0.47,9,9,personal,0
14851,80598,580,23,0.11,7,2,personal,1
46747,86399,648,25,0.59,15,9,home,0
6296,133187,531,2,0.69,12,7,education,1
15745,130449,410,24,0.7,17,5,education,1
6730,47684,651,16,0.13,15,1,business,0
14921,88591,311,28,0.44,15,4,home,1
33894,139821,787,21,0.12,14,2,auto,0
6602,97722,832,28,0.45,11,3,business,0
18575,22682,584,13,0.62,11,8,education,1
20023,131186,844,25,0.43,13,2,business,0
46349,58046,691,1,0.66,13,4,business,1
16997,132109,469,25,0.61,8,7,business,1
18750,41832,376,24,0.24,7,8,business,0
42979,36997,596,8,0.49,13,6,education,1
23837,54640,629,7,0.06,11,3,home,0
15997,96882,362,28,0.33,19,8,home,0
40439,60491,569,10,0.22,6,1,personal,0
24067,83043,515,6,0.71,8,1,personal,0
46039,132175,489,29,0.33,19,3,auto,1
21923,148568,374,21,0.51,5,1,home,1
9876,134250,809,1,0.56,10,2,business,1
3887,92725,392,29,0.59,1,4,personal,1
43422,148131,352,3,0.57,12,2,business,1
37854,65520,795,25,0.25,7,0,auto,0
37948,82919,393,22,0.53,8,2,home,1
3841,129869,528,13,0.43,18,5,education,1
29756,84442,549,12,0.47,7,2,auto,0
7040,149953,690,21,0.05,14,8,education,0
11304,41770,481,24,0.23,18,2,home,0
31341,125246,566,12,0.7,4,2,education,1
5758,67498,580,12,0.25,10,2,home,0
18010,129687,382,4,0.36,11,4,business,0
32658,149269,485,27,0.18,11,6,auto,1
38782,143447,830,11,0.15,19,4,business,0
2375,81477,647,5,0.2,1,8,home,0
34949,20244,722,25,0.44,2,5,home,1
23092,52788,753,21,0.69,9,0,business,0
1490,115341,566,13,0.28,17,8,business,0
4729,99453,806,7,0.28,5,2,business,0
6974,77737,441,23,0.44,2,7,auto,1
20680,66489,615,21,0.3,4,2,auto,0
19324,147962,531,7,0.69,7,7,home,0
32334,91303,596,6,0.31,17,3,personal,0
22398,48390,321,16,0.39,3,0,business,1
35650,30247,683,20,0.42,9,5,education,0
22292,89051,425,10,0.6,1,6,education,1
36755,79719,402,25,0.44,16,7,education,0
39353,54678,409,9,0.22,3,5,business,0
4159,143169,771,12,0.14,19,0,personal,0
33626,107802,364,9,0.71,16,4,personal,1
30351,96286,771,20,0.61,1,8,auto,1
38298,49583,375,25,0.07,12,2,personal,0
18065,143240,318,13,0.63,6,4,education,1
22638,28076,683,8,0.46,3,5,education,1
2073,38006,489,6,0.41,7,4,business,0
47511,35051,659,6,0.06,3,3,auto,0
19771,24314,751,25,0.6,13,1,home,0
36461,48670,378,17,0.19,16,4,auto,1
43330,120757,471,15,0.56,14,9,home,1
30320,87551,511,7,0.06,9,0,auto,0
5340,144920,744,15,0.61,8,0,personal,1
35924,30236,448,18,0.07,15,7,auto,0
17184,55568,309,14,0.22,19,3,business,0
41734,80314,841,24,0.24,13,0,home,0
3580,127327,354,14,0.16,14,1,personal,0
41025,144673,479,5,0.39,11,4,personal,0
29967,130188,680,8,0.25,18,6,auto,0
3159,111903,721,14,0.75,3,4,personal,0
49940,36352,750,24,0.46,4,9,education,1
14900,145721,392,6,0.45,3,5,education,1
12440,148219,819,25,0.2,13,6,education,0
15678,65650,712,27,0.34,16,2,auto,0
48204,30346,693,7,0.14,13,9,home,0
13021,45156,630,17,0.58,10,4,auto,0
7772,75904,732,20,0.28,18,7,business,0
2627,34035,462,15,0.58,8,5,personal,1
45432,142141,339,14,0.31,7,1,education,0
9219,36108,384,2,0.74,17,8,auto,0
24464,149031,390,0,0.17,6,1,auto,0
31232,22853,783,12,0.05,15,5,personal,0
43481,104156,684,21,0.47,9,1,auto,0
9488,24176,492,28,0.72,10,9,education,1
35949,120459,552,11,0.5,8,6,personal,0
45362,45920,543,8,0.11,7,0,home,0
40932,74850,569,1,0.43,5,3,education,1
19981,26829,318,8,0.69,18,7,business,1
1901,143225,339,7,0.05,16,8,business,0
23444,120190,815,26,0.17,15,9,personal,1
43058,124775,332,24,0.62,10,2,education,1
19061,110666,749,4,0.68,1,8,education,0
3881,138458,838,12,0.55,6,7,education,1
30863,130893,618,1,0.74,15,3,business,0
46826,93927,423,9,0.11,2,0,personal,0
6622,104860,671,25,0.43,12,9,business,0
2378,138178,650,5,0.53,1,4,auto,0
18632,131654,622,6,0.54,15,6,home,0
29311,60667,787,2,0.61,13,4,business,0
6650,85842,750,13,0.69,1,4,personal,0
46201,55843,652,15,0.3,1,4,business,0
43224,70808,415,5,0.08,4,2,auto,1
8036,50543,312,21,0.3,14,5,auto,0
40255,92780,619,7,0.52,17,3,auto,0
23499,26611,464,0,0.2,13,9,auto,1
38016,108242,384,19,0.62,12,1,home,1
5603,104612,547,14,0.2,6,3,education,0
28773,66902,731,16,0.06,19,5,auto,1
20937,136452,778,23,0.41,16,5,home,0
13632,53043,667,17,0.56,16,8,business,1
31607,25271,656,23,0.29,12,7,auto,1
27337,92867,707,2,0.57,13,4,business,0
1220,97089,644,23,0.36,1,9,business,0
47994,78745,478,5,0.17,18,2,personal,0
5818,116876,724,16,0.11,2,3,home,0
8349,82077,840,22,0.55,2,4,home,0
6618,79119,742,12,0.32,1,0,auto,0
28464,31573,605,22,0.69,10,8,auto,1
43624,41409,666,21,0.43,1,3,auto,0
38344,105970,335,16,0.29,14,7,home,1
19255,44464,762,20,0.29,8,4,business,1
25299,138148,445,15,0.14,1,4,business,0
48975,62840,445,16,0.47,14,1,auto,1
2462,68785,679,0,0.46,10,7,business,0
16905,138523,467,15,0.61,19,9,auto,1
25920,40662,574,5,0.19,8,6,education,0
17252,38228,386,7,0.25,2,1,business,0
42004,80721,453,0,0.12,4,5,home,1
41581,69223,796,1,0.26,12,8,personal,0
35836,27386,614,14,0.35,9,7,home,1
6753,26862,573,4,0.72,1,9,home,1
41005,60108,561,23,0.51,8,2,personal,1
15175,111788,786,26,0.6,17,6,auto,0
7191,95023,753,19,0.28,16,3,business,0
18898,133365,742,14,0.15,15,3,home,0
19982,125939,561,29,0.23,9,6,business,0
15622,100140,842,20,0.23,8,6,personal,0
2001,102963,404,9,0.46,14,0,personal,0
48645,47201,649,4,0.29,12,0,business,0
44000,88578,737,2,0.65,15,5,business,0
24283,69966,468,5,0.74,4,1,personal,1
22435,74774,642,20,0.29,4,2,auto,0
28223,30386,529,14,0.54,2,1,business,1
38244,97228,322,17,0.51,4,1,education,1
31024,142020,580,13,0.19,18,7,education,0
31734,35225,818,9,0.69,15,7,business,1
1515,36693,552,29,0.19,8,5,home,1
46246,92197,703,3,0.57,10,2,personal,1
2191,63021,432,10,0.29,2,4,auto,1
33264,138915,573,19,0.31,9,6,education,1
44628,38261,531,6,0.37,16,4,education,0
47216,47378,844,14,0.66,12,6,home,0
7297,137174,378,22,0.15,5,9,business,0
28856,141574,334,8,0.09,7,6,home,1
9334,106755,794,14,0.33,15,3,auto,0
25162,31937,409,25,0.09,13,9,business,1
7008,86330,620,11,0.53,8,9,education,0
8987,67366,627,17,0.58,19,5,education,1
31966,92322,683,5,0.65,19,8,personal,0
4332,122318,663,17,0.57,5,3,auto,0
1787,60160,531,24,0.69,18,9,education,1
39990,65313,713,17,0.57,17,0,home,0
10873,123657,593,21,0.71,7,7,education,0
18006,121711,846,23,0.19,14,3,home,0
21225,47032,473,5,0.4,15,7,home,1
37444,111963,691,27,0.75,17,8,business,1
36340,37358,401,14,0.53,3,7,business,1
40683,143927,592,18,0.67,13,0,education,1
6033,81710,384,4,0.07,11,8,education,1
8788,115326,500,3,0.66,3,4,home,1
16689,106157,840,16,0.54,6,7,business,1
45220,68821,596,20,0.17,6,5,education,0
22598,48365,355,9,0.07,6,6,business,0
38480,33189,771,11,0.23,6,2,auto,0
30703,96749,315,4,0.69,6,8,home,0
1066,27248,365,6,0.52,14,8,business,1
49623,24369,771,11,0.69,11,9,education,0
46246,83763,322,22,0.36,16,1,home,0
8533,28050,785,1,0.71,19,3,personal,0
16103,48605,714,29,0.37,7,3,home,0
5616,69616,604,19,0.19,6,0,auto,0
47045,74479,476,16,0.16,11,3,home,0
39498,123719,494,12,0.75,4,2,business,1
44492,100934,312,4,0.28,1,1,business,0
12772,60883,465,4,0.16,9,5,education,1
24849,53055,449,19,0.06,13,2,education,0
13940,88731,640,25,0.25,8,9,home,1
17932,110987,473,11,0.67,2,8,home,1
30769,136680,466,11,0.42,16,8,home,1
25648,27450,396,6,0.49,19,7,business,0
48411,22925,703,5,0.7,8,7,business,0
33966,100051,376,28,0.41,12,1,personal,1
28777,70272,536,9,0.64,11,5,personal,1
33567,25310,590,18,0.28,9,3,personal,0
18174,51817,435,15,0.73,10,9,education,1
43598,135134,666,1,0.11,1,1,business,1
14798,112944,847,3,0.56,19,1,home,0
18558,64528,547,8,0.51,17,9,home,1
45237,133200,513,25,0.18,4,6,personal,1
1178,75779,369,4,0.32,12,0,education,0
21470,104816,628,0,0.27,8,7,education,0
18118,102641,315,10,0.12,16,4,personal,1
23616,104083,786,18,0.46,1,9,home,0
1798,96310,473,24,0.75,9,7,education,1
8601,35457,573,22,0.44,11,1,auto,1
26363,62311,823,2,0.43,12,0,personal,0
3795,23980,518,0,0.08,9,1,home,1
32926,40886,812,3,0.15,6,5,auto,0
46264,97112,698,8,0.41,9,3,business,0
38356,70877,410,27,0.74,6,7,home,0
8297,143573,763,15,0.66,6,8,auto,1
4084,117427,392,6,0.29,3,8,business,0
31329,56181,750,4,0.43,3,4,education,0
12110,53262,695,12,0.44,16,5,home,0
1731,20947,778,10,0.53,2,6,home,0
2129,20022,615,13,0.53,4,3,education,0
29022,21128,652,21,0.6,9,9,home,0
2605,99522,538,16,0.07,7,2,personal,1
12970,52322,403,22,0.71,3,1,auto,0
44705,68929,328,11,0.1,13,9,business,1
45130,101696,388,20,0.38,14,3,business,0
30265,135245,674,22,0.69,9,8,auto,0
33330,29808,696,20,0.39,1,4,personal,1
3933,115148,663,20,0.09,12,0,home,0
16187,72882,446,18,0.21,1,4,education,0
26791,41725,613,4,0.46,9,5,education,0
25900,92534,847,23,0.11,7,9,home,0
6074,59950,751,29,0.35,3,5,business,0
47805,108954,805,7,0.28,4,4,auto,0
27426,103576,785,1,0.62,7,7,auto,0
40867,40557,400,26,0.13,15,4,business,0
1893,41825,406,16,0.53,1,9,auto,1
35158,28998,590,1,0.33,6,2,business,0
20773,56080,648,26,0.46,5,2,personal,0
5239,131633,526,22,0.19,11,3,home,0
21863,147743,349,2,0.48,17,9,business,0
4432,77797,457,23,0.52,3,7,personal,0
36139,35802,627,19,0.1,12,8,business,0
2515,31167,376,25,0.63,10,6,personal,1
32670,120628,753,25,0.65,7,1,personal,1
49674,62407,609,23,0.09,15,8,personal,0
40094,140283,626,29,0.47,18,5,home,1
15605,33338,807,17,0.47,19,5,business,0
6586,96289,406,28,0.06,1,5,business,1
36685,91520,540,29,0.29,13,0,business,0
49669,38895,734,14,0.73,4,8,personal,0
32186,67910,327,4,0.44,18,5,auto,1
27928,129367,548,21,0.7,12,6,auto,1
33728,85898,663,16,0.52,4,0,business,0
18551,23454,832,13,0.07,4,4,auto,0
22493,137486,771,0,0.1,5,2,auto,0
21711,106540,838,13,0.56,19,8,auto,1
21039,80797,712,8,0.44,9,1,personal,0
37561,121559,464,4,0.14,7,3,business,1
10947,103137,347,29,0.48,7,2,business,1
33335,70637,783,3,0.62,12,8,education,0
16859,144983,457,29,0.58,10,2,education,0
24122,25349,450,0,0.22,13,0,auto,1
2577,145416,524,2,0.23,6,7,business,0
43256,59963,559,28,0.73,9,0,auto,0
29350,95583,686,19,0.67,19,0,personal,0
42932,27750,555,10,0.27,16,6,business,0
34798,114929,360,15,0.63,11,8,personal,1
32898,42463,695,10,0.16,4,3,personal,0
16881,94935,696,20,0.19,1,9,business,0
11785,78792,461,29,0.18,12,3,auto,0
7691,33686,679,9,0.11,4,4,education,0
18297,126339,742,11,0.65,5,4,auto,0
7358,83528,648,29,0.46,6,1,education,0
20581,119811,330,4,0.23,14,8,home,0
2462,135691,370,9,0.64,1,9,education,0
16511,42787,696,23,0.61,8,8,business,0
11570,34776,737,12,0.12,15,8,education,0
49665,135613,301,28,0.5,12,8,home,1
45414,115063,434,18,0.56,19,0,education,1
16474,77427,445,6,0.55,7,7,auto,0
8037,149069,478,29,0.56,9,7,education,1
29129,124887,563,15,0.17,11,3,business,0
43267,81086,610,28,0.27,8,9,business,0
14386,122231,503,5,0.64,4,0,personal,0
7221,144422,329,9,0.68,10,0,auto,1
24474,135673,358,26,0.25,10,0,auto,0
41537,83308,308,9,0.07,8,2,education,0
48124,35797,623,25,0.65,14,9,education,1
22045,122535,466,10,0.31,4,2,business,0
26783,25302,636,21,0.28,3,3,personal,0
41157,83172,678,9,0.29,3,1,home,0
5922,58059,541,24,0.34,4,8,education,1
47407,20908,459,13,0.31,12,9,auto,0
23706,80252,534,14,0.45,18,8,education,0
43771,100659,752,6,0.11,19,9,personal,0
33479,32877,498,12,0.73,11,6,auto,0
6178,34239,776,10,0.71,18,1,personal,1
31022,106971,332,6,0.7,14,2,auto,1
16240,47313,707,10,0.67,11,7,education,0
27220,120890,388,13,0.51,14,8,personal,1
37736,62103,520,16,0.2,3,3,business,1
3716,68408,368,15,0.08,2,8,auto,0
17574,103251,593,0,0.12,9,3,personal,0
47279,108771,536,8,0.28,8,1,personal,1
18719,146228,459,8,0.4,5,6,home,1
9181,111665,589,27,0.75,9,8,home,1
46763,30534,832,26,0.35,5,1,education,0
45066,120110,634,9,0.42,13,7,business,1
21213,63060,801,18,0.54,11,5,business,0
7380,37189,545,14,0.18,11,8,personal,1
1615,148431,622,15,0.7,12,4,personal,1
1463,106067,628,10,0.42,19,0,personal,0
32973,30967,846,26,0.24,13,4,auto,0
10158,101991,638,23,0.7,9,9,education,0
21651,85563,470,24,0.49,4,6,education,0
4158,28660,409,16,0.39,7,6,home,1
21008,138671,309,27,0.46,5,3,personal,0
47202,110875,501,29,0.57,7,9,personal,0
5938,149909,556,18,0.16,8,5,auto,0
39185,59823,561,12,0.66,14,5,personal,1
23388,75842,729,5,0.72,10,9,personal,1
9881,29616,806,14,0.45,6,9,education,0
6603,95976,365,15,0.53,5,0,personal,0
35980,122136,334,3,0.65,15,4,auto,1
23504,68738,790,7,0.31,16,6,auto,0
17766,33107,553,24,0.74,2,4,business,1
29386,81404,316,6,0.53,15,7,business,1
12695,114182,560,26,0.35,8,0,home,0
18796,132081,555,16,0.52,13,8,auto,0
43543,111787,723,15,0.42,17,1,auto,0
15559,35954,800,29,0.13,15,7,education,0
39914,36943,585,1,0.61,14,4,business,1
34139,60725,306,16,0.45,19,9,home,1
39333,65434,796,24,0.61,13,6,education,0
9802,105751,498,3,0.16,7,6,education,1
9307,30110,717,25,0.43,8,0,business,0
41205,125648,351,13,0.59,7,7,education,1
34214,107091,542,7,0.74,19,2,business,1
35159,36462,518,4,0.67,15,3,auto,1
12516,99232,817,4,0.66,7,2,auto,1
30086,74081,408,4,0.22,17,1,business,0
49222,72799,650,26,0.64,18,6,personal,1
31480,86567,365,4,0.17,19,9,personal,0
45659,109301,309,2,0.19,3,4,home,1
48766,71224,501,5,0.13,7,6,personal,0
39737,147425,513,29,0.65,10,0,home,1
10265,76063,367,0,0.13,7,9,business,0
49629,133394,626,7,0.15,11,1,business,0
6454,75240,349,12,0.22,3,5,business,0
36918,101352,316,19,0.45,9,5,home,1
27181,37868,822,5,0.67,4,2,education,0
16386,95973,605,17,0.34,8,9,home,0
40182,100989,691,17,0.43,12,0,education,0
38425,42222,423,15,0.17,8,2,auto,1
44254,99794,803,7,0.24,15,3,auto,0
25327,83924,524,29,0.14,14,0,education,0
22181,119854,617,16,0.34,5,6,education,1
48662,98513,772,7,0.46,17,2,personal,0
22452,148966,840,14,0.25,11,7,education,0
39248,74649,657,25,0.64,15,6,education,0
41801,122986,782,9,0.74,13,5,business,0
34751,132743,728,0,0.13,4,7,home,0
22991,103749,796,8,0.06,13,8,education,0
42311,122055,771,16,0.6,13,1,business,0
10916,140769,599,19,0.18,11,9,education,0
11143,131218,383,24,0.3,5,8,personal,1
26855,30223,676,0,0.33,14,9,education,1
16581,68166,612,8,0.69,3,4,education,1
2907,59369,619,13,0.51,18,0,business,0
30424,106379,503,23,0.08,3,0,education,0
24308,89392,654,4,0.06,6,6,business,1
42984,79526,593,5,0.19,8,5,home,0
42505,32661,803,4,0.27,17,9,business,1
47525,35591,444,3,0.39,1,8,home,1
37942,91718,838,27,0.64,7,0,education,0
27957,75235,316,15,0.27,18,9,home,0
26464,27970,338,15,0.31,4,9,auto,1
49476,67922,429,9,0.28,10,9,auto,0
24649,120398,414,13,0.06,5,9,business,1
43065,50755,749,12,0.72,8,6,personal,1
28125,130399,344,27,0.15,13,7,education,1
35758,140926,515,3,0.25,17,9,auto,0
6596,39416,714,13,0.14,4,3,personal,0
17374,33672,564,25,0.39,10,0,business,0
4775,103468,739,23,0.7,8,2,home,0
28388,148145,680,23,0.12,10,1,education,0
22029,66996,600,8,0.36,13,2,home,0
19445,94095,470,2,0.07,12,5,education,1
49474,20064,705,9,0.59,13,9,auto,0
15645,88835,654,14,0.5,10,2,personal,0
32105,90385,460,23,0.54,1,9,business,1
14668,25639,325,18,0.38,9,3,education,1
16960,136723,382,1,0.69,3,0,auto,1
12357,31055,472,1,0.34,17,5,business,0
38203,79220,369,8,0.41,10,1,education,0
16804,107594,305,3,0.54,19,3,auto,0
15626,49427,494,4,0.41,6,4,business,0
29132,136916,824,1,0.18,7,4,home,0
8951,140308,362,24,0.27,11,3,personal,0
7449,102516,312,6,0.11,16,2,personal,0
20065,84666,504,18,0.35,4,3,home,0
36967,84274,339,5,0.48,4,2,personal,0
40536,138294,464,22,0.13,18,2,personal,0
10130,30866,330,15,0.49,18,3,education,0
24824,23889,828,13,0.68,7,8,auto,0
42401,138194,697,11,0.29,11,8,home,0
37993,144714,758,5,0.21,5,7,auto,0
32875,68226,522,25,0.68,18,3,personal,1
7054,51335,377,26,0.53,7,1,auto,0
35273,70547,727,25,0.12,2,8,business,1
42821,46162,724,21,0.34,5,5,home,0
49517,109449,686,12,0.52,5,7,home,1
11832,44687,538,14,0.45,19,3,home,0
30670,118756,389,23,0.48,2,7,education,1
23852,30995,684,13,0.45,19,5,auto,1
24620,76488,438,7,0.61,5,5,auto,1
29307,22631,823,20,0.27,12,5,education,0
48551,54954,543,29,0.55,13,8,home,0
2551,25967,804,19,0.74,7,0,education,0
48922,108294,721,10,0.32,2,0,education,0
28812,107278,481,20,0.6,14,4,personal,1
14799,84471,494,8,0.22,5,0,home,0
27312,57116,352,11,0.25,12,9,business,1
40620,112116,478,25,0.7,4,8,personal,1
2449,54227,592,5,0.07,17,3,home,0
25426,21942,674,18,0.2,16,1,home,0
36427,67664,358,2,0.39,10,2,home,0
41277,48069,353,29,0.33,3,8,auto,0
32551,107342,544,0,0.49,1,7,home,1
25277,34407,448,14,0.18,6,2,home,0
36489,133926,667,14,0.1,3,7,business,0
46212,79201,315,4,0.31,19,3,home,1
10637,100093,475,21,0.42,7,5,education,1
44258,74348,839,23,0.44,9,3,home,0
36693,101981,705,10,0.47,12,4,home,0
10824,37878,766,24,0.43,14,9,home,1
27950,103100,428,22,0.22,1,8,auto,1
24488,98629,522,0,0.59,13,1,personal,1
40008,75420,543,22,0.11,2,8,auto,1
1215,121092,725,9,0.19,3,2,business,0
41067,111987,653,24,0.57,11,4,business,0
12523,63168,625,19,0.25,5,6,education,1
11364,139324,302,10,0.4,2,1,education,0
4153,139409,778,27,0.28,14,3,business,0
24834,74862,380,6,0.4,13,0,personal,0
35474,109622,343,24,0.29,14,2,personal,1
44066,102025,454,16,0.75,3,5,business,1
35335,144034,835,11,0.3,8,1,home,0
11400,48004,398,25,0.49,13,7,auto,0
11345,40471,696,24,0.67,12,6,auto,1
34896,111820,470,3,0.5,18,2,home,0
20894,80167,447,11,0.45,18,0,personal,0
29899,122229,422,23,0.45,17,9,auto,1
41635,103828,411,2,0.4,7,3,auto,0
29229,85308,429,17,0.62,13,3,education,1
6583,103969,367,28,0.09,13,4,personal,1
5897,34568,844,11,0.67,6,2,business,0
7001,130960,585,23,0.46,19,1,business,0
44881,29466,304,23,0.64,19,1,home,1
5567,111057,417,18,0.06,16,7,auto,1
10271,77324,529,12,0.66,3,6,business,1
48116,122208,459,15,0.13,14,0,home,1
12703,35467,593,7,0.55,6,8,education,0
14329,117555,485,26,0.34,17,2,personal,1
36509,95955,523,26,0.53,16,2,auto,0
7256,72948,451,5,0.49,2,0,auto,1
1228,36676,439,9,0.16,9,3,home,0
25746,114791,666,24,0.41,13,9,auto,0
17678,51514,427,9,0.24,14,1,personal,0
38052,128718,650,28,0.44,12,2,business,0
47032,42650,446,5,0.57,11,0,home,1
47158,108290,584,7,0.11,19,2,personal,1
24185,97701,768,17,0.41,10,3,auto,0
34686,30683,517,16,0.48,18,5,business,0
12445,118092,735,25,0.26,3,2,personal,0
34266,79819,444,9,0.72,16,5,business,0
3809,100978,576,1,0.41,18,1,business,1
38729,24860,359,11,0.18,14,7,home,1
42785,23729,674,19,0.13,17,4,auto,1
37547,51351,703,9,0.43,5,0,education,0
43818,132704,413,8,0.31,17,5,education,0
35886,82744,794,15,0.18,14,2,education,0
7391,44346,635,6,0.07,3,3,personal,0
1145,140198,584,8,0.45,15,9,education,0
14929,94155,428,24,0.47,12,7,auto,0
25326,141449,614,24,0.15,17,7,education,0
30991,96700,370,23,0.47,17,7,business,1
48685,124414,644,5,0.72,19,4,business,0
38333,26955,397,29,0.73,7,0,business,1
17576,85642,599,26,0.67,5,8,education,1
40405,146499,475,9,0.61,2,8,auto,0
29464,90290,374,6,0.2,16,7,auto,0
9243,64293,442,17,0.16,13,2,education,0
32601,81336,322,10,0.36,11,5,auto,0
3410,41662,480,0,0.48,7,6,education,0
2820,26408,344,28,0.65,3,3,auto,1
36289,60403,768,20,0.21,6,9,home,1
39650,21225,391,23,0.39,5,6,home,0
35635,32196,568,18,0.5,1,8,auto,1
8465,89786,333,22,0.36,1,5,business,1
33439,35372,663,4,0.37,18,1,home,0
28314,146248,432,27,0.21,3,5,personal,1
45229,37279,681,25,0.74,19,2,education,1
20583,130401,576,28,0.38,10,6,personal,0
28155,115729,455,23,0.42,11,2,auto,0
39871,136308,686,5,0.2,8,7,auto,0
13197,74240,834,21,0.41,11,4,business,1
30511,130359,499,6,0.23,5,2,home,1
16424,112404,574,22,0.19,4,0,home,0
49821,58187,800,3,0.24,13,4,personal,0
1240,136073,758,25,0.05,6,9,home,0
5631,68481,349,15,0.45,2,9,auto,1
10599,48475,831,27,0.32,6,2,business,0
45462,64552,391,9,0.68,10,3,education,0
25658,87969,755,25,0.08,4,9,personal,0
38845,96534,638,14,0.08,16,3,personal,0
33574,129879,352,12,0.67,10,2,education,0
37536,116669,795,7,0.14,1,5,auto,0
42910,119605,303,21,0.05,13,5,personal,1
8995,26858,580,26,0.18,14,0,home,0
26186,94486,589,12,0.63,12,3,home,1
30245,94474,372,23,0.61,13,0,home,0
23813,45168,436,6,0.29,1,6,business,0
14276,52099,692,16,0.52,14,6,education,1
20989,91180,507,3,0.41,8,5,auto,0
13746,129382,559,6,0.68,14,1,home,1
45243,81455,562,15,0.09,1,3,home,0
19557,74240,804,24,0.62,17,2,business,0
29060,94796,849,1,0.17,16,7,home,1
7568,74592,502,20,0.32,12,1,business,0
36369,149674,646,24,0.18,5,9,education,0
20041,142181,351,24,0.54,18,1,personal,1
7080,140979,655,21,0.52,4,0,home,1
14854,67458,818,22,0.43,11,8,home,0
3159,121611,662,24,0.54,8,2,education,0
28025,78046,344,13,0.5,9,7,personal,1
42081,139396,677,13,0.59,10,6,business,0
5368,36488,711,25,0.22,7,0,personal,0
35085,78841,441,7,0.35,19,5,home,1
28094,138521,557,29,0.16,1,7,education,1
47040,20395,336,25,0.35,5,5,auto,1
2230,72669,344,5,0.54,6,8,education,1
18517,30845,345,21,0.53,12,9,business,0
24991,56059,600,6,0.55,12,2,business,0
2301,38394,587,6,0.27,14,5,home,1
29610,113993,568,1,0.51,7,9,education,1
16927,65906,361,24,0.31,14,3,auto,0
35678,79332,541,3,0.71,16,9,education,0
25466,57305,653,12,0.29,9,2,business,0
15904,62628,370,28,0.47,2,7,education,0
41875,41352,712,9,0.58,17,6,home,1
27081,106682,360,8,0.68,4,6,business,1
25354,102971,751,14,0.36,14,4,education,0
28761,71993,692,11,0.3,14,0,education,0
19300,59386,828,26,0.35,15,5,home,1
30491,123027,604,9,0.28,12,5,home,1
36525,76624,490,18,0.51,13,2,education,0
27532,77065,377,20,0.7,10,4,auto,1
7464,140212,824,4,0.14,16,8,business,0
17562,105504,600,6,0.44,15,6,education,1
42856,133141,316,27,0.68,8,7,home,1
48892,28539,733,19,0.12,4,8,business,1
48028,21263,342,10,0.4,1,5,home,1
43511,33305,367,15,0.66,14,4,business,1
9683,73817,679,12,0.68,9,9,education,0
33634,44398,511,27,0.41,19,4,personal,1
1060,129238,502,3,0.07,6,4,personal,0
10269,117616,408,15,0.12,16,3,business,0
24065,95801,583,12,0.46,11,1,home,0
3895,69107,524,28,0.14,11,6,home,1
16323,52152,417,0,0.15,14,6,home,1
13352,113260,639,21,0.59,11,7,education,0
45643,50624,580,3,0.58,14,7,business,1
39591,149240,790,26,0.64,1,7,education,1
31890,119655,318,14,0.12,11,8,personal,0
33016,76132,474,25,0.19,18,5,personal,1
12962,145701,768,25,0.63,17,3,home,0
34302,125494,441,20,0.55,4,1,home,1
20846,72979,762,29,0.61,14,4,business,0
5011,78013,597,26,0.74,8,5,personal,1
20782,114925,769,24,0.66,15,6,business,0
3155,83797,672,15,0.41,16,5,personal,0
40725,71798,767,3,0.27,1,3,auto,0
10196,36650,737,16,0.45,1,3,business,0
44459,46014,742,10,0.5,10,6,auto,1
22709,96421,755,24,0.28,2,0,education,0
14327,27434,547,4,0.59,12,2,personal,1
36474,50028,441,25,0.11,4,9,auto,0
33769,86558,701,12,0.6,19,1,education,0
42993,44331,521,11,0.07,1,1,business,1
25700,87573,483,28,0.4,1,6,auto,0
15820,149473,663,26,0.65,9,4,auto,0
11891,94292,487,22,0.11,13,2,education,1
35629,142466,412,2,0.41,11,8,auto,0
6269,66326,480,3,0.16,19,8,education,1
44880,102979,498,27,0.68,17,2,personal,0
49467,119728,369,9,0.63,3,1,personal,1
9320,24123,784,8,0.7,13,2,personal,0
11740,36603,698,9,0.66,19,8,auto,1
36897,85941,309,12,0.57,9,7,auto,1
31930,62597,302,0,0.18,19,2,home,0
18285,83238,777,11,0.26,19,3,home,0
15380,104238,366,10,0.4,1,4,education,1
12360,62719,396,20,0.46,17,3,auto,0
6398,111786,830,7,0.6,14,1,education,0
6529,61751,617,25,0.21,12,8,business,0
30062,146462,397,22,0.14,2,1,auto,0
37686,106978,356,13,0.39,3,4,business,1
18451,37693,406,13,0.16,5,8,auto,1
7937,109541,387,19,0.54,3,7,personal,1
40886,130329,670,22,0.45,14,0,education,0
11860,57697,674,16,0.57,18,2,home,0
26142,114524,351,21,0.09,5,9,personal,1
26279,117869,340,24,0.73,3,8,home,0
39106,49992,390,18,0.05,2,2,auto,0
46240,83825,338,19,0.28,9,3,business,0
36908,29522,312,23,0.53,18,2,business,0
41764,65406,403,27,0.08,2,6,personal,0
49257,127006,342,20,0.11,19,8,home,1
15201,129068,508,20,0.1,3,3,education,0
41544,32121,775,16,0.46,18,8,education,0
38711,143371,408,5,0.68,14,1,education,0
46654,34219,513,13,0.44,13,1,home,0
9997,21617,708,17,0.47,16,8,business,1
41566,63016,376,16,0.29,11,6,business,0
21175,70672,394,5,0.06,12,4,personal,1
41860,44276,568,4,0.07,3,4,home,1
4225,119887,660,12,0.67,6,8,auto,1
45578,92240,829,15,0.12,16,3,auto,0
48682,126292,461,20,0.75,12,0,education,0
36228,75735,764,8,0.17,6,5,business,0
42505,37959,847,11,0.52,14,2,business,1
47688,48522,486,9,0.71,9,1,home,0
24110,76087,351,25,0.3,17,3,home,0
11754,29953,787,12,0.56,12,8,personal,0
27655,46567,830,18,0.3,1,7,home,0
44601,80523,695,15,0.26,8,6,personal,0
4114,82708,391,16,0.19,12,1,education,0
27502,146206,656,15,0.62,16,0,education,0
49128,42560,443,29,0.23,1,6,business,1
21028,78390,498,13,0.25,3,9,business,1
18587,145772,622,15,0.75,12,4,business,0
43719,88149,631,23,0.28,4,7,auto,0
36333,56660,563,14,0.35,10,4,personal,0
4174,65104,516,11,0.74,2,9,education,1
36398,77805,733,4,0.31,9,4,personal,0
36929,125037,759,10,0.31,3,7,auto,0
5321,122735,802,4,0.63,1,8,auto,1
31435,44496,768,23,0.27,5,1,education,0
46972,103301,665,23,0.21,5,7,education,1
8099,111257,538,10,0.35,2,6,business,1
24760,23515,695,1,0.54,15,7,auto,1
12360,24454,694,18,0.08,1,2,business,0
11313,126073,374,25,0.31,5,3,education,1
47270,42873,397,25,0.29,7,6,auto,1
21462,93920,682,16,0.22,11,4,auto,0
6801,33727,669,18,0.51,10,6,home,1
15130,148376,584,11,0.25,2,5,auto,0
15271,89070,555,19,0.47,14,3,business,0
17075,119059,608,26,0.4,5,1,home,0
37919,144564,475,22,0.2,16,5,auto,1
42679,117425,527,24,0.24,2,5,home,1
19984,137213,646,27,0.17,10,5,auto,1
23559,69979,641,4,0.09,18,0,personal,0
13861,45465,538,11,0.48,5,5,business,1
34434,73900,649,15,0.52,17,1,business,0
17667,79799,754,0,0.17,11,9,home,0
6840,137021,740,1,0.48,5,4,personal,1
4565,116129,814,9,0.74,6,6,home,1
44194,41330,380,1,0.1,16,9,home,1
21977,28302,660,24,0.39,5,0,education,0
22118,98443,587,9,0.56,16,4,home,1
23641,109966,307,22,0.08,17,8,auto,0
8366,127288,386,17,0.59,9,2,education,0
27636,132689,585,0,0.74,2,1,education,1
16630,92717,698,4,0.11,19,9,home,0
21056,131749,373,11,0.63,17,1,education,1
8382,32875,738,16,0.32,5,2,business,0
17149,47219,422,24,0.15,2,0,education,0
49639,56182,676,18,0.4,11,1,education,0
47041,100541,442,17,0.1,1,5,auto,1
1992,62269,457,29,0.42,9,7,business,0
7858,99781,729,12,0.06,6,3,education,0
3121,26457,747,21,0.56,11,1,auto,0
28160,26749,709,2,0.39,8,4,business,0
46156,53064,670,20,0.37,13,2,education,0
21906,29821,408,9,0.19,12,4,home,1
20572,135256,335,13,0.3,9,2,education,0
5136,118297,389,7,0.18,15,3,business,1
17727,123587,714,9,0.56,5,4,education,0
33167,98655,595,1,0.19,15,6,business,1
46421,27664,345,27,0.48,2,1,home,1
16479,49281,787,12,0.25,15,5,education,0
32376,146991,469,4,0.51,3,5,business,1
5823,125815,445,10,0.43,10,5,auto,0
5920,51821,719,23,0.35,7,6,education,0
20585,123769,302,0,0.52,10,2,home,0
39239,44647,562,25,0.34,10,4,auto,1
18272,130861,620,9,0.62,8,8,education,0
27619,89918,545,29,0.56,13,8,business,0
10533,101985,776,26,0.43,2,6,personal,0
40895,102799,558,28,0.66,12,8,auto,1
4720,110179,392,27,0.63,9,2,business,1
20267,94944,832,12,0.42,1,6,auto,0
16696,109142,638,27,0.1,12,0,education,0
30968,47603,559,3,0.45,12,6,home,1
24345,66458,536,20,0.3,3,2,home,1
26693,90605,440,29,0.43,8,2,auto,0
20385,39623,779,9,0.5,13,6,personal,0
19122,64440,649,11,0.5,17,7,education,1
2364,102427,429,13,0.52,10,3,business,0
3708,27704,836,26,0.53,15,0,education,0
13982,113826,310,2,0.13,9,4,personal,1
18308,47460,556,27,0.18,18,9,business,1
33919,103045,668,1,0.49,8,3,personal,0
26161,102805,693,27,0.34,14,8,education,0
36089,137529,718,18,0.58,11,2,education,1
14865,93511,318,10,0.14,13,3,auto,0
1495,130373,409,20,0.18,16,9,personal,0
45755,26565,736,6,0.44,14,2,home,0
3148,108003,804,17,0.4,9,2,personal,0
34324,24870,333,28,0.24,9,6,personal,1
14393,38909,587,13,0.34,19,4,business,1
2552,29117,554,6,0.07,5,4,business,0
36853,138903,433,21,0.08,15,3,auto,0
33924,87474,798,29,0.12,11,9,home,0
9926,113926,696,6,0.45,19,7,education,0
31851,64322,786,22,0.65,6,0,home,0
24889,147463,512,8,0.23,10,8,home,1
40930,121536,649,22,0.07,16,8,home,0
9055,40128,318,29,0.55,5,4,auto,1
5654,140909,418,11,0.65,18,0,auto,1
23634,117317,601,28,0.15,19,1,home,0
33363,89001,584,5,0.32,10,1,education,1
12468,20440,526,25,0.16,10,5,education,1
33922,80955,806,23,0.12,12,9,education,1
41718,69613,800,6,0.5,3,8,auto,1
49091,143491,511,21,0.73,4,2,business,1
18380,90949,655,3,0.52,12,7,education,1
27870,31663,786,15,0.74,7,1,business,0
38394,124059,620,6,0.35,12,4,home,0
15259,123316,522,27,0.68,3,3,education,0
15873,39547,490,7,0.19,18,4,home,1
14016,101662,799,7,0.13,19,3,home,0
43137,125056,794,27,0.54,5,0,personal,0
1153,20005,536,27,0.31,14,0,home,0
8853,123080,321,19,0.27,8,5,home,0
13379,27038,626,25,0.52,15,7,auto,0
16792,26414,844,24,0.28,16,6,home,1
39367,107659,426,2,0.45,18,3,education,1
19100,89506,664,8,0.26,11,4,auto,0
48553,96586,343,18,0.6,2,7,personal,1
12049,22606,818,12,0.27,10,5,personal,0
1786,36482,427,6,0.42,11,7,home,0
5368,118829,429,19,0.07,5,5,business,1
31699,91873,828,20,0.6,17,7,personal,0
48691,53948,620,28,0.48,1,3,personal,0
38040,109987,485,14,0.18,14,9,personal,0
28454,111801,647,18,0.2,15,1,education,0
39762,111250,780,1,0.23,7,2,business,0
24600,40875,660,11,0.45,8,4,home,0
30238,33057,586,7,0.43,16,3,home,0
26241,52400,481,29,0.24,13,4,auto,1
20810,91458,750,22,0.54,5,0,education,0
21167,88607,396,22,0.67,3,0,business,0
22811,107561,613,7,0.08,13,1,auto,0
40779,47503,845,12,0.34,19,1,business,0
21085,43765,320,0,0.47,12,7,personal,1
47854,121096,796,27,0.46,19,9,business,0
10261,139466,702,23,0.06,17,3,auto,0
19733,66612,423,9,0.2,11,5,education,0
40779,118318,418,27,0.09,3,1,education,1
30079,104335,776,29,0.45,2,0,personal,0
34980,120989,402,29,0.5,14,6,home,1
15141,113012,632,20,0.16,17,3,auto,0
10344,101748,758,23,0.28,2,3,home,0
40472,29428,429,8,0.28,18,1,personal,0
16896,51419,433,28,0.62,15,8,business,0
24817,85195,456,1,0.19,12,1,business,1
30813,93695,724,18,0.43,16,4,personal,0
19895,109846,734,21,0.6,16,5,education,0
1143,122404,688,24,0.63,7,2,auto,0
11681,59142,617,13,0.52,6,2,personal,1
8367,91540,804,9,0.26,14,5,personal,0
4228,58289,489,9,0.63,8,4,auto,1
5582,96948,710,7,0.57,19,4,education,1
14147,78951,351,13,0.54,19,4,education,1
12397,31755,745,12,0.1,12,8,auto,0
39799,141843,743,5,0.08,9,7,home,1
38011,137985,681,20,0.54,9,3,business,0
14647,104553,673,29,0.71,5,5,auto,1
28718,23890,674,12,0.59,14,4,education,1
45264,114376,688,2,0.63,1,5,home,0
43317,145688,778,27,0.43,3,7,personal,1
48914,37175,703,19,0.26,11,5,personal,0
20097,94727,767,28,0.52,4,5,personal,1
37953,85687,804,12,0.55,1,1,business,0
46254,104983,382,22,0.52,6,6,education,1
41096,108287,618,22,0.71,10,2,home,0
18107,114711,366,18,0.31,4,6,education,0
4010,44288,713,15,0.08,17,4,business,1
6555,66629,752,3,0.69,5,3,business,1
1067,136779,497,2,0.16,2,9,auto,0
29412,67800,558,14,0.54,1,0,education,0
45953,57367,597,14,0.66,16,7,personal,0
35305,97810,579,17,0.27,7,1,auto,0
12549,97754,599,21,0.63,3,9,education,1
6680,109328,428,6,0.28,14,7,auto,1
26739,88513,797,19,0.61,19,6,auto,0
22209,102762,737,4,0.1,16,2,home,0
42515,49022,591,7,0.51,6,6,auto,1
23432,89329,506,24,0.52,1,0,business,1
16116,79414,593,22,0.39,7,4,personal,0
21045,21659,328,9,0.53,11,1,home,1
27327,77941,478,29,0.7,18,1,auto,0
36709,57930,340,0,0.56,9,2,home,0
44617,63473,769,10,0.72,3,6,personal,0
27905,147015,491,29,0.36,8,1,personal,1
8067,75598,643,2,0.42,8,3,home,0
33559,36040,577,26,0.23,1,3,education,0
43919,89806,654,20,0.74,10,0,personal,1
18985,33286,828,2,0.09,15,6,business,0
28369,89139,385,14,0.3,10,3,business,0
18864,132076,616,16,0.26,8,0,auto,0
23614,75916,636,17,0.32,2,2,education,0
48894,37600,444,7,0.69,18,7,education,1
16613,22291,614,22,0.31,2,3,auto,0
7447,33123,524,12,0.69,19,0,personal,0
6499,149303,722,9,0.35,9,6,home,0
40041,23811,353,2,0.65,10,7,education,1
32315,98883,367,19,0.42,4,4,education,0
2299,51276,633,13,0.27,1,8,personal,0
40469,74145,376,12,0.36,11,6,home,0
5994,66619,838,2,0.35,2,3,business,0
30878,101049,454,12,0.23,4,8,education,1
16627,90678,371,19,0.25,15,5,personal,0
8489,108782,800,23,0.18,13,7,education,0
27111,111043,746,24,0.29,1,1,business,0
33355,46714,658,22,0.49,2,4,auto,0
9269,75685,576,8,0.32,6,2,personal,0
3831,32194,612,29,0.55,7,4,home,1
45370,93062,404,24,0.74,19,7,auto,1
12819,84037,394,15,0.31,4,5,home,1
25813,39362,518,22,0.37,18,0,business,1
22637,74499,427,22,0.16,9,6,home,1
2996,66281,499,7,0.32,11,9,education,0
45387,82813,631,11,0.56,5,0,business,1
4089,64852,846,25,0.2,1,0,auto,0
34291,142621,591,27,0.18,2,3,education,0
21659,131653,365,11,0.31,3,8,education,0
46178,67836,703,18,0.62,17,7,business,1
31429,24595,445,23,0.49,2,9,home,0
16732,115930,829,16,0.72,1,2,home,0
20506,35402,701,28,0.68,2,5,auto,0
41935,145798,424,14,0.16,8,0,business,0
6190,85283,813,21,0.08,13,9,auto,0
5575,112676,631,17,0.33,14,0,personal,0
41495,108131,779,6,0.42,12,5,business,0
49146,62723,697,12,0.41,9,4,personal,0
35565,71322,329,18,0.14,19,5,auto,0
35899,66764,355,15,0.14,7,8,personal,1
24706,44911,431,10,0.08,10,4,personal,0
48668,111288,530,25,0.65,3,1,education,0
23884,39405,694,4,0.71,19,0,education,0
18199,78122,451,25,0.13,17,1,auto,0
45100,109756,801,1,0.2,8,7,auto,0
40434,119489,805,0,0.11,18,0,home,0
13479,121589,685,15,0.66,7,5,personal,1
35178,148909,832,4,0.72,7,4,home,0
13665,23447,747,24,0.23,16,9,home,1
1534,73143,425,24,0.26,15,8,business,0
27292,82906,788,6,0.3,14,3,home,0
37132,30662,745,29,0.4,16,4,home,0
37110,83001,769,8,0.53,9,4,personal,1
23469,78282,648,3,0.4,10,1,home,0
47233,24899,807,18,0.72,15,1,personal,0
38268,48582,756,26,0.12,10,8,personal,0
2172,134364,684,19,0.61,2,2,home,0
28914,87471,747,14,0.28,5,5,personal,0
21901,143513,414,6,0.31,8,3,auto,0
41775,62213,751,23,0.55,6,3,auto,1
35409,127578,418,17,0.7,6,4,personal,1
20324,95871,392,4,0.55,1,4,auto,0
9738,103205,820,20,0.59,16,6,business,0
38494,94081,837,28,0.58,18,6,education,0
45557,125783,732,24,0.27,3,0,auto,0
25054,123559,444,28,0.58,7,5,home,1
30709,103805,367,28,0.6,12,3,auto,0
44785,144698,430,12,0.42,10,1,business,0
21107,57830,580,2,0.43,10,5,business,1
1363,27066,812,27,0.58,9,6,business,1
11358,30712,300,5,0.62,11,1,auto,1
37077,101527,731,25,0.29,19,1,education,0
4240,149453,690,11,0.61,8,9,home,1
7665,146888,565,20,0.62,18,6,education,1
46689,121326,698,17,0.21,4,8,auto,0
2936,145464,555,17,0.55,2,2,education,1
47736,85365,694,3,0.18,13,2,personal,0
26538,107185,473,27,0.12,14,7,home,0
44965,119851,344,19,0.45,15,1,personal,0
12998,50806,440,22,0.69,13,8,personal,1
1882,32210,838,13,0.07,6,6,education,0
21224,56972,349,27,0.63,6,7,personal,1
40691,125894,360,13,0.4,1,8,home,0
47476,54136,542,0,0.65,15,2,personal,1
31825,64297,568,10,0.64,6,5,auto,1
6204,136445,439,21,0.66,15,7,home,1
29885,35945,456,26,0.59,15,0,auto,0
41056,115201,575,28,0.64,14,5,auto,1
4203,62477,330,8,0.17,10,2,business,0
3244,99180,307,17,0.26,8,7,business,0
33786,90453,332,27,0.22,4,8,auto,0
4083,105404,751,4,0.57,6,4,personal,0
22584,97413,748,9,0.16,17,1,auto,0
9521,33224,336,14,0.18,7,6,auto,0
34541,23052,333,26,0.67,12,5,business,1
30063,47272,754,9,0.54,4,5,education,1
5732,61150,743,15,0.66,14,0,education,1
28518,116204,536,3,0.15,4,0,education,0
40563,37316,511,3,0.33,16,5,auto,0
40752,73389,439,7,0.25,1,5,auto,0
30697,83332,660,29,0.06,18,3,personal,0
3567,27240,603,5,0.25,19,7,business,0
17121,117095,595,22,0.32,10,8,auto,1
2674,88774,451,10,0.11,5,5,home,1
11875,63175,522,27,0.45,13,9,home,1
45340,20565,495,24,0.32,6,7,business,1
1739,107298,598,12,0.08,4,7,home,0
2545,91094,828,18,0.54,16,1,home,0
30140,36375,787,10,0.56,8,3,business,1
10327,45710,510,1,0.63,16,0,auto,1
6127,69895,531,2,0.39,11,0,auto,0
24331,143552,666,14,0.73,1,5,personal,1
24004,96639,780,23,0.69,18,6,auto,0
42833,35174,478,12,0.44,4,4,home,1
11492,127026,783,24,0.36,11,7,home,0
14749,107329,794,9,0.05,10,8,personal,0
24508,47597,846,4,0.55,16,3,business,0
10045,94289,315,23,0.45,10,0,home,0
21116,58397,765,29,0.71,5,5,auto,0
19667,91854,701,10,0.47,18,0,auto,0
10521,53069,593,22,0.74,11,1,auto,0
9669,105687,470,27,0.65,3,3,home,0
28302,138968,331,13,0.72,9,3,education,1
12283,60274,562,27,0.28,15,5,home,0
31935,94237,514,28,0.15,19,7,home,0
7998,92498,488,24,0.61,19,2,education,1
29806,58197,560,19,0.6,5,5,education,1
32624,68634,481,14,0.2,6,2,auto,0
14440,50041,804,12,0.59,4,1,auto,0
46465,27248,641,25,0.46,12,3,auto,0
47501,105365,321,2,0.13,5,3,home,0
22797,22203,373,8,0.4,3,1,business,0
2269,71986,465,7,0.7,10,2,personal,0
8868,45370,533,14,0.4,13,8,business,1
31251,55247,674,22,0.6,4,9,education,0
13373,144403,732,0,0.07,8,8,home,0
19987,139544,633,1,0.56,1,9,home,1
39729,95922,839,8,0.71,2,6,personal,0
16734,145408,334,20,0.4,4,1,business,1
43429,20434,743,16,0.29,1,4,education,1
42337,82982,530,8,0.5,7,7,personal,0
41325,85180,617,0,0.69,5,0,home,0
19064,128534,642,7,0.17,13,0,personal,0
9433,54474,729,4,0.33,13,5,auto,0
49421,44644,765,29,0.16,8,6,business,1
10111,58493,378,10,0.4,17,6,education,0
39450,103824,748,27,0.43,10,2,auto,0
49247,141706,581,5,0.71,10,9,business,0
16047,23959,356,16,0.34,2,3,auto,1
9084,67289,490,17,0.45,6,8,personal,1
22751,31143,762,22,0.67,1,9,education,0
17453,59593,341,17,0.27,18,3,personal,0
21308,59115,785,4,0.52,3,4,personal,1
39968,131145,472,26,0.58,7,5,business,0
31077,42540,549,24,0.28,16,6,education,0
44046,55481,809,4,0.17,3,4,education,0
35775,115505,801,27,0.4,6,6,personal,0
49570,97097,492,18,0.3,4,1,education,0
47097,42578,464,26,0.24,16,6,home,0
25503,32787,389,12,0.73,3,4,education,0
3779,92048,357,21,0.4,4,9,personal,1
22304,141555,562,6,0.65,11,4,home,1
1755,72879,542,25,0.19,17,5,home,0
40263,30596,518,13,0.71,19,8,business,1
43955,117282,308,26,0.61,8,3,personal,1
43281,80669,729,25,0.62,14,4,education,1
18400,39930,312,26,0.32,16,4,home,0
41115,67950,524,7,0.39,19,2,personal,0
15249,115737,366,2,0.47,16,2,business,0
48647,38687,802,26,0.6,10,0,auto,0
47825,72833,483,3,0.64,15,3,auto,1
45825,142540,507,9,0.1,4,8,education,1
25600,55989,827,3,0.68,4,1,auto,0
38706,50183,599,17,0.71,13,9,home,1
20222,40758,540,22,0.47,12,3,home,0
34505,21082,754,11,0.18,15,8,personal,1
39968,126941,829,19,0.62,13,8,education,1
42139,116368,543,19,0.43,6,7,personal,1
42302,65891,537,14,0.62,14,1,personal,1
30148,65810,545,12,0.62,3,2,education,0
23302,66901,644,11,0.11,8,5,personal,0
3623,103512,783,7,0.47,12,1,auto,0
9646,123912,609,21,0.39,14,2,business,0
14543,91062,583,21,0.71,5,0,personal,1
29960,116622,337,26,0.26,2,3,home,0
23785,41563,331,8,0.19,10,5,home,1
13817,92008,542,19,0.68,3,0,auto,1
32406,22775,591,8,0.15,10,0,personal,1
24456,35828,591,16,0.53,9,7,personal,0
24777,130312,681,26,0.26,17,6,education,1
21914,145933,437,24,0.45,6,6,personal,0
30553,37974,499,0,0.48,9,6,personal,1
24548,42388,634,22,0.34,3,4,home,0
38265,100591,746,5,0.73,7,3,education,1
41701,141918,647,6,0.14,12,6,personal,0
7727,38615,577,8,0.32,18,2,auto,0
45924,57886,831,9,0.35,10,8,personal,0
33427,42838,698,3,0.49,2,1,education,0
17692,60728,690,15,0.34,17,0,auto,0
32625,136249,309,11,0.12,3,7,auto,1
25918,98000,848,8,0.71,1,5,auto,0
42395,72798,358,2,0.34,8,3,home,0
42136,125900,387,25,0.29,13,9,home,1
16577,92776,758,26,0.36,11,8,auto,0
20619,90478,403,26,0.2,8,4,home,1
47240,39622,403,8,0.12,1,0,auto,0
34710,33536,553,28,0.15,2,0,auto,1
38388,87136,634,16,0.17,18,6,business,1
17195,25700,762,13,0.19,18,0,home,0
28689,58839,848,4,0.34,9,5,business,0
12154,30248,600,25,0.49,7,6,auto,0
40121,65291,640,20,0.49,9,9,auto,1
30412,102629,791,0,0.05,10,4,business,1
22341,104891,383,0,0.69,2,2,education,1
33018,145612,558,2,0.63,5,2,auto,0
10145,37177,659,8,0.72,17,1,home,1
43262,39483,386,22,0.3,2,0,personal,0
47330,63815,727,5,0.52,10,7,personal,0
23223,140718,666,8,0.17,1,8,personal,0
3880,58533,642,3,0.62,12,1,business,1
22271,20026,646,19,0.16,15,3,auto,0
34313,124997,395,18,0.28,6,2,education,0
47900,80611,554,4,0.39,14,3,home,0
14304,107242,435,4,0.47,14,3,personal,0
35695,44660,547,27,0.44,15,7,personal,1
31225,75103,798,13,0.12,1,2,home,0
21536,72253,785,9,0.35,17,2,personal,0
31831,124913,701,22,0.7,11,5,business,0
12673,62082,711,15,0.66,15,2,auto,0
22917,36258,747,22,0.46,16,4,auto,1
28829,123613,546,5,0.45,9,3,education,0
16372,118315,720,19,0.13,12,3,business,0
26938,109690,423,22,0.19,2,1,education,0
3663,115220,559,13,0.23,15,8,personal,0
48801,35389,468,17,0.39,9,4,auto,1
10465,111860,410,28,0.56,16,4,education,1
4326,47685,589,27,0.37,17,6,education,1
4659,79220,312,8,0.14,4,2,business,1
28594,47195,562,6,0.36,8,5,personal,1
5763,41797,322,17,0.16,7,0,home,1
24121,131975,499,9,0.58,6,4,business,1
11828,91310,541,1,0.17,5,4,business,0
48588,117169,538,12,0.39,10,8,personal,1
12221,134867,602,5,0.54,3,4,home,0
12211,86332,464,26,0.21,17,7,business,1
14569,125583,475,22,0.1,16,2,education,0
32358,113925,328,8,0.44,11,5,education,0
38860,82907,834,19,0.09,13,1,education,0
7022,27188,593,7,0.46,18,8,education,0
46337,43696,776,29,0.58,14,5,home,1
14515,22024,682,9,0.28,2,4,personal,0
7159,93202,595,15,0.39,12,8,personal,1
46991,55985,633,14,0.7,10,0,home,0
42213,26584,547,12,0.38,7,2,personal,0
22691,110998,540,17,0.75,2,1,education,1
25904,47044,405,5,0.16,18,8,home,1
44790,146267,422,19,0.55,17,5,education,1
4044,25285,334,23,0.51,16,5,personal,1
10612,83115,715,8,0.66,2,4,business,0
6636,27370,626,17,0.11,11,3,home,0
12593,37903,594,6,0.25,19,3,auto,0
49947,52499,731,22,0.14,7,1,auto,0
3892,117904,646,23,0.7,17,6,education,1
22672,42995,336,28,0.35,15,5,personal,0
6812,125160,811,4,0.69,9,2,education,0
32085,55200,834,10,0.26,12,6,auto,0
1654,108377,317,12,0.14,8,8,home,0
18143,90402,326,2,0.26,2,9,education,0
2798,33566,835,0,0.47,17,0,personal,0
38927,57822,328,3,0.64,16,9,auto,0
30087,127412,416,18,0.32,16,7,home,0
12618,71222,431,17,0.69,3,1,education,1
9446,114088,588,5,0.22,19,0,home,1
22646,120085,535,22,0.54,16,8,business,1
37591,110450,341,9,0.56,11,1,auto,1
49867,70668,459,6,0.24,9,6,education,1
28200,129366,424,11,0.07,14,6,home,1
30571,130078,559,7,0.31,2,0,education,1
23538,83853,575,12,0.08,13,9,personal,1
41555,74643,512,29,0.68,5,0,personal,0
44964,143794,772,17,0.72,14,6,education,0
21900,42333,730,13,0.56,1,5,auto,1
23356,35958,379,10,0.56,6,3,education,1
24023,72442,527,27,0.22,11,2,education,0
40148,40954,394,9,0.1,17,4,education,1
18392,95174,723,28,0.61,14,4,education,1
21698,119683,815,5,0.44,14,2,auto,0
43470,29675,464,12,0.53,7,5,business,1
27535,109590,725,21,0.6,19,2,business,1
36450,128570,341,9,0.34,6,3,home,1
34757,51661,702,11,0.15,13,2,auto,0
13476,84289,715,0,0.61,10,5,auto,0
42214,37184,599,17,0.37,19,8,auto,0
5711,67963,354,12,0.63,10,2,personal,1
7479,45822,635,24,0.36,5,0,auto,0
32390,82303,729,23,0.2,13,6,personal,0
14161,96465,633,27,0.17,17,4,business,0
33152,25267,705,28,0.57,5,3,business,0
15635,72647,329,3,0.45,7,2,personal,0
41843,147714,834,5,0.33,7,6,education,0
31297,82814,816,17,0.39,15,1,business,0
21836,56025,520,27,0.43,15,3,education,0
25831,141246,793,4,0.22,1,1,home,0
2007,97605,552,17,0.31,12,9,personal,0
27331,20981,620,28,0.25,2,7,home,0
41456,63436,338,4,0.32,18,2,personal,0
11763,38472,764,6,0.4,15,4,home,1
4908,39336,710,22,0.17,7,3,home,0
28573,45587,711,8,0.33,9,4,auto,1
20187,97192,791,2,0.32,3,3,business,0
12957,112862,737,11,0.25,10,7,personal,0
5379,104046,778,19,0.75,2,5,business,0
28959,139500,371,24,0.1,12,0,auto,0
17482,126367,519,13,0.5,7,4,business,1
28105,73013,303,7,0.17,5,0,personal,0
1877,140591,589,11,0.64,4,2,auto,0
49353,104511,679,6,0.69,1,5,education,1
19252,29665,654,23,0.33,15,8,auto,1
32334,47097,379,8,0.63,9,2,personal,1
20049,111277,365,11,0.22,6,3,home,0
18772,72474,435,3,0.15,14,9,business,0
3637,91973,698,4,0.27,2,0,home,0
8242,45185,646,8,0.29,12,9,education,0
43025,95911,358,6,0.33,6,1,home,0
42381,112643,818,13,0.31,13,6,business,0
36651,50484,536,19,0.34,4,7,home,0
34972,148311,378,21,0.55,16,0,auto,0
17928,121165,414,26,0.22,11,8,personal,0
29742,65610,761,16,0.06,6,5,home,0
12831,70807,425,0,0.39,5,0,personal,1
49232,70907,799,24,0.36,1,3,personal,0
20556,77389,401,14,0.09,19,3,personal,0
26343,45835,473,23,0.14,7,6,auto,0
23834,115279,751,14,0.41,18,0,personal,0
47762,116453,391,28,0.21,10,9,home,0
40288,124531,684,0,0.66,10,8,personal,1
34422,73790,504,28,0.17,17,0,auto,0
24205,96960,662,14,0.06,7,9,personal,0
19830,29643,797,26,0.36,1,2,home,0
9412,95846,836,1,0.74,12,0,auto,0
4666,38951,533,28,0.49,17,0,education,0
38045,112104,315,3,0.3,16,3,education,1
21786,35233,440,16,0.06,15,1,home,0
6515,33200,719,15,0.39,19,8,business,0
42973,72275,755,17,0.19,17,0,personal,0
27627,107084,599,20,0.5,4,2,business,0
16198,96068,638,15,0.46,4,1,auto,0
4985,109001,602,7,0.24,3,0,personal,0
46903,41291,375,5,0.1,8,8,business,0
41935,62448,615,21,0.58,9,4,home,0
30475,50580,799,19,0.46,2,5,auto,0
41216,111685,374,1,0.64,19,7,personal,0
20403,41346,665,18,0.23,18,6,education,1
4681,30619,845,12,0.51,16,6,personal,1
27019,125454,695,21,0.13,18,8,auto,0
28586,21766,530,21,0.25,18,2,education,0
43292,23549,327,20,0.51,12,9,home,1
38521,38693,774,5,0.63,2,7,personal,1
40850,82019,594,26,0.27,1,5,business,1
37770,117458,726,5,0.61,16,7,business,1
6629,145284,390,12,0.52,17,3,home,0
28710,127938,414,0,0.29,1,0,auto,0
31328,147673,458,21,0.66,3,2,home,1
13278,120280,557,20,0.41,16,9,auto,0
9417,68328,672,23,0.5,14,2,education,0
35765,97701,389,8,0.4,16,0,auto,1
9963,109100,597,29,0.37,9,4,education,1
49552,120794,330,21,0.64,2,5,personal,0
38292,45301,657,28,0.26,13,8,personal,0
26009,64763,769,11,0.08,5,7,home,0
28675,40765,427,11,0.67,17,3,home,0
37175,64787,569,25,0.63,6,5,personal,1
7731,140675,797,3,0.31,17,2,business,0
41563,27425,712,18,0.18,2,0,education,0
12332,32857,508,15,0.52,7,8,personal,0
20177,72771,605,25,0.11,17,7,business,1
24718,112999,490,11,0.35,8,5,auto,0
3911,42444,656,0,0.11,1,2,personal,0
19799,148489,756,22,0.47,19,4,business,0
16194,61457,748,20,0.07,5,8,personal,1
5951,122280,367,3,0.49,5,6,auto,1
41866,99741,766,8,0.52,1,1,auto,0
29333,20704,659,6,0.39,10,5,education,0
22673,25452,686,9,0.17,10,8,auto,1
49885,131153,427,12,0.12,3,9,auto,1
41870,58862,784,7,0.27,12,0,education,0
6565,81471,543,19,0.38,12,4,personal,0
23821,89217,318,9,0.5,7,8,personal,0
26494,106058,695,27,0.05,16,2,education,0
34941,38300,528,9,0.55,3,2,personal,0
9624,29566,667,7,0.55,7,9,personal,1
48162,27501,357,19,0.36,14,8,business,1
47024,21845,580,14,0.29,4,2,education,0
1835,139342,401,0,0.64,10,8,education,1
19646,59181,347,26,0.6,2,9,home,0
12824,77263,358,14,0.74,16,2,business,0
38335,126294,460,23,0.31,3,7,personal,0
4815,127932,402,16,0.68,15,9,home,1
3429,98766,711,12,0.11,8,8,business,0
42950,83038,482,11,0.34,16,2,personal,0
42886,137778,716,2,0.38,11,0,business,0
45398,103290,415,22,0.36,11,8,auto,0
3607,136616,698,18,0.49,11,6,personal,0
26650,54404,736,28,0.17,1,5,business,0
39698,42564,617,23,0.66,2,3,business,1
33353,117898,549,4,0.44,1,4,home,0
37790,77435,746,2,0.68,19,6,business,1
12991,38227,796,20,0.05,10,8,auto,0
22168,110296,642,4,0.49,19,5,auto,0
32099,147703,726,23,0.34,11,3,business,0
40385,115259,539,27,0.4,12,3,personal,0
36919,144451,358,8,0.57,10,9,home,0
32416,67475,826,5,0.21,7,2,personal,0
6580,37215,502,15,0.19,8,1,business,0
8054,147320,765,9,0.54,11,3,auto,0
25090,91074,595,15,0.41,18,5,education,0
41387,41699,586,2,0.21,16,0,home,1
16823,128621,372,17,0.39,1,1,personal,0
47015,32454,822,10,0.37,6,7,auto,0
38341,68217,636,18,0.53,17,2,personal,0
16339,126759,617,24,0.05,13,0,business,0
4491,148471,502,22,0.46,10,1,personal,1
1706,41711,530,14,0.47,10,2,home,1
32957,35059,356,10,0.57,1,1,education,1
16728,68398,719,26,0.67,7,3,education,0
7997,21286,579,24,0.36,9,3,business,0
39001,54297,604,28,0.29,11,9,home,1
39523,128304,765,21,0.12,2,1,education,0
26163,124959,473,23,0.29,1,0,auto,0
18718,120181,565,9,0.1,12,2,personal,0
22972,128245,546,26,0.61,7,3,business,0
19231,46485,377,8,0.61,19,5,auto,1
40619,79967,552,2,0.34,5,4,business,0
13126,117803,774,22,0.23,12,1,home,0
24595,149745,475,8,0.13,14,3,business,0
41633,74583,720,17,0.65,7,5,education,0
13118,144077,760,11,0.66,8,3,home,0
4317,71630,553,22,0.24,14,6,business,0
45980,131359,819,20,0.49,12,5,auto,0
45115,47086,406,23,0.23,9,5,home,0
44158,36484,470,15,0.21,10,9,home,0
48631,88623,357,3,0.06,10,1,business,0
40828,124132,636,0,0.45,1,6,business,1
16504,142113,641,26,0.15,6,8,home,0
4057,79263,589,12,0.06,14,5,personal,1
27660,38675,383,25,0.12,9,7,personal,1
38196,140155,416,7,0.27,12,5,education,0
1402,80664,833,5,0.52,19,5,home,0
9605,44680,518,28,0.19,12,3,personal,0
16761,37077,401,7,0.67,13,5,auto,1
28043,140474,755,18,0.25,3,9,home,0
34635,58174,825,23,0.28,11,3,personal,0
14779,96968,565,23,0.2,2,9,business,1
16155,23491,586,11,0.23,18,5,auto,0
41978,66126,440,0,0.1,18,0,education,0
34132,131658,705,3,0.26,9,6,personal,0
24851,23392,592,22,0.65,1,1,business,1
16366,82257,330,12,0.53,16,5,auto,1
29408,87804,470,29,0.66,1,8,auto,1
7571,58400,654,26,0.12,5,9,education,0
15017,56551,504,16,0.37,17,2,business,0
40236,48088,777,18,0.21,8,3,personal,0
5150,100015,590,18,0.55,6,4,home,1
46833,45465,410,21,0.73,1,7,auto,1
20423,68155,367,4,0.62,13,9,personal,1
5137,107893,672,27,0.07,18,5,home,0
30992,25969,495,10,0.27,4,7,personal,0
46004,28981,425,6,0.07,15,2,personal,0
29902,41032,561,2,0.08,14,2,auto,0
45921,74091,454,10,0.11,16,8,auto,1
14833,127154,407,16,0.24,5,5,personal,1
2381,44408,722,10,0.26,1,7,personal,0
9154,44241,334,14,0.33,4,3,education,0
35235,67940,343,18,0.33,17,4,home,1
14439,102938,715,7,0.59,6,8,business,0
20122,71105,584,15,0.15,4,6,business,0
24956,111302,746,20,0.16,7,4,education,0
18264,81050,817,14,0.49,1,6,personal,1
45774,23657,326,2,0.45,10,8,personal,1
4149,41230,526,29,0.16,13,2,education,0
25660,38680,724,23,0.65,9,2,business,0
41660,102694,667,5,0.28,14,3,auto,0
21528,104731,609,2,0.31,1,9,auto,0
49904,62340,404,29,0.34,9,6,personal,1
2168,55950,317,4,0.28,6,4,home,1
46124,98515,504,0,0.44,10,4,business,1
36897,27867,342,21,0.32,11,3,home,1
16032,100691,388,13,0.23,7,7,personal,1
36294,98542,456,11,0.68,12,2,business,0
44827,24329,565,12,0.27,12,1,auto,1
4516,108087,433,13,0.54,14,3,auto,1
20751,55865,763,24,0.29,10,7,home,0
31373,86940,431,11,0.35,16,3,business,0
31270,146681,333,22,0.22,4,7,personal,1
11386,57869,382,26,0.58,14,4,education,1
37323,86905,431,12,0.57,2,8,education,0
49780,140185,727,23,0.07,2,1,education,0
15157,124969,503,5,0.09,11,7,personal,1
38879,103984,635,26,0.7,11,6,education,1
40520,145172,796,20,0.67,6,1,home,0
40132,121069,741,14,0.4,3,4,auto,0
4626,137505,557,27,0.4,9,5,education,1
21400,109711,591,21,0.62,3,8,auto,1
37643,86252,424,22,0.15,1,7,home,1
39265,99386,474,15,0.51,2,6,business,1
16979,138728,791,8,0.38,15,0,business,0
12529,21711,379,7,0.57,11,9,personal,1
17645,45801,604,4,0.07,8,2,auto,0
27424,107287,809,14,0.46,16,0,personal,0
14382,124565,643,6,0.44,17,9,education,0
5025,134696,390,23,0.64,3,5,personal,1
44226,110709,468,16,0.52,8,2,home,1
14844,73270,633,15,0.67,7,1,personal,0
5175,91622,535,23,0.67,3,9,education,1
31519,75535,698,10,0.34,7,1,education,0
10174,144488,776,6,0.15,5,7,home,0
4443,132666,834,10,0.49,1,0,auto,0
22395,96759,387,27,0.66,5,8,business,0
11725,36220,552,27,0.1,3,6,home,1
34461,33392,657,1,0.44,18,0,business,0
42115,105587,357,1,0.13,19,4,home,1
45548,22246,698,27,0.07,10,4,home,0
32351,40010,820,5,0.53,4,1,personal,0
19196,146951,824,2,0.53,13,0,personal,0
47609,88358,716,0,0.47,1,6,personal,1
15254,110203,692,23,0.65,4,8,home,0
15021,37234,521,22,0.11,9,7,personal,0
47136,116190,628,19,0.12,17,6,home,1
6724,135795,671,15,0.66,11,3,personal,1
29690,69451,810,13,0.4,7,9,business,0
2407,142790,452,16,0.24,7,6,auto,0
9032,145223,779,17,0.57,13,7,personal,0
48340,149670,319,24,0.68,19,8,education,0
18794,95205,527,3,0.53,17,8,auto,1
20881,41784,645,2,0.6,18,4,education,1
21756,49672,318,7,0.25,13,4,auto,1
41162,21082,743,3,0.25,17,5,personal,0
30416,31148,667,22,0.65,18,7,business,0
45354,47494,446,14,0.48,2,2,personal,1
26752,126471,803,12,0.21,19,2,home,0
13926,95093,729,13,0.42,15,4,education,0
34765,71952,739,29,0.53,9,0,auto,0
15390,130032,497,13,0.2,14,4,business,1
39867,56719,586,4,0.51,19,8,education,1
22939,132981,668,4,0.08,8,4,business,0
28307,68737,539,26,0.26,12,6,education,0
31828,79453,586,21,0.52,17,9,personal,0
29513,127271,694,27,0.15,12,8,home,0
25502,59536,817,12,0.21,15,7,education,0
31063,70604,359,3,0.67,5,4,business,1
23486,70833,844,17,0.52,2,1,personal,1
47277,34039,602,5,0.4,18,4,auto,1
39258,87839,543,28,0.2,3,9,auto,1
32692,67931,506,4,0.29,5,7,personal,1
39384,59925,674,2,0.45,2,0,auto,0
16958,71003,582,19,0.16,9,9,business,1
36016,103817,777,2,0.39,5,3,home,0
18232,68897,321,2,0.34,17,0,personal,0
11748,107745,648,19,0.38,15,4,home,0
11514,146298,788,1,0.12,13,1,home,1
23738,113709,557,19,0.12,9,1,personal,1
9695,62287,346,25,0.72,2,6,education,1
9070,110726,326,26,0.74,2,3,business,1
28765,53012,326,17,0.35,11,1,personal,0
42662,127252,696,29,0.6,3,2,business,0
31761,61783,444,9,0.51,3,2,home,0
17698,129323,821,23,0.13,10,1,home,0
16123,105727,420,25,0.26,2,6,education,1
36144,88315,761,20,0.27,1,0,home,0
26616,103766,681,28,0.47,6,8,personal,0
38146,66491,717,6,0.46,6,4,business,0
12182,108941,626,26,0.7,11,3,education,1
25833,78584,690,19,0.6,16,2,personal,0
34342,32803,596,25,0.65,1,2,business,1
32331,69625,383,21,0.67,5,2,business,0
47098,138819,445,28,0.61,10,0,auto,0
27128,113361,470,27,0.28,6,1,auto,0
32556,33698,633,13,0.2,11,6,personal,0
22969,54560,723,9,0.45,16,2,education,0
22876,35376,608,19,0.53,13,5,business,1
9949,103654,825,15,0.32,12,3,business,0
25518,33117,646,5,0.64,18,9,personal,1
6670,125519,601,16,0.72,13,4,education,1
25099,76381,646,5,0.45,5,7,home,1
40335,57956,707,21,0.37,13,1,education,0
13716,68786,432,17,0.64,13,9,home,1
39885,146822,405,27,0.07,19,4,business,0
8837,133005,470,9,0.14,19,1,auto,1
48299,123585,549,9,0.64,13,8,auto,0
20159,107778,843,8,0.56,11,1,personal,0
42266,86480,561,21,0.34,16,0,education,0
37877,51695,793,27,0.67,14,3,education,1
22560,21511,543,14,0.3,10,6,home,0
18106,73233,750,10,0.49,2,1,personal,0
47289,131022,589,28,0.49,8,9,education,0
9720,42502,562,6,0.18,8,8,personal,1
38661,70010,613,17,0.25,14,0,home,0
29362,138248,384,1,0.69,14,0,business,1
29258,110341,714,1,0.18,18,7,personal,0
22782,112529,628,25,0.17,15,4,auto,0
42168,93905,344,12,0.39,16,8,business,0
22120,130424,632,10,0.11,14,7,education,0
20790,66489,764,24,0.68,10,5,home,1
28912,120919,499,18,0.12,2,3,home,1
48374,103533,500,28,0.48,5,5,auto,0
43907,101165,628,19,0.29,3,1,personal,0
35812,51949,539,0,0.61,7,4,auto,1
37160,88376,658,16,0.46,12,9,personal,1
20156,99587,659,19,0.32,10,2,auto,0
11672,113059,677,29,0.74,11,2,auto,0
15444,87310,684,17,0.1,17,0,home,0
7784,98798,764,7,0.45,4,7,personal,0
18929,89407,521,12,0.74,6,9,auto,1
2070,93809,664,3,0.53,7,2,education,0
23906,37229,371,18,0.57,5,0,home,1
35618,47385,539,2,0.07,6,3,home,0
46158,62176,803,5,0.06,17,0,home,0
3939,114825,713,27,0.08,14,0,home,0
30841,23260,426,28,0.74,11,0,auto,0
43863,117555,786,5,0.74,5,1,auto,0
17301,23145,826,21,0.28,2,0,home,0
8194,117289,547,5,0.25,14,5,auto,1
6851,27802,781,23,0.15,16,6,auto,0
17378,22263,611,7,0.28,2,0,personal,0
1678,46913,743,24,0.31,17,9,education,0
31640,77788,582,16,0.57,16,0,personal,0
34756,28155,301,9,0.66,9,9,business,1
30777,20922,373,23,0.57,9,8,personal,0
27183,92231,363,4,0.5,5,8,education,0
28445,40672,646,18,0.59,4,0,education,1
2502,58526,623,10,0.57,7,7,personal,0
22665,65344,538,9,0.38,5,2,personal,0
17198,142819,696,2,0.29,3,6,business,0
22411,39014,636,21,0.25,8,0,home,0
16867,93352,640,23,0.53,16,6,education,1
15266,111279,578,9,0.72,6,0,home,1
40422,60324,652,1,0.46,9,2,business,0
36208,134529,762,27,0.69,18,6,auto,1
44002,114075,761,8,0.06,11,0,auto,0
32213,115638,592,4,0.61,19,8,home,1
8367,58698,706,20,0.65,7,4,personal,0
14490,97169,461,16,0.49,10,1,education,1
36362,43384,802,5,0.7,5,3,home,0
39285,23512,747,28,0.46,7,7,personal,0
10219,26066,754,10,0.22,6,3,business,0
7310,51500,564,26,0.2,18,9,personal,1
37307,143775,431,4,0.44,15,4,business,0
30631,98743,419,6,0.68,10,1,home,1
15744,105642,518,6,0.1,6,4,auto,1
20867,149587,716,3,0.47,1,6,education,1
19625,99858,804,20,0.59,10,8,home,1
7378,74800,599,9,0.13,15,7,auto,0
20149,83140,408,29,0.13,14,9,business,1
43133,120364,537,23,0.31,16,5,education,0
12422,132317,592,17,0.24,5,8,personal,1
28926,104954,486,0,0.19,14,6,home,0
38679,22387,335,13,0.19,16,2,personal,0
34171,76160,555,5,0.14,14,0,education,0
14180,79241,734,10,0.48,7,4,home,0
28301,93567,307,13,0.53,19,8,home,1
37931,21799,477,19,0.54,4,7,personal,1
25014,139095,541,28,0.42,18,5,personal,1
31936,55548,340,25,0.72,15,7,auto,1
15336,53895,656,2,0.67,17,7,personal,1
23200,110450,412,15,0.72,1,2,business,1
6470,125669,465,15,0.32,15,5,auto,1
31859,100171,803,6,0.66,16,6,personal,0
15953,60379,377,7,0.58,11,1,home,1
40044,65414,495,26,0.29,9,6,personal,0
39507,93071,701,27,0.12,17,9,education,0
28433,132808,363,3,0.53,15,5,auto,1
26957,127668,724,11,0.15,8,1,home,0
7523,88344,341,11,0.26,18,1,personal,0
22387,98591,672,9,0.4,8,5,education,0
48761,113141,605,11,0.53,3,2,auto,0
32169,112201,508,10,0.7,19,5,auto,1
46641,118303,766,10,0.47,14,8,auto,0
23990,24297,603,14,0.52,2,9,home,0
30661,129513,691,5,0.27,1,0,personal,0
14419,148668,452,28,0.53,5,2,home,0
15457,106479,661,26,0.36,17,1,business,0
3064,118752,563,10,0.65,1,2,personal,1
39083,25008,515,1,0.32,16,1,business,1
11566,106813,842,23,0.38,3,2,personal,0
34085,135481,823,21,0.35,10,3,auto,0
32528,36820,493,26,0.62,19,6,home,0
7130,91548,326,8,0.72,11,1,business,1
41187,42253,345,10,0.28,3,1,auto,0
3042,49202,357,15,0.38,2,1,auto,1
5598,49236,312,12,0.54,3,5,business,1
43982,87156,348,12,0.68,15,7,personal,1
33886,131888,393,21,0.4,9,3,business,0
34477,146381,750,21,0.13,15,9,home,0
49625,80263,678,27,0.31,2,2,education,0
29716,138996,309,17,0.44,6,8,personal,0
13601,119252,815,20,0.34,5,0,auto,0
37018,138632,523,24,0.18,6,9,business,1
9061,94855,680,0,0.08,5,1,education,0
9609,36575,840,19,0.53,12,6,business,1
36371,32204,601,9,0.74,4,2,education,0
45814,31952,502,25,0.69,14,8,personal,1
18485,146610,495,29,0.53,14,0,business,0
21805,103323,621,18,0.64,11,8,business,1
8857,71142,717,16,0.23,1,5,education,0
12620,53872,641,0,0.49,5,0,home,0
9177,49376,688,0,0.09,5,8,auto,1
31111,86084,308,16,0.55,12,8,education,0
24042,31640,831,14,0.73,5,9,business,0
19645,46437,448,28,0.65,13,4,education,1
25405,147129,682,1,0.42,11,6,education,0
12826,107681,828,10,0.6,1,2,business,0
14890,143450,311,20,0.71,12,7,business,1
17892,27903,775,1,0.2,6,2,home,0
47598,103704,352,19,0.61,11,9,home,0
10484,46863,735,8,0.24,12,6,home,1
6495,63381,505,18,0.66,6,3,business,1
29481,48548,353,1,0.12,5,4,personal,0
12267,69956,789,15,0.17,18,6,home,0
41166,94526,643,19,0.55,16,1,auto,0
7743,31467,468,8,0.17,13,3,personal,0
38939,77954,460,19,0.16,7,6,home,1
49773,43901,826,27,0.44,14,2,auto,0
27569,75983,826,20,0.63,1,3,business,1
29552,43301,586,3,0.24,12,9,auto,1
46772,144686,711,28,0.64,3,7,home,1
44730,122542,821,23,0.62,18,2,education,0
29948,105180,498,29,0.46,11,8,education,1
11775,89903,460,12,0.5,7,4,auto,1
4557,123955,688,14,0.08,10,1,business,0
4587,36204,773,19,0.31,19,7,personal,1
17535,39755,680,1,0.23,13,9,education,0
1954,79817,423,27,0.16,14,7,personal,1
47562,22093,371,19,0.32,15,0,business,0
24544,145022,467,17,0.3,6,8,education,0
34455,89537,583,24,0.56,7,1,business,0
42269,116319,793,26,0.47,13,3,home,0
16138,42940,335,29,0.69,16,5,personal,1
43462,93346,474,23,0.15,15,8,home,0
4127,64040,498,8,0.09,18,0,business,0
24147,57322,415,19,0.42,3,8,business,0
46528,148714,614,0,0.05,16,7,auto,1
12559,111544,519,2,0.6,1,6,auto,1
48564,104437,433,22,0.4,1,1,education,0
4395,112969,421,16,0.39,19,6,home,1
26389,127001,720,10,0.3,6,1,home,0
1845,107725,791,23,0.31,11,8,business,0
34932,135784,588,24,0.35,7,3,auto,1
46722,130675,352,7,0.06,3,1,personal,0
39672,114266,504,20,0.11,6,4,business,1
14731,29236,647,11,0.4,1,8,home,1
34122,132073,350,10,0.16,8,3,home,1
36585,92597,339,29,0.6,14,4,business,1
4832,104124,549,27,0.24,4,7,business,0
33332,23902,517,12,0.12,4,2,business,0
13467,119656,478,14,0.21,16,5,home,0
42025,54364,482,24,0.3,11,0,personal,0
14107,127071,463,19,0.07,7,2,home,0
13458,141668,676,24,0.15,1,7,business,1
29666,118983,796,16,0.28,9,9,auto,0
44481,114410,760,11,0.27,6,9,personal,0
3581,40096,773,26,0.61,13,5,education,0
10582,32020,336,18,0.64,12,9,home,1
9418,78473,618,19,0.19,19,3,personal,0
29091,130400,711,10,0.14,17,7,personal,0
30113,64153,655,9,0.49,1,2,business,0
19827,61277,528,16,0.61,9,1,personal,1
15419,107221,563,27,0.72,8,9,home,1
12814,58502,786,21,0.05,2,7,auto,0
34804,35675,651,12,0.34,18,3,personal,0
11024,44365,741,15,0.56,4,8,home,0
44700,107812,758,19,0.63,1,2,business,1
8435,138384,324,19,0.09,12,8,personal,0
2548,98229,430,16,0.53,16,9,education,1
6065,109049,669,4,0.25,18,5,education,0
23880,72148,735,8,0.1,5,4,auto,1
4407,109157,523,21,0.39,16,1,business,0
34407,109247,651,23,0.16,9,5,home,0
33940,125711,784,26,0.57,9,3,personal,1
6666,130090,496,3,0.57,2,4,home,1
38122,113321,408,8,0.64,14,5,education,1
26092,88078,519,15,0.31,11,6,business,1
11109,102598,618,6,0.06,2,3,home,0
36654,90902,381,13,0.23,16,7,personal,0
35932,46465,836,13,0.38,19,4,business,0
27505,52286,731,6,0.54,13,6,personal,1
37713,74795,307,23,0.32,17,5,personal,1
44169,60178,448,15,0.43,1,4,business,1
8746,128139,397,17,0.42,19,6,business,1
12975,99183,400,27,0.17,16,3,personal,0
41522,123845,666,5,0.49,13,6,education,0
16596,69986,761,6,0.36,19,2,personal,0
38953,63201,713,18,0.62,3,7,business,1
34861,63315,558,7,0.53,3,9,auto,1
4880,95396,655,0,0.13,1,3,home,0
44454,75178,310,16,0.39,3,3,personal,0
44539,30745,715,25,0.54,16,0,home,0
44448,143160,549,18,0.11,8,7,personal,1
3785,142658,849,21,0.6,16,4,personal,0
23449,92354,421,6,0.21,13,8,auto,1
15799,99637,364,17,0.4,13,2,business,0
40307,25028,601,29,0.71,11,4,education,1
49784,118261,424,5,0.45,4,3,business,1
48498,68566,611,27,0.35,4,6,home,0
44333,63722,490,20,0.05,15,9,home,1
41828,106623,749,5,0.14,4,4,personal,0
4990,131074,458,0,0.46,8,1,business,0
20073,94974,652,29,0.4,2,5,auto,1
37863,103692,562,9,0.3,15,3,education,0
15549,104084,705,22,0.7,14,5,business,0
19259,59879,316,7,0.28,2,0,personal,1
20790,44767,559,29,0.43,3,0,home,0
10979,137523,654,6,0.45,11,3,business,0
21316,137353,788,8,0.42,7,6,home,0
27183,124417,513,0,0.38,16,6,personal,1
29324,88099,538,25,0.29,7,0,home,1
25624,68657,479,24,0.69,11,4,personal,1
39176,28498,718,10,0.37,2,5,education,0
21245,93667,442,26,0.42,8,4,auto,1
47705,45107,616,28,0.51,7,6,home,0
24790,48793,543,2,0.1,6,5,business,1
27756,22696,531,17,0.6,16,4,education,1
3833,73839,602,5,0.41,11,4,auto,0
6285,109241,630,10,0.51,3,8,business,0
10589,43397,547,4,0.59,18,2,business,1
48476,27704,582,19,0.66,9,8,personal,0
15116,140259,586,3,0.32,17,1,auto,0
8645,142024,331,7,0.62,2,9,business,1
45786,36442,799,9,0.23,10,6,business,0
30150,83788,829,28,0.51,10,5,business,1
11889,149576,680,2,0.12,17,7,education,0
31286,29765,362,12,0.06,8,8,auto,1
38545,135828,427,16,0.12,6,5,personal,1
16994,30002,827,4,0.27,11,1,education,0
36503,148781,462,7,0.07,5,9,education,1
47379,31390,550,18,0.49,10,3,education,0
25662,64436,594,17,0.27,1,2,personal,0
40136,147374,478,0,0.57,8,2,personal,1
27639,104482,528,28,0.08,4,4,education,0
18205,137540,693,3,0.2,7,9,education,0
33930,134548,695,26,0.34,19,0,home,0
8777,26641,371,17,0.32,15,8,personal,0
29315,53709,617,13,0.14,2,3,business,0
48617,131119,678,23,0.75,17,6,auto,1
27973,59309,435,10,0.25,16,6,auto,0
19316,35624,677,28,0.55,14,6,auto,1
28304,29966,418,25,0.2,3,4,education,0
37303,109350,829,27,0.66,19,3,personal,0
31522,54189,822,8,0.32,8,3,home,0
23340,91301,686,12,0.68,17,4,home,1
20830,115758,568,25,0.29,18,5,auto,1
14403,135123,823,16,0.06,1,9,business,0
15516,37223,846,14,0.41,7,6,business,0
20091,122305,785,1,0.42,4,4,business,1
8959,98183,737,5,0.13,3,8,business,0
32932,123552,410,28,0.21,19,8,home,0
31554,24959,621,25,0.6,10,0,home,0
37701,47257,826,27,0.08,3,4,personal,0
4385,117520,476,6,0.39,2,1,home,1
34690,70802,837,1,0.42,5,3,personal,0
11367,107748,772,23,0.53,17,6,personal,0
47505,144125,687,12,0.08,5,9,education,0
34332,136949,397,9,0.46,14,5,home,1
20642,143795,710,15,0.05,16,6,business,1
11789,47215,674,8,0.24,14,2,auto,0
36268,75046,469,7,0.4,19,4,personal,1
21950,140966,355,24,0.69,13,5,auto,0
26563,122193,624,14,0.14,12,5,business,0
40649,141585,559,21,0.17,16,5,personal,1
37404,114593,639,26,0.52,17,8,personal,0
33991,54094,703,6,0.31,6,5,home,0
40065,58669,831,21,0.49,14,1,education,0
48663,56126,473,22,0.75,16,8,auto,1
1350,119889,837,18,0.74,3,3,business,0
19312,99036,459,3,0.3,19,6,education,1
25127,129864,309,8,0.4,7,5,education,1
29853,140333,555,18,0.68,5,8,home,1
38500,36772,643,1,0.11,10,9,personal,0
34785,68586,835,27,0.37,9,2,business,0
19610,71943,672,28,0.31,3,7,education,0
24590,88868,734,26,0.26,10,4,education,0
30443,69855,345,6,0.75,16,5,auto,1
48997,149948,354,21,0.56,9,2,business,0
8170,42218,377,18,0.32,2,2,business,0
14303,121124,790,5,0.63,6,6,education,1
7207,101008,571,14,0.39,5,5,personal,0
13316,77205,849,6,0.66,3,1,business,0
36187,24959,410,5,0.24,7,9,business,0
7240,102979,314,0,0.21,15,7,auto,1
2893,65134,377,27,0.22,6,4,auto,0
14753,45874,800,13,0.43,4,6,auto,0
39090,21301,717,0,0.25,13,2,personal,1
12232,78017,574,24,0.15,5,9,personal,1
18509,63319,793,5,0.75,15,4,business,0
4117,109616,496,27,0.68,7,2,personal,0
37929,106219,675,17,0.49,7,2,auto,0
49291,115192,362,26,0.67,10,0,personal,0
5042,42455,660,16,0.7,13,2,business,0
38201,24112,843,26,0.52,11,6,education,1
27746,77033,409,27,0.41,1,8,home,1
15016,131067,493,1,0.67,11,0,personal,1
26022,130078,818,7,0.45,1,3,education,0
36426,78360,758,20,0.14,3,9,business,0
28938,143089,600,22,0.31,8,6,education,0
44678,102418,795,22,0.36,13,5,education,1
36712,52145,448,1,0.7,7,3,education,0
40978,126924,760,15,0.51,3,2,auto,0
9787,52735,438,3,0.66,2,5,personal,1
2986,92781,591,1,0.58,18,3,education,1
11942,130135,634,22,0.27,5,4,business,0
18458,146031,483,4,0.55,18,1,home,1
13161,148305,606,16,0.19,16,8,home,0
21689,87641,561,1,0.34,7,1,home,0
30163,128049,609,21,0.61,1,3,auto,0
36775,41711,643,13,0.48,9,7,personal,0
34737,25630,723,19,0.63,15,6,home,0
9772,85488,813,6,0.23,1,3,auto,0
36592,23206,823,14,0.57,17,7,business,1
2211,148843,560,17,0.19,9,5,business,0
1229,76289,661,12,0.43,15,7,auto,0
49542,38953,468,11,0.35,10,3,personal,0
15345,120932,499,1,0.44,3,4,business,0
36953,30068,684,11,0.14,5,3,personal,0
32819,147874,611,5,0.3,2,6,auto,1
48779,98930,611,23,0.52,6,3,business,0
17885,75916,694,28,0.44,16,4,business,1
27708,21067,650,0,0.43,12,8,education,0
1048,70658,327,20,0.41,17,7,business,0
20950,72165,432,0,0.71,12,1,home,1
16173,100781,679,14,0.7,17,6,education,1
34737,29859,827,26,0.3,7,1,auto,0
29036,49164,586,15,0.3,16,9,home,1
48321,124946,583,21,0.44,18,2,home,0
6820,100913,526,6,0.12,8,0,personal,0
15292,147580,726,21,0.26,18,1,education,0
4052,122370,326,13,0.21,2,2,personal,0
45377,119251,631,28,0.21,9,4,education,0
24781,40773,416,24,0.5,16,5,education,0
3302,77295,388,18,0.32,17,6,home,0
3283,53939,421,23,0.17,10,4,business,0
49153,68599,332,18,0.67,1,4,personal,1
43567,26114,697,26,0.66,18,7,personal,1
16620,118475,824,27,0.65,15,0,home,0
31461,140370,323,28,0.32,9,8,business,0
21750,32818,624,28,0.09,3,2,education,0
33890,29335,333,22,0.12,16,5,education,1
24183,128355,546,29,0.24,15,3,business,0
10472,75008,318,12,0.2,2,1,education,0
4727,91745,329,20,0.66,10,5,personal,1
47500,63148,348,11,0.74,4,9,personal,1
26523,145373,479,28,0.62,19,7,personal,1
31766,23577,669,0,0.56,17,3,home,0
38726,93916,694,26,0.46,10,7,education,1
1524,24076,795,11,0.59,6,6,home,1
10079,52925,730,3,0.71,1,0,education,0
9399,126081,506,29,0.47,11,4,personal,1
28370,71869,334,28,0.16,16,7,personal,1
17532,79314,712,26,0.16,7,5,business,0
17821,61205,663,14,0.46,3,8,education,0
44162,31095,609,24,0.28,14,6,auto,1
4749,133583,578,15,0.69,4,1,home,0
12353,104715,451,14,0.48,9,0,personal,0
47777,125504,526,7,0.52,15,8,business,1
29477,76680,542,18,0.05,12,4,business,0
25570,48400,309,14,0.4,16,1,personal,0
21837,104297,691,17,0.35,19,3,education,0
12437,133151,347,10,0.54,14,9,business,1
39104,127345,503,8,0.32,4,5,education,1
5551,87346,456,0,0.73,6,8,business,0
3823,107110,325,8,0.52,11,7,home,1
13916,140120,720,27,0.51,4,5,education,0
16167,48562,563,22,0.69,8,3,business,1
42445,60663,828,11,0.75,9,9,personal,1
48636,38510,769,1,0.19,2,4,auto,1
9391,81608,553,10,0.62,3,3,personal,1
13658,92489,845,20,0.16,6,3,education,0
30685,72182,446,13,0.37,2,7,personal,1
24380,124627,625,1,0.12,8,3,personal,1
43431,107667,637,14,0.49,8,2,auto,0
29919,46883,417,20,0.38,3,1,personal,0
3311,123909,464,22,0.49,17,9,business,0
40993,91427,849,20,0.52,11,0,home,1
45333,55844,497,17,0.48,3,4,auto,0
44038,38728,673,26,0.26,12,3,education,0
14560,118923,428,13,0.64,14,9,business,1
49733,31094,713,20,0.44,1,8,education,0
39553,22407,679,27,0.39,12,8,auto,1
26993,75412,300,11,0.74,18,4,auto,1
31492,32644,466,9,0.25,4,4,personal,0
21981,121308,315,13,0.42,3,5,auto,1
25143,105834,411,21,0.53,17,3,education,0
13067,128982,667,14,0.14,13,5,auto,1
24916,80746,401,4,0.3,17,7,home,0
42508,72748,705,1,0.61,17,4,personal,0
47421,79021,806,21,0.22,19,7,auto,0
4815,82651,339,5,0.4,5,7,home,1
32836,56807,847,11,0.49,8,2,education,0
38477,54072,680,1,0.52,2,5,education,0
38275,58398,815,28,0.56,9,0,home,0
40343,48669,796,28,0.66,7,4,home,1
5773,50161,580,3,0.33,16,6,auto,0
13446,27282,650,6,0.54,12,4,personal,1
31733,46539,633,15,0.56,5,2,personal,0
11464,23307,823,0,0.26,6,1,business,0
49632,37745,582,0,0.73,17,1,home,0
22576,59433,618,13,0.66,15,8,education,0
4320,122598,713,10,0.25,10,1,business,0
11750,54555,313,11,0.52,3,6,home,0
38466,21073,355,10,0.55,7,8,home,1
27572,52683,702,5,0.35,2,2,business,0
18948,45741,641,22,0.65,13,6,personal,0
39826,42286,498,11,0.53,14,0,home,1
24515,23599,591,20,0.51,4,5,business,1
28867,148513,740,11,0.2,8,1,auto,0
1726,47293,377,9,0.34,5,9,auto,0
26820,35389,411,7,0.35,12,0,education,1
7697,129649,834,26,0.56,12,4,personal,0
45678,32318,674,19,0.48,11,5,business,0
43025,68875,415,18,0.11,2,1,personal,0
13963,23055,441,6,0.27,5,3,personal,1
2081,141164,496,13,0.38,13,2,business,0
21269,102579,839,3,0.57,18,0,home,0
11776,26320,598,0,0.57,17,0,auto,1
32816,124817,375,26,0.39,6,2,education,0
15196,24642,829,7,0.13,19,1,home,0
43112,112694,399,4,0.26,17,1,personal,0
16958,29321,778,28,0.23,17,9,personal,1
24369,99968,767,7,0.6,18,4,business,0
12689,108293,591,7,0.18,15,4,auto,0
18331,79618,424,27,0.38,4,6,auto,1
38528,122770,818,20,0.52,4,4,education,1
14436,148099,322,23,0.73,5,2,home,1
1066,46044,461,6,0.75,15,9,education,0
31725,41971,805,28,0.72,2,5,personal,1
26212,144982,320,18,0.55,11,2,personal,1
34332,129762,763,3,0.57,3,7,auto,1
26401,134183,782,26,0.58,11,5,personal,0
14393,137159,801,27,0.65,3,6,home,1
4670,149338,608,28,0.72,11,2,home,1
26601,45727,502,22,0.36,2,6,education,1
3251,42559,715,19,0.34,15,8,home,1
46717,93820,441,5,0.37,8,7,personal,1
34572,129062,406,11,0.51,2,1,business,0
28027,103201,828,17,0.59,18,9,auto,0
32846,47476,836,11,0.66,8,9,auto,1
22015,148901,590,17,0.37,12,1,auto,0
10583,82683,610,2,0.3,6,6,business,0
24104,30991,684,9,0.74,2,9,personal,0
13224,105097,352,6,0.21,12,3,home,0
39784,140355,482,2,0.21,12,8,personal,1
31836,90047,668,27,0.55,13,5,education,0
30299,30796,312,18,0.18,9,8,personal,1
14036,23881,459,12,0.33,15,2,personal,0
20933,35668,583,29,0.25,11,5,auto,0
13392,120717,586,3,0.17,9,5,personal,0
8938,54312,307,9,0.46,8,7,business,0
5141,48106,371,5,0.31,18,6,auto,0
24350,112758,397,0,0.37,11,2,education,1
10546,35729,386,5,0.19,5,0,business,0
6335,149354,400,7,0.59,4,1,business,1
6077,90320,580,27,0.27,5,9,education,1
47015,74913,588,14,0.29,7,1,home,0
6611,77026,495,7,0.23,17,0,personal,0
41857,79402,690,21,0.35,18,3,personal,0
36660,141649,749,5,0.37,1,5,home,0
6577,123930,667,28,0.42,16,3,education,0
21002,57282,729,18,0.73,9,3,home,0
40451,119449,395,13,0.68,12,8,auto,1
35275,94638,560,1,0.48,19,1,auto,0
29647,129802,811,6,0.08,11,0,auto,0
35831,58218,420,7,0.48,6,6,home,1
35768,37950,665,9,0.11,4,4,business,1
31962,79739,631,12,0.55,16,4,auto,0
49334,137693,351,29,0.32,3,1,home,0
30583,24507,695,21,0.64,8,5,auto,0
2294,66303,617,20,0.71,16,4,auto,0
16096,122552,576,19,0.34,2,4,personal,1
37833,99059,493,0,0.37,13,5,home,1
47858,44667,320,8,0.46,19,1,personal,1
28328,23992,698,26,0.19,16,4,education,1
25398,126826,501,9,0.7,19,0,auto,0
18706,93563,765,19,0.35,8,7,auto,0
23340,107680,450,1,0.17,2,0,personal,0
19825,45530,458,19,0.58,1,6,home,0
18482,130276,609,28,0.2,17,5,business,1
10318,35305,803,10,0.15,18,7,business,0
42256,129097,325,4,0.44,7,4,education,0
45009,142733,365,17,0.52,9,5,home,0
44185,72129,562,6,0.45,3,3,home,1
16574,107267,771,2,0.51,11,9,personal,0
49070,106209,466,29,0.13,16,9,auto,1
15650,118833,453,15,0.38,9,0,auto,0
47118,72044,642,14,0.3,12,6,home,0
29930,111378,712,7,0.73,14,1,business,0
21171,109363,483,19,0.08,4,0,education,0
35864,78817,493,27,0.26,4,0,personal,0
12801,123038,301,26,0.71,11,0,home,1
23372,66666,514,4,0.74,2,1,education,1
17559,46173,782,2,0.63,18,0,home,0
33334,38909,331,28,0.1,3,3,education,0
40937,83967,314,26,0.44,2,9,education,1
14288,51007,617,4,0.33,1,9,auto,1
23398,32985,542,8,0.61,5,6,personal,1
11694,138449,316,26,0.09,7,9,personal,0
13191,42525,833,15,0.19,4,2,auto,0
19051,132293,380,28,0.39,3,8,business,0
11737,121046,735,13,0.16,6,1,personal,0
26251,57403,307,17,0.53,12,1,auto,1
6147,57193,586,6,0.62,16,6,education,0
20643,126965,485,14,0.54,8,8,education,1
39967,23830,823,25,0.36,11,5,personal,0
34314,76144,721,7,0.66,13,0,education,0
38999,20533,765,2,0.15,14,5,personal,0
41733,132554,382,10,0.23,18,3,home,0
19467,40946,782,19,0.39,8,4,auto,1
35808,43504,624,28,0.09,1,3,business,0
2752,130551,718,26,0.12,4,2,personal,0
2849,75715,350,25,0.33,17,1,business,0
3642,48255,326,17,0.71,6,1,auto,1
2600,76441,844,14,0.69,5,9,auto,1
47719,56855,361,9,0.38,14,3,home,0
21786,61721,470,28,0.15,19,2,auto,0
45565,131597,585,24,0.17,14,5,education,1
21183,61850,416,2,0.31,2,9,business,0
2132,120659,303,14,0.2,9,2,auto,0
39259,54723,365,24,0.11,7,2,auto,0
32076,55739,359,28,0.52,18,3,business,1
39563,149357,801,22,0.46,11,4,business,0
27691,147929,528,5,0.25,8,8,home,0
44299,25539,399,10,0.6,10,4,auto,1
11931,93029,418,27,0.59,18,0,education,0
8633,84509,368,10,0.39,17,8,education,0
38777,136360,520,18,0.12,17,1,home,1
35881,121140,522,26,0.69,1,3,auto,0
2044,41311,803,22,0.52,4,9,business,0
47691,123243,510,26,0.22,11,5,education,0
36199,89180,561,29,0.48,9,8,auto,1
25363,136985,817,2,0.33,9,1,home,0
47694,105981,547,12,0.49,3,8,home,0
2582,55934,556,26,0.38,6,8,business,0
15374,29511,362,21,0.39,6,0,home,0
2308,20183,691,7,0.57,10,5,home,0
22301,29475,839,20,0.48,10,5,home,0
9793,104766,716,10,0.11,17,8,education,1
2620,83130,352,10,0.1,15,5,business,1
30883,79577,337,12,0.26,4,1,business,1
38534,146968,607,2,0.35,10,7,business,0
38960,46008,352,5,0.24,8,0,home,0
40390,96868,751,23,0.51,1,4,home,0
7093,67941,760,9,0.19,17,9,education,0
23259,62756,785,18,0.54,12,2,home,0
21655,90258,436,11,0.59,12,5,education,0
34005,100730,671,28,0.14,13,4,business,0
32629,112167,555,13,0.51,14,9,education,1
24610,47912,694,10,0.72,8,3,auto,0
22602,102702,336,26,0.18,14,2,personal,1
21409,70659,446,20,0.69,7,0,home,1
12110,66840,307,24,0.47,17,7,business,0
7073,101512,550,29,0.46,11,4,personal,1
36310,147750,746,29,0.09,1,7,personal,0
16282,58623,562,25,0.57,8,8,business,0
11195,83303,738,9,0.38,13,7,personal,1
2537,66062,558,2,0.55,17,5,education,1
18138,76690,622,12,0.62,12,9,business,0
45328,97582,829,27,0.42,16,7,business,0
47202,118980,600,26,0.23,10,4,education,1
41164,43634,784,17,0.15,16,8,auto,0
25207,144710,391,26,0.16,3,5,auto,0
21619,142501,463,12,0.66,1,1,personal,0
25845,24090,634,29,0.14,19,6,business,1
25310,65266,614,23,0.32,8,0,education,0
38899,50008,537,13,0.28,16,9,business,0
31562,107643,382,29,0.66,15,0,education,1
29036,78704,408,13,0.38,7,7,auto,1
9697,131081,477,6,0.75,2,4,auto,1
18513,82866,549,11,0.57,13,9,personal,0
44039,137374,390,24,0.65,5,8,education,1
4145,28382,638,3,0.12,10,5,auto,0
28818,67774,468,15,0.23,8,0,home,0
31544,94570,438,18,0.14,13,5,auto,1
14100,94062,816,9,0.37,19,0,business,0
21104,109609,483,15,0.55,6,4,education,1
5067,66698,469,4,0.17,18,2,home,1
37963,21110,661,26,0.14,8,9,auto,0
31728,135266,543,15,0.48,9,9,auto,0
33317,101981,437,0,0.21,17,8,education,0
32416,20386,327,4,0.39,4,0,home,0
43012,78513,818,12,0.09,18,5,education,0
41049,104120,697,12,0.53,6,2,auto,0
3509,131210,632,2,0.43,11,8,personal,0
22400,119987,616,16,0.5,10,1,education,0
49270,67801,725,18,0.24,11,6,auto,0
7533,134012,435,4,0.25,8,8,education,1
15670,116085,566,4,0.61,3,2,auto,1
4932,91857,406,14,0.55,2,2,education,1
48363,109976,437,9,0.46,18,2,auto,0
46809,51566,346,11,0.49,2,0,home,1
39328,126982,667,23,0.12,12,8,business,0
37784,52521,305,10,0.65,5,8,business,1
24723,130228,822,0,0.59,4,5,education,1
1719,43798,828,22,0.46,16,8,auto,1
1074,33565,571,20,0.69,14,8,business,0
27498,43027,365,2,0.17,2,0,business,0
32345,127036,719,3,0.53,7,2,education,0
21541,117631,638,18,0.72,11,2,education,0
46929,25631,797,23,0.27,12,0,education,0
35917,109865,768,19,0.06,5,5,personal,0
27028,128556,630,2,0.56,16,3,home,0
30545,76878,430,17,0.05,7,7,home,1
15033,65206,829,2,0.66,8,5,home,0
32673,123473,737,6,0.09,4,3,auto,0
31974,78582,542,21,0.51,4,4,auto,1
24097,78334,762,25,0.31,6,1,home,0
37975,92323,649,27,0.19,2,9,education,0
28608,73619,316,28,0.68,9,0,personal,0
24525,123536,765,20,0.57,8,6,home,0
16043,46875,662,23,0.29,18,9,education,1
42846,44514,509,26,0.25,12,2,business,0
12725,42580,824,0,0.57,16,2,personal,0
37704,148129,719,18,0.64,1,5,auto,1
43075,105827,432,17,0.55,4,2,business,1
38383,24288,313,1,0.5,14,6,business,1
30483,26734,343,27,0.21,18,6,business,1
8265,103000,676,26,0.65,5,4,education,1
23763,59008,594,11,0.57,3,0,home,0
11116,69349,695,16,0.41,19,8,business,1
16733,27814,403,20,0.41,12,1,home,0
47660,63154,744,20,0.45,19,3,business,0
26502,27851,361,2,0.63,11,9,education,1
38420,144478,711,11,0.57,9,9,home,1
44241,21600,620,27,0.65,5,1,auto,0
10247,76614,430,24,0.41,10,0,personal,0
24840,92402,498,11,0.49,9,0,business,0
22058,23692,335,5,0.65,13,0,business,0
35929,146745,515,29,0.21,8,6,education,0
19635,78027,605,9,0.36,13,8,personal,0
26628,137771,311,29,0.48,18,0,home,0
32362,40373,382,21,0.69,9,9,business,1
21953,118636,331,25,0.06,9,5,auto,0
20128,148219,707,5,0.2,2,4,auto,0
48356,132013,385,13,0.21,7,2,education,1
13061,82805,710,1,0.28,5,1,business,0
7041,132413,555,10,0.25,6,1,education,0
13673,100383,540,14,0.46,13,1,personal,0
22059,34507,751,25,0.67,18,6,auto,0
35328,82931,300,25,0.5,3,3,auto,0
45722,95499,581,7,0.22,10,6,education,1
18548,91642,813,21,0.65,3,9,personal,0
16078,92869,418,12,0.49,1,0,home,0
6419,134362,804,29,0.2,6,9,personal,0
36490,117449,379,18,0.3,16,3,education,0
11550,116819,518,9,0.6,17,8,education,1
31337,59423,816,8,0.57,16,6,personal,1
2468,123612,765,17,0.45,10,9,education,1
25309,115351,817,6,0.15,7,5,auto,0
1808,106120,801,2,0.61,8,6,education,0
25747,137409,357,11,0.27,3,1,home,0
7719,110918,636,14,0.59,5,0,auto,0
17363,86600,809,21,0.5,19,9,business,0
29718,61848,725,20,0.23,7,8,auto,0
29801,129419,669,12,0.2,18,1,auto,0
44359,26820,710,5,0.14,18,1,auto,1
38841,28512,731,7,0.22,6,2,personal,0
9012,56725,495,13,0.16,5,2,business,0
19029,71534,676,2,0.48,6,2,home,0
47660,105151,664,15,0.47,6,3,auto,0
42017,145191,704,17,0.46,11,0,personal,0
48915,59776,791,23,0.5,17,0,education,0
1767,80945,365,16,0.62,9,3,business,0
4895,134348,690,17,0.69,16,0,home,0
43968,103420,382,9,0.21,10,3,business,1
41097,67455,780,16,0.46,15,1,home,0
16332,103488,528,15,0.1,8,6,home,1
15621,140580,524,20,0.13,14,5,education,1
12334,72433,412,23,0.51,16,1,home,1
19174,29711,484,1,0.39,19,1,education,0
34653,79262,811,19,0.58,3,0,auto,0
41502,106009,472,3,0.35,13,3,business,0
37674,103785,822,10,0.14,9,1,home,0
38260,29597,504,26,0.66,12,4,education,1
43498,80067,837,6,0.11,5,3,auto,0
3073,107520,618,16,0.18,19,0,business,0
7269,68022,458,24,0.24,7,4,auto,1
18194,140743,577,18,0.75,7,4,personal,0
27811,101924,447,5,0.34,19,4,business,1
7841,132673,382,9,0.4,8,1,education,0
44723,126263,718,29,0.59,6,3,home,0
35800,135856,837,20,0.5,3,4,education,0
10699,38782,848,3,0.64,1,5,education,1
46505,71782,691,24,0.39,6,6,education,0
11762,92144,432,26,0.73,19,9,business,1
40897,118651,541,27,0.61,13,2,business,0
42556,75013,750,29,0.33,17,2,personal,0
3147,130716,499,24,0.32,18,9,auto,1
34383,128309,416,0,0.7,6,1,education,1
34715,138030,518,6,0.53,11,8,personal,0
39445,92036,604,25,0.49,6,0,personal,0
41634,55342,542,24,0.58,7,2,business,1
3013,105745,591,20,0.44,1,2,auto,0
21081,40977,600,15,0.16,8,7,personal,0
17874,123576,687,16,0.27,14,5,home,0
38755,77396,508,23,0.44,1,2,personal,1
9733,134836,613,4,0.06,5,0,business,0
10479,126998,325,21,0.36,5,2,education,0
10825,70021,378,22,0.58,14,3,business,0
22304,89057,427,9,0.16,7,0,business,0
36694,147194,712,6,0.1,17,2,auto,0
41050,138559,436,12,0.64,11,3,home,0
16635,86836,633,29,0.48,7,6,home,1
49615,47075,847,27,0.17,1,3,auto,0
21760,109515,687,6,0.61,15,0,auto,0
10490,50802,529,14,0.51,19,8,personal,1
22252,97761,720,16,0.28,10,5,home,0
40754,97017,423,22,0.31,9,8,business,0
7862,106753,387,26,0.16,13,6,personal,1
45927,130349,440,2,0.63,13,3,home,1
5423,75822,350,4,0.41,6,0,education,0
11450,71603,704,9,0.44,8,6,business,0
41927,122689,636,4,0.67,12,8,business,1
35841,100291,665,23,0.06,2,5,personal,0
23554,110450,557,6,0.1,16,0,home,0
32826,55592,687,6,0.16,12,8,auto,1
43879,76006,344,21,0.07,18,6,education,1
7825,46269,568,22,0.51,3,0,business,0
44420,124268,610,13,0.49,18,3,auto,0
13454,70138,577,22,0.2,11,4,auto,1
25251,82398,774,14,0.15,5,1,auto,0
21648,110091,444,4,0.15,13,2,auto,0
41736,39874,534,4,0.72,10,1,personal,1
25530,77228,435,3,0.54,15,3,business,1
13516,82670,744,29,0.46,6,6,auto,0
48058,145613,652,19,0.28,16,4,auto,1
41544,122071,693,20,0.35,8,6,home,0
9558,131880,574,25,0.11,3,0,business,0
9719,130572,683,8,0.75,5,2,education,0
5886,136694,622,29,0.58,15,1,auto,0
29185,27925,482,26,0.49,3,0,personal,1
38387,23107,739,11,0.46,15,4,auto,1
22575,106388,362,15,0.4,2,2,auto,0
47724,115719,333,21,0.23,12,7,auto,0
44113,138018,776,7,0.21,5,4,business,0
40643,47617,386,8,0.43,9,4,business,0
11100,94258,509,11,0.1,4,6,auto,0
8856,70075,761,29,0.1,7,7,personal,1
39169,146998,380,19,0.44,16,0,education,1
29804,42631,621,27,0.69,13,4,home,0
36790,143120,714,28,0.69,2,8,education,0
31988,82444,489,6,0.06,2,8,personal,1
45443,117158,532,20,0.13,9,6,personal,0
11912,136584,691,3,0.46,15,3,education,0
39506,27883,468,27,0.64,4,1,education,1
48894,39708,742,22,0.72,17,4,auto,0
23368,66221,467,2,0.65,9,3,education,0
2770,37197,530,0,0.52,15,0,education,0
13305,41134,449,6,0.19,1,6,auto,1
10969,125922,849,8,0.1,2,2,personal,0
13404,53550,685,1,0.08,9,5,business,0
9989,34642,680,6,0.48,11,4,auto,0
36983,40439,574,9,0.08,19,3,education,0
45748,117779,361,1,0.57,1,2,home,0
40462,126093,766,12,0.55,19,8,education,1
20360,44583,827,28,0.11,9,4,home,0
21121,113885,449,2,0.68,2,9,auto,1
27287,99538,441,12,0.42,5,6,business,1
44429,82014,415,9,0.68,17,3,business,0
35160,39523,364,29,0.68,1,0,home,0
7789,130285,728,11,0.19,14,1,personal,0
28181,90543,609,25,0.32,12,9,home,0
15385,105971,729,2,0.14,10,4,home,0
18061,125879,460,27,0.59,19,7,auto,1
1105,110629,605,28,0.4,15,7,education,1
45247,137878,660,19,0.7,1,7,personal,0
22137,134488,577,5,0.2,1,8,home,1
35714,96830,595,2,0.53,11,1,auto,1
6544,123941,468,28,0.74,11,3,personal,0
14275,65538,758,24,0.52,5,9,business,1
40753,67310,306,1,0.1,3,5,business,1
35550,30908,431,22,0.46,11,5,auto,0
20641,135266,646,21,0.18,4,4,personal,0
7213,77290,552,13,0.07,6,1,education,1
15485,73634,709,14,0.28,18,7,auto,0
16605,32699,842,17,0.24,7,0,education,0
38637,120169,654,26,0.6,4,0,home,0
21390,140177,667,18,0.31,14,0,education,0
10867,86912,810,21,0.56,8,8,auto,1
4981,34255,832,9,0.06,11,4,personal,0
10493,99183,827,19,0.06,14,1,education,0
6682,80282,827,16,0.07,3,0,home,0
6782,78249,701,16,0.2,11,3,personal,0
30799,58176,474,18,0.31,4,1,business,0
42905,28163,377,23,0.48,9,2,business,0
17984,74210,739,26,0.74,5,1,personal,1
46780,143844,848,3,0.3,13,7,auto,0
23760,124587,531,10,0.09,4,2,education,0
26993,120280,699,16,0.19,7,1,education,0
2524,91979,512,23,0.68,2,5,personal,1
27120,98860,492,9,0.54,19,6,education,1
1078,41143,566,21,0.6,7,8,business,0
36891,125899,425,16,0.14,9,9,personal,1
26473,24920,681,11,0.14,19,3,education,0
40832,136575,843,9,0.13,2,4,home,0
46836,145327,801,9,0.65,16,5,auto,1
9417,102911,702,5,0.2,6,2,home,0
14362,57996,560,16,0.5,19,2,home,1
2209,31748,686,25,0.41,18,2,education,0
38921,114071,711,25,0.43,17,4,personal,0
5898,101251,645,18,0.19,11,5,business,0
19562,67252,393,1,0.49,4,8,personal,1
11871,142734,627,3,0.08,8,8,education,1
8610,83179,399,17,0.75,18,4,education,1
44845,26450,760,26,0.07,13,7,business,0
28382,72756,614,28,0.09,8,6,home,0
16791,70235,324,20,0.28,10,3,home,0
36312,110546,793,3,0.63,18,0,personal,0
39290,20020,652,5,0.23,18,2,auto,0
3370,145802,416,13,0.38,17,9,education,0
20665,100253,498,6,0.06,16,4,business,0
5710,132884,578,11,0.11,6,9,personal,1
1328,128421,378,1,0.48,14,2,business,0
47451,29664,723,17,0.19,5,3,home,0
39347,86635,653,23,0.54,15,8,home,1
21612,43225,825,12,0.6,13,8,personal,1
46890,88173,840,12,0.65,16,8,auto,0
7794,126885,776,24,0.14,16,8,home,0
33888,126048,309,4,0.37,17,0,business,0
7749,105333,802,6,0.71,5,8,education,0
47531,60225,559,28,0.59,11,1,education,1
21608,30807,823,11,0.13,15,7,auto,0
16450,103274,305,24,0.4,3,8,personal,0
4675,26402,334,13,0.7,8,7,auto,1
19460,24521,474,0,0.36,3,8,business,1
39411,83165,741,23,0.64,4,4,auto,0
12560,139813,446,9,0.4,14,9,education,1
33463,134693,492,25,0.12,6,6,home,0
32663,28382,312,24,0.15,4,2,home,0
49151,143027,829,8,0.08,12,3,personal,0
4170,130996,545,9,0.19,2,3,business,0
34123,122657,413,6,0.68,18,9,personal,0
29810,35065,532,15,0.51,14,3,auto,0
10718,105470,621,27,0.57,8,7,auto,1
1028,34425,837,27,0.49,8,1,auto,0
48599,33111,425,11,0.32,12,1,business,0
18397,60799,612,11,0.2,1,4,home,0
44662,73257,810,25,0.7,1,5,education,0
42787,143990,783,18,0.41,4,3,education,0
46406,81177,580,28,0.39,17,6,auto,0
48657,147813,582,12,0.75,10,9,auto,1
3024,101046,691,20,0.32,1,3,auto,0
39607,57851,822,28,0.65,11,7,business,1
14503,28816,681,17,0.65,17,1,education,0
11303,97853,515,26,0.21,10,9,personal,1
18138,22175,841,25,0.12,6,3,home,0
26345,31341,415,2,0.73,4,6,personal,1
30505,83908,808,25,0.35,13,4,home,0
2906,45654,799,6,0.05,11,9,business,0
41167,80895,570,0,0.4,5,1,home,0
8961,79696,739,2,0.48,14,2,business,0
27140,77889,590,20,0.59,2,3,education,1
13031,107144,338,26,0.71,3,4,home,1
16128,103115,323,13,0.69,3,6,auto,1
16663,50194,342,3,0.71,11,2,auto,0
35228,54837,469,18,0.07,9,8,business,1
16682,88894,639,21,0.55,19,9,education,0
16193,104358,468,27,0.21,10,2,business,1
29561,61576,837,5,0.18,6,4,personal,1
44813,122548,771,19,0.61,6,4,personal,1
8766,39727,442,8,0.34,1,6,personal,1
30844,54579,400,10,0.69,1,5,auto,1
30432,116554,774,21,0.08,19,2,personal,0
30504,36555,610,14,0.61,3,0,home,0
38146,73294,359,8,0.15,6,5,personal,1
41297,69777,328,28,0.17,2,5,auto,0
21858,25906,830,10,0.38,15,3,home,0
4071,60751,372,25,0.33,12,1,education,0
17939,89599,693,9,0.39,10,8,business,0
25931,128750,693,1,0.71,19,5,business,0
45460,94180,780,21,0.51,13,0,home,0
2040,127914,772,13,0.25,3,7,home,0
3686,93678,612,3,0.17,18,9,business,1
13666,51644,737,1,0.34,5,6,business,1
36321,53521,623,4,0.37,13,5,home,0
2779,31564,386,13,0.47,14,0,business,0
14186,125155,658,14,0.24,15,9,education,0
17459,90640,496,18,0.59,18,4,personal,1
21710,47299,684,5,0.12,14,3,personal,0
23219,142031,417,26,0.44,19,6,education,1
6057,67958,797,14,0.49,3,1,personal,0
19733,76078,761,13,0.19,1,0,personal,0
20157,33421,795,7,0.63,7,6,personal,0
36030,108747,546,19,0.48,7,7,auto,1
20613,31202,533,11,0.5,17,4,education,1
44076,129407,716,3,0.4,15,7,business,0
18492,62185,766,20,0.69,13,3,home,1
21746,126663,781,5,0.54,15,7,education,1
6188,23685,664,10,0.32,3,2,education,0
42570,110197,452,22,0.22,17,6,auto,1
30680,62637,571,21,0.1,16,5,auto,1
38825,38366,691,6,0.17,1,0,personal,0
37766,123248,846,24,0.74,14,4,auto,1
9864,44276,729,3,0.33,3,3,business,0
37445,100946,488,25,0.68,4,5,business,1
6796,68239,551,14,0.17,9,8,personal,0
48218,95214,694,0,0.35,1,3,auto,0
40131,44575,518,8,0.72,14,1,personal,1
9123,61401,489,22,0.11,13,7,home,0
9222,61230,533,19,0.47,15,0,auto,0
25074,99424,531,25,0.69,18,5,auto,1
47422,102263,657,7,0.71,16,3,auto,1
30825,144086,777,11,0.64,6,5,auto,1
37839,149526,728,6,0.65,16,2,business,0
42576,134507,536,27,0.51,11,8,personal,1
3786,88617,332,17,0.2,7,2,business,0
34638,43021,512,0,0.56,9,2,personal,1
37964,29449,678,8,0.73,1,4,home,1
45564,35657,301,6,0.42,10,6,auto,0
26988,55059,749,13,0.23,8,5,education,0
36507,21532,726,25,0.45,11,6,business,1
34708,146302,578,0,0.53,5,8,education,1
34108,122666,513,12,0.2,6,2,home,0
30715,70805,584,19,0.55,12,4,education,1
24806,101551,842,14,0.46,11,4,home,0
37901,57756,573,4,0.48,7,2,business,0
18043,91880,310,4,0.26,7,9,home,0
11225,126734,346,13,0.16,12,8,business,0
10752,133997,814,13,0.49,12,8,business,1
4457,94642,737,13,0.46,1,5,education,0
43616,54206,726,4,0.29,19,4,personal,0
10241,72168,731,10,0.26,4,3,personal,0
1453,133123,429,18,0.29,19,3,personal,0
10896,95188,321,4,0.39,19,4,auto,1
22826,44550,688,3,0.73,11,1,education,0
11976,26389,434,14,0.58,9,7,home,1
49640,107897,831,20,0.65,13,6,personal,1
34586,55847,519,6,0.4,19,6,education,1
5868,124599,632,4,0.42,5,0,auto,0
17396,99239,429,29,0.19,11,7,education,1
32634,38642,331,14,0.55,3,0,home,1
13171,126862,724,29,0.35,5,8,personal,0
25111,137679,597,13,0.57,13,5,home,1
34688,56509,803,23,0.34,14,7,auto,0
22304,99417,656,23,0.13,13,0,home,0
43274,69237,754,2,0.17,2,5,auto,0
40243,35414,700,4,0.62,2,0,home,0
29253,83176,754,11,0.23,18,2,auto,0
31980,148633,333,19,0.24,6,1,education,0
3017,99865,547,13,0.7,19,1,education,0
8957,137181,341,29,0.51,10,3,education,1
49998,82059,422,4,0.13,8,6,education,1
43188,69150,326,23,0.15,5,2,home,0
5792,108367,761,3,0.24,2,6,business,0
14237,61091,446,20,0.47,6,8,auto,0
17251,93124,795,15,0.58,18,3,auto,1
20252,20903,785,6,0.24,8,6,business,0
11707,129952,759,2,0.66,2,0,auto,0
35206,74235,427,28,0.13,4,1,auto,0
29740,78565,675,21,0.2,15,7,education,0
4543,75342,382,24,0.73,9,2,auto,0
45135,62723,834,26,0.14,6,4,auto,0
49288,55572,822,3,0.67,9,7,personal,0
40111,37610,402,19,0.54,13,4,auto,1
36031,54052,818,21,0.1,5,0,business,0
43929,118993,661,5,0.39,14,1,auto,0
1211,107063,555,2,0.41,14,9,business,0
47577,57550,546,29,0.7,18,2,auto,0
40795,74033,491,0,0.34,7,9,business,1
1331,49011,834,2,0.36,6,1,auto,0
24244,122811,613,23,0.13,12,8,auto,0
9169,54764,575,7,0.5,14,4,personal,1
23104,117540,672,15,0.2,19,0,personal,0
42901,73533,743,21,0.1,16,7,auto,0
15591,44064,494,6,0.75,19,2,personal,1
32711,143989,557,17,0.24,10,8,home,0
49893,147825,659,8,0.15,11,8,home,0
1727,69581,847,2,0.54,4,5,education,0
22359,140388,407,17,0.63,2,3,education,0
44822,48702,323,15,0.09,9,8,home,0
37011,105701,764,20,0.12,10,8,education,0
38863,143482,321,0,0.11,8,1,auto,0
47577,28631,801,20,0.08,4,9,auto,0
23998,143864,800,25,0.51,13,5,education,1
11929,107388,706,19,0.46,6,3,home,0
15842,144798,629,15,0.51,6,2,business,1
24519,90043,585,11,0.4,2,9,auto,0
18393,86063,446,5,0.62,9,5,personal,1
35318,48981,683,27,0.43,6,7,business,1
9995,55764,310,20,0.69,5,8,personal,1
29656,121771,575,8,0.39,2,8,auto,1
48934,148787,602,20,0.6,14,1,education,0
41260,70513,503,12,0.34,10,7,personal,1
46269,141505,644,23,0.35,15,7,home,0
16567,149014,565,11,0.64,17,4,personal,1
29840,133076,321,12,0.13,7,3,home,0
24831,119007,835,17,0.45,11,8,business,0
14265,86198,395,18,0.56,13,3,business,1
6424,44940,744,18,0.58,17,9,education,0
21625,127418,562,18,0.46,5,3,home,1
15086,91792,682,5,0.36,12,2,education,0
30187,48432,849,15,0.23,4,9,personal,1
36929,28367,691,6,0.69,1,2,education,1
21539,131764,839,6,0.31,10,2,personal,0
26103,123601,391,27,0.61,2,6,business,0
28874,45511,458,22,0.07,13,4,education,0
10215,28573,527,27,0.21,13,8,business,1
40385,35582,772,18,0.29,12,1,personal,0
23044,25378,671,15,0.52,1,3,home,0
12926,85296,675,16,0.27,10,1,auto,0
48860,33500,336,21,0.08,5,7,personal,1
32501,85841,336,18,0.17,10,3,personal,0
30774,41881,400,15,0.23,7,0,auto,0
26008,90233,842,28,0.17,15,9,auto,0
49928,71542,489,15,0.19,18,2,business,1
18560,85285,811,18,0.59,4,6,personal,0
25340,79547,389,14,0.34,1,2,personal,0
25976,82151,305,2,0.33,8,4,education,0
49406,27222,438,14,0.73,11,1,auto,1
28626,27933,394,24,0.36,3,7,home,1
33720,103385,685,27,0.7,12,3,personal,0
36001,109772,422,15,0.26,13,0,education,0
5700,129767,584,19,0.33,18,3,home,0
44795,118706,665,4,0.33,12,7,business,1
8860,98437,789,18,0.43,10,8,education,1
8526,26940,624,9,0.46,15,0,home,0
39327,134326,706,12,0.22,3,5,personal,0
40500,104590,818,14,0.61,15,3,education,1
3513,126399,376,11,0.4,17,7,auto,1
8830,79145,533,16,0.05,16,0,home,0
15781,63610,783,14,0.46,2,4,personal,0
8910,77520,763,27,0.61,1,0,education,0
16847,24544,570,3,0.23,4,3,home,1
6649,110854,766,14,0.08,17,1,business,0
10120,74812,768,16,0.62,7,9,business,0
2951,91610,846,26,0.73,5,8,auto,1
11165,71500,569,10,0.1,4,1,education,0
15352,59618,677,22,0.71,5,3,education,0
10746,139090,476,22,0.3,8,2,auto,1
44738,119054,573,14,0.71,9,0,education,1
29997,45444,326,19,0.5,6,0,business,0
42954,105982,359,20,0.67,4,1,business,0
25183,114079,516,25,0.6,5,7,auto,1
9804,76586,569,6,0.07,8,1,personal,0
28169,44789,415,12,0.1,13,0,auto,0
1595,21617,544,21,0.42,4,5,business,0
30592,148639,384,12,0.14,7,0,auto,1
41643,120834,749,19,0.37,1,9,business,0
21823,23333,835,19,0.72,9,8,personal,1
6972,60002,388,1,0.26,5,5,business,1
16882,144477,848,9,0.39,10,9,education,1
1858,83620,806,17,0.32,11,5,home,0
6519,107688,707,27,0.49,18,0,personal,0
24769,109627,570,19,0.19,5,6,home,0
26020,20511,823,4,0.23,4,2,personal,1
43748,132850,793,19,0.65,19,0,personal,0
38085,57850,747,29,0.62,16,8,personal,1
20838,141548,842,18,0.6,2,7,personal,0
45912,102172,649,26,0.59,15,3,business,0
13879,106053,627,1,0.37,9,2,education,0
34798,51786,585,3,0.56,17,1,business,1
43255,94356,334,29,0.32,2,1,business,0
25290,56244,832,15,0.12,6,2,education,0
47073,94714,787,26,0.33,1,0,personal,0
11255,87261,786,20,0.16,8,9,education,0
2447,38477,444,15,0.32,11,6,home,0
44005,66533,823,16,0.26,15,1,education,0
30195,54469,445,14,0.47,9,5,business,0
3850,28496,802,12,0.3,2,5,personal,0
29400,140522,826,0,0.54,7,3,business,1
12953,32270,571,21,0.41,17,3,home,0
41874,96008,833,4,0.69,3,0,personal,0
24535,40724,394,26,0.11,4,5,auto,0
11000,50416,746,19,0.53,3,7,business,1
10503,55575,714,0,0.52,8,9,business,0
16493,101190,556,11,0.72,11,3,education,0
5055,96614,561,29,0.31,16,0,personal,0
39170,113566,386,22,0.26,14,3,business,0
33408,140989,735,14,0.17,19,1,home,0
43049,93108,407,3,0.24,2,3,personal,0
35440,37408,318,18,0.4,12,7,personal,1
29251,147192,664,29,0.64,11,2,education,0
5532,39359,678,15,0.25,16,4,business,0
5924,28698,459,22,0.16,11,9,business,0
49037,90392,399,17,0.24,3,1,auto,1
13546,113063,564,25,0.12,10,8,auto,0
27579,59492,348,16,0.7,5,2,personal,0
7085,94781,714,10,0.66,13,0,business,0
13390,63634,358,19,0.27,6,6,education,0
14280,137255,482,12,0.22,3,4,business,1
25118,62864,746,23,0.68,9,8,education,1
5864,114482,600,28,0.05,7,2,auto,0
43084,57355,653,21,0.47,7,0,home,0
34989,57690,512,8,0.69,2,6,business,1
36628,57814,488,16,0.41,8,7,auto,0
27849,51645,646,16,0.05,18,1,home,0
28566,104814,436,26,0.2,1,1,home,0
11702,92739,329,4,0.7,10,8,auto,1
42196,76630,445,21,0.06,6,3,auto,0
16385,68171,767,7,0.33,18,0,auto,0
10336,41658,802,2,0.6,13,8,education,0
32225,143980,490,5,0.64,1,8,personal,1
37021,146541,770,2,0.38,1,5,personal,0
4782,128132,644,7,0.21,12,5,personal,1
24341,35797,300,11,0.47,8,8,education,1
25094,78799,409,26,0.23,5,1,auto,0
24866,138301,363,26,0.23,3,8,personal,1
20049,118342,352,3,0.62,18,3,education,0
43719,116494,561,1,0.16,6,3,education,0
31992,72236,828,27,0.05,4,8,auto,0
15567,26265,601,24,0.29,15,6,home,0
45451,147119,533,9,0.39,4,9,education,1
4513,145611,372,14,0.54,6,4,business,1
14335,92134,656,12,0.6,18,7,education,1
45140,120719,783,23,0.51,18,0,home,0
39590,102678,305,14,0.49,10,6,home,0
15837,73494,436,21,0.52,13,3,business,1
13122,141754,703,18,0.24,18,1,personal,0
35840,72268,505,17,0.32,7,1,education,1
32007,135452,709,12,0.48,8,8,auto,0
42297,46998,335,19,0.1,6,5,auto,1
28684,111426,529,19,0.26,2,3,business,0
27393,114414,526,0,0.33,8,1,home,1
23754,81339,561,24,0.42,10,6,personal,0
21799,34306,430,15,0.39,17,8,education,1
39727,84006,747,25,0.55,12,1,education,0
10107,138717,485,7,0.38,11,3,education,0
6993,67345,485,22,0.68,17,0,auto,0
31805,31885,573,5,0.32,16,0,personal,0
29114,129681,651,2,0.42,10,2,business,0
38789,63826,712,19,0.05,3,0,auto,0
47314,75597,450,15,0.27,19,3,home,1
43942,27443,683,1,0.66,4,5,personal,1
17138,117375,335,22,0.28,19,4,home,0
45527,136005,625,1,0.23,9,8,education,1
10190,37084,764,29,0.43,17,1,auto,0
27723,109447,765,14,0.11,4,1,personal,0
13886,24383,394,9,0.42,17,2,auto,0
17779,112313,433,0,0.26,3,3,personal,0
29174,54361,461,21,0.32,4,8,education,1
30086,100294,599,19,0.6,9,5,personal,1
18322,81331,655,14,0.51,6,8,education,1
43596,115057,539,23,0.36,19,4,auto,1
36278,40529,466,0,0.45,7,8,auto,0
19033,78574,439,24,0.59,16,8,auto,1
21074,108627,438,21,0.57,15,0,education,0
4435,141685,534,15,0.18,16,8,home,0
36969,125330,302,29,0.26,14,6,home,1
29942,116917,555,17,0.29,4,7,personal,1
30059,120916,670,23,0.18,2,2,auto,0
48921,50932,577,4,0.06,7,0,home,0
33826,129633,815,20,0.17,7,3,business,0
31297,142087,511,4,0.62,6,0,auto,1
44890,21908,515,22,0.43,9,0,business,1
22322,125258,569,22,0.29,17,3,home,1
36739,133489,775,9,0.48,11,7,education,0
10719,50358,827,26,0.57,16,0,business,0
15017,50412,363,22,0.3,1,9,business,0
9314,148319,759,11,0.38,16,9,auto,0
29295,103710,315,9,0.09,17,8,personal,1
10628,142856,318,1,0.47,6,5,education,1
43122,101032,624,23,0.3,11,4,auto,0
12492,22928,392,0,0.35,7,8,auto,1
37113,85158,316,15,0.35,16,8,home,1
16357,50632,787,28,0.49,2,8,personal,0
34329,52309,393,29,0.45,13,2,personal,0
21365,29280,309,17,0.35,13,7,education,1
40029,60449,827,26,0.06,15,9,education,0
2737,107171,788,6,0.48,15,3,personal,0
10096,46957,443,3,0.67,9,3,business,1
20938,56895,814,26,0.59,18,6,business,0
13682,90499,769,9,0.74,14,7,auto,0
28499,113057,676,9,0.15,14,3,personal,0
45491,118151,793,24,0.21,4,9,auto,0
45866,130065,783,10,0.43,14,5,business,0
42894,131858,751,24,0.22,10,0,education,0
47157,41695,835,29,0.07,11,1,personal,0
42034,94893,374,2,0.33,1,4,home,0
1294,83123,339,28,0.25,14,3,auto,0
33536,45176,601,13,0.23,8,2,personal,0
25596,38409,361,12,0.72,6,5,home,1
33649,144464,802,18,0.22,11,9,auto,0
12434,76967,544,24,0.14,14,5,business,1
39098,20987,317,28,0.14,7,9,auto,0
5655,74462,697,9,0.61,7,7,education,1
18493,87501,488,14,0.55,19,1,auto,1
47228,125620,403,27,0.14,10,6,auto,1
4771,116854,643,7,0.2,9,6,personal,0
9563,46015,670,16,0.57,18,1,personal,0
18558,114727,332,5,0.24,17,5,business,1
34932,132350,673,6,0.74,13,4,education,0
43243,86404,477,13,0.43,4,1,education,0
27567,136751,311,26,0.18,7,8,business,0
33376,148807,755,29,0.65,8,7,home,1
22922,70281,548,7,0.27,16,6,auto,1
13388,57146,747,11,0.25,12,5,personal,0
30332,68231,303,27,0.28,1,4,business,1
47737,49032,535,17,0.59,6,8,business,1
24495,48305,472,13,0.17,1,4,personal,1
9434,74306,621,0,0.32,8,5,personal,0
21991,108176,670,3,0.07,12,2,home,0
28472,141139,847,16,0.63,16,8,education,1
41030,38318,595,17,0.29,1,7,personal,0
27849,33246,699,18,0.22,4,8,business,0
2541,53844,357,3,0.46,19,0,auto,0
3765,52602,829,27,0.54,18,0,home,0
44074,41584,847,27,0.62,8,1,auto,0
38259,136327,707,5,0.29,6,3,auto,0
30283,35169,812,7,0.62,13,9,education,0
36851,45968,363,24,0.38,3,4,auto,0
35625,26385,719,14,0.12,15,6,business,1
1769,93758,445,19,0.64,6,3,business,1
18806,142684,571,0,0.43,6,0,personal,1
25982,135391,316,29,0.47,5,7,education,0
3972,45444,397,4,0.71,19,2,personal,0
19256,123784,751,15,0.44,10,8,auto,0
39367,143112,542,20,0.05,9,1,business,0
19653,126081,778,24,0.66,14,0,personal,1
39043,82497,500,5,0.25,5,9,business,0
22133,25362,772,20,0.4,7,7,personal,0
40339,119254,478,9,0.19,17,2,home,1
26757,28250,807,9,0.26,17,0,education,0
38840,88354,752,4,0.53,9,2,personal,0
43399,56368,569,7,0.35,7,7,auto,1
45013,64109,533,26,0.49,1,3,business,0
33069,100589,785,0,0.63,2,9,business,1
15706,77645,637,4,0.29,10,6,education,1
39231,76997,747,0,0.45,19,7,education,0
28909,47426,656,6,0.59,8,6,home,1
41218,137632,348,29,0.55,9,0,personal,0
12095,132637,795,14,0.43,15,3,home,0
21343,59023,645,22,0.32,11,9,personal,0
27469,142268,592,28,0.34,12,8,personal,1
2313,79267,449,25,0.35,18,6,education,0
8847,44892,844,23,0.29,2,0,education,0
10166,79232,559,13,0.54,15,7,personal,1
10930,139952,621,22,0.14,10,3,education,0
4285,129211,376,26,0.73,7,6,personal,1
36863,114897,409,8,0.6,9,5,education,1
17704,79225,846,7,0.26,17,6,auto,0
19705,36007,722,7,0.08,14,9,personal,1
1555,99777,693,2,0.55,9,9,business,0
22323,64858,534,25,0.56,7,0,auto,0
6432,65073,629,19,0.72,15,5,home,1
2386,109438,624,3,0.23,3,2,education,0
45007,110042,450,16,0.11,2,9,home,0
11619,103098,845,5,0.69,3,3,business,0
7854,40239,331,1,0.23,2,0,education,0
43964,82969,571,8,0.56,13,9,home,1
49801,33065,667,13,0.09,13,7,auto,0
8637,130951,791,0,0.58,2,1,home,0
22225,61291,615,16,0.14,19,2,education,0
46730,58805,667,10,0.54,9,6,auto,0
27739,118831,379,28,0.42,5,1,business,0
48708,38443,471,25,0.72,7,3,home,0
11618,29290,557,26,0.08,13,6,personal,1
37561,20211,578,5,0.25,1,2,education,1
8373,103634,803,28,0.1,9,1,personal,0
36281,39072,790,0,0.67,2,7,personal,1
21187,63290,636,27,0.47,3,1,home,0
3327,105186,820,18,0.42,12,9,personal,0
33391,35115,625,15,0.14,5,6,auto,1
42577,25149,471,25,0.39,12,2,business,1
19549,61992,383,17,0.33,4,3,business,0
40220,37716,823,28,0.27,12,5,personal,1
8642,117724,780,10,0.59,5,2,education,1
15435,33621,843,8,0.09,14,0,personal,0
34760,26820,717,20,0.5,14,7,education,0
39192,149728,638,5,0.63,10,3,business,1
5381,133065,619,1,0.69,10,0,auto,1
32047,62800,603,7,0.57,5,1,education,0
20558,75043,571,21,0.25,18,5,business,0
31782,50399,413,15,0.47,17,0,home,0
5782,139374,706,26,0.15,10,8,personal,0
26881,34002,325,27,0.13,11,6,education,1
41228,63098,536,7,0.5,15,7,auto,1
30409,65511,609,7,0.65,19,7,personal,1
20462,73243,532,13,0.1,12,5,business,0
3983,135131,848,0,0.12,16,7,business,0
32933,48750,564,6,0.45,12,6,business,0
47950,111610,312,1,0.2,19,0,education,1
3523,37310,795,14,0.48,3,2,home,0
10677,75398,615,26,0.2,13,8,home,0
11292,102542,683,23,0.13,15,7,business,1
16089,95207,615,27,0.43,17,4,personal,0
5581,137725,555,17,0.65,11,0,auto,1
12907,64345,740,3,0.53,12,1,personal,1
6609,113430,414,17,0.62,17,9,education,1
45143,134921,598,28,0.24,5,9,home,0
23936,111729,423,22,0.67,5,8,auto,1
43725,71843,555,4,0.31,7,9,business,0
46723,30222,346,28,0.65,3,7,business,0
34988,109322,762,26,0.38,3,8,education,0
30506,51509,649,15,0.24,17,1,education,0
14163,20386,422,12,0.23,2,2,education,1
47057,84334,330,26,0.45,15,2,education,1
13537,87170,354,8,0.11,19,0,business,0
23419,60878,452,4,0.7,10,1,business,1
43578,89669,755,26,0.24,11,9,education,0
10455,127680,585,7,0.28,9,4,business,1
10063,58349,335,17,0.21,14,6,education,1
1834,120271,555,2,0.05,7,5,auto,0
33214,41952,477,5,0.53,10,1,education,1
28398,141972,847,10,0.46,1,7,education,0
35492,110352,553,22,0.62,1,3,auto,1
3413,41529,807,13,0.08,14,1,home,0
10505,91303,320,25,0.7,8,3,personal,1
38266,61521,374,23,0.28,14,7,education,1
3105,38383,759,18,0.69,7,0,auto,1
3568,24901,477,6,0.12,18,8,auto,1
43098,62889,681,23,0.57,9,7,business,1
38679,34633,336,9,0.46,15,7,education,1
34560,82244,419,14,0.3,1,9,auto,0
15195,149177,300,5,0.11,11,8,home,1
47669,39163,610,19,0.47,19,6,home,0
16762,79019,507,28,0.07,10,8,personal,0
42294,30707,453,5,0.4,18,0,business,0
16898,108112,614,15,0.47,4,0,business,0
22577,103597,606,8,0.56,18,3,business,0
2214,65101,803,18,0.74,18,1,education,0
21803,64706,819,17,0.23,12,7,home,0
49114,97084,396,4,0.28,9,0,education,0
24698,35115,789,15,0.29,18,3,auto,0
33980,95379,306,6,0.56,6,8,personal,0
2658,122481,311,18,0.7,19,1,personal,0
13270,59979,813,4,0.73,15,5,education,1
47797,60641,648,19,0.71,5,3,personal,0
38792,89377,306,10,0.67,11,3,education,1
46807,141786,799,22,0.74,13,5,business,1
23301,26416,774,17,0.31,2,9,auto,0
6141,30633,823,27,0.71,8,3,business,0
39756,148785,356,26,0.58,11,8,personal,0
14777,123189,532,28,0.17,18,7,auto,1
39346,20594,329,6,0.08,10,7,home,1
30441,34393,666,27,0.2,1,4,education,0
48819,55380,355,17,0.6,4,5,auto,0
29469,65056,309,2,0.49,17,0,education,0
4845,108279,446,4,0.21,17,0,auto,0
45650,117507,663,22,0.57,5,8,personal,1
24290,136184,552,12,0.15,3,3,business,0
48015,138243,552,15,0.63,7,2,personal,1
31699,24861,742,21,0.61,5,4,home,1
45252,123070,639,11,0.73,10,8,personal,0
34146,56126,815,6,0.16,7,8,auto,0
4293,100382,652,26,0.68,17,2,home,0
45398,111713,622,21,0.29,17,6,auto,0
47428,53682,439,12,0.34,7,2,business,1
17608,38228,744,27,0.38,6,2,education,0
1737,120299,394,0,0.49,9,3,business,0
17619,44009,719,14,0.75,8,1,business,0
13470,20094,813,20,0.47,14,5,business,0
23372,126988,449,11,0.7,6,4,auto,0
17117,100636,650,16,0.23,9,9,education,0
15779,72221,415,22,0.33,11,9,auto,1
30294,118453,536,19,0.4,11,1,home,1
22630,37430,569,4,0.28,8,9,auto,1
41039,55571,590,16,0.73,3,1,business,0
13178,74486,733,23,0.56,11,1,personal,1
20935,110510,308,14,0.39,4,3,personal,1
48258,116665,774,19,0.58,3,2,auto,0
23784,132770,821,18,0.38,13,8,business,1
24027,82294,836,0,0.06,19,4,business,0
32008,149171,310,3,0.43,8,0,personal,1
47631,40860,626,2,0.49,1,1,education,0
2823,92812,575,7,0.74,8,6,education,0
7852,86087,669,8,0.08,9,7,business,0
14072,133784,789,11,0.41,6,5,home,1
12133,28486,644,4,0.12,11,6,home,0
16111,103063,667,8,0.15,10,1,home,0
33312,69607,610,0,0.48,3,5,home,0
25161,29745,784,22,0.21,8,5,home,0
40287,126664,314,10,0.57,5,3,personal,0
2777,98533,303,29,0.41,2,3,business,0
25014,38330,675,6,0.2,16,1,auto,0
15772,140803,668,21,0.4,1,2,personal,0
47389,60078,764,19,0.05,2,9,personal,0
45627,75332,832,28,0.65,3,5,business,0
19161,124121,436,26,0.06,9,3,education,1
43264,74532,662,24,0.05,17,2,personal,0
8490,141062,515,13,0.48,12,0,personal,0
42661,110365,667,2,0.73,2,2,auto,0
25502,63336,416,26,0.65,2,0,home,0
36757,28070,478,10,0.23,19,3,personal,1
42111,21320,545,16,0.19,17,3,home,0
33737,109043,427,17,0.49,17,0,business,0
18709,58921,657,18,0.63,13,6,personal,0
45682,26589,377,17,0.3,12,4,auto,1
9998,84409,592,5,0.35,11,0,auto,1
29906,112995,381,28,0.13,11,4,business,1
36490,35589,641,14,0.16,8,6,home,0
5656,56375,637,29,0.45,18,5,education,0
37901,63085,395,6,0.12,4,9,business,0
26735,80840,444,4,0.19,18,4,education,0
30092,63200,820,4,0.21,15,7,auto,0
2242,118704,696,6,0.36,7,8,auto,0
42307,46732,656,21,0.08,15,0,personal,0
2831,117047,485,11,0.4,19,5,auto,0
29511,42426,842,7,0.7,17,1,home,1
8246,50982,450,24,0.07,10,7,auto,1
32467,79720,618,17,0.49,11,4,personal,0
19302,36746,358,27,0.64,14,0,business,0
4232,48514,309,17,0.27,4,4,personal,0
37526,84889,423,16,0.14,4,9,business,0
39765,23851,655,22,0.08,1,4,personal,0
11972,39796,645,10,0.5,12,1,auto,0
49136,96034,536,14,0.44,7,3,education,0
35592,82798,632,29,0.21,5,5,home,1
11683,118388,316,19,0.63,1,0,education,1
24664,82985,723,24,0.56,8,8,home,1
37828,54592,623,5,0.24,18,6,auto,0
34172,64845,322,11,0.58,13,5,personal,1
19105,35930,758,22,0.22,17,0,personal,0
22700,143187,759,28,0.52,2,7,business,1
12017,130853,820,6,0.13,6,7,education,0
37613,128417,720,7,0.53,4,3,home,0
21594,133436,702,3,0.22,8,3,personal,0
12384,127126,630,2,0.45,15,0,auto,0
31348,41159,756,2,0.17,5,8,personal,0
17448,115072,782,9,0.56,11,7,business,1
10491,109788,797,23,0.09,8,9,personal,0
14112,44003,326,27,0.17,17,6,auto,0
32021,125722,696,14,0.18,9,1,personal,0
45553,55139,487,12,0.08,18,6,home,0
1968,125372,439,18,0.57,14,3,home,1
1368,72452,820,7,0.74,9,2,personal,0
9424,42205,391,17,0.59,10,9,auto,1
36010,116059,376,4,0.65,2,3,auto,0
36851,76955,543,20,0.05,3,9,personal,0
26496,130163,387,6,0.13,5,5,auto,0
31936,27464,593,4,0.44,4,6,home,1
14322,102646,394,24,0.73,3,1,home,0
2469,131852,552,18,0.51,19,6,home,1
38493,92657,698,24,0.31,10,9,business,0
5259,29840,353,16,0.15,7,1,education,0
37390,122616,542,18,0.16,12,1,home,0
11292,60768,409,3,0.3,8,0,personal,1
27841,29461,520,21,0.55,5,6,business,1
29365,40927,461,25,0.07,13,0,personal,0
18207,109934,334,23,0.65,9,2,auto,1
37199,118622,336,6,0.71,4,7,education,1
23912,35329,669,23,0.67,2,0,business,0
37919,35791,476,21,0.69,5,5,auto,1
37981,72627,820,5,0.06,2,1,auto,0
16235,148885,574,13,0.73,18,8,home,1
42757,34372,404,21,0.31,6,1,personal,0
34547,134239,455,18,0.66,11,5,auto,0
49119,112890,635,29,0.18,10,3,auto,0
44810,68469,325,25,0.36,1,8,auto,1
20276,129554,595,19,0.08,2,0,education,0
32923,107073,836,10,0.08,10,0,business,0
6534,138822,654,21,0.71,5,9,home,1
27469,54370,368,28,0.62,12,2,business,0
37074,71408,626,6,0.42,19,5,auto,0
36670,110941,450,2,0.42,2,2,education,0
33563,127351,619,19,0.57,6,6,auto,0
47159,43703,751,21,0.29,15,8,personal,0
37486,35234,411,16,0.58,8,9,business,1
1021,27532,761,10,0.39,16,1,home,0
35268,125670,661,14,0.5,19,3,education,0
42802,55416,502,6,0.73,18,2,business,1
16799,92439,786,28,0.38,17,5,auto,0
27336,38242,779,14,0.34,1,4,home,0
4641,70254,303,26,0.68,11,2,education,1
22596,99324,428,16,0.68,4,8,auto,1
33959,55249,325,10,0.74,6,7,auto,1
14306,120124,326,28,0.44,7,2,business,0
47182,115049,341,27,0.29,8,9,auto,1
9587,128575,363,28,0.22,10,4,auto,1
32359,105078,324,11,0.07,17,4,education,1
22498,52294,371,12,0.56,12,4,auto,1
5662,79784,781,25,0.21,8,7,personal,0
38094,23684,567,10,0.47,12,2,personal,0
42833,43795,394,10,0.69,17,2,home,0
28197,144135,694,24,0.72,3,7,personal,0
21719,80301,663,25,0.05,14,8,personal,0
25665,89187,614,8,0.27,12,4,business,0
44239,30431,416,10,0.64,5,9,personal,0
26032,95667,463,24,0.43,13,7,auto,0
13641,109627,605,3,0.62,11,4,business,1
42964,110381,499,1,0.65,16,3,personal,0
31028,110027,479,22,0.36,10,1,auto,0
46494,141569,657,28,0.3,8,3,home,0
16651,75372,551,3,0.37,6,1,business,1
9536,90366,598,13,0.51,3,6,auto,1
46712,114176,729,4,0.31,10,6,business,0
7273,139667,303,16,0.59,18,8,home,0
7284,92870,553,26,0.68,10,3,home,1
26692,67387,395,11,0.25,13,4,business,0
9817,72927,466,25,0.73,14,3,auto,0
29955,29304,630,28,0.49,1,3,education,0
27555,133183,361,5,0.66,15,4,business,0
21378,37032,473,11,0.12,12,2,education,0
42182,111291,552,14,0.23,16,8,auto,1
18127,132889,760,22,0.27,7,6,personal,1
18952,79486,514,18,0.26,14,0,business,0
12539,85552,538,9,0.17,9,0,home,1
47761,93844,714,1,0.66,9,0,personal,0
47219,49654,425,28,0.34,10,2,auto,0
15692,59244,552,11,0.72,9,8,home,1
19120,25942,496,11,0.46,16,7,business,1
14334,70697,712,25,0.15,8,8,auto,0
29615,146031,755,6,0.43,2,4,business,0
8903,22693,353,0,0.75,18,6,personal,1
29527,76751,638,17,0.45,18,9,business,0
16629,101098,658,2,0.05,12,8,home,0
18740,138777,450,19,0.7,3,4,business,1
34782,26259,399,4,0.21,2,7,personal,1
27708,139746,533,19,0.53,6,7,personal,1
11860,133883,843,14,0.41,6,2,home,0
18438,127772,361,9,0.28,17,4,education,0
2764,137928,495,18,0.25,16,7,education,0
7009,24942,841,0,0.7,13,9,business,1
21842,67419,405,6,0.69,12,2,personal,1
43372,122092,594,27,0.41,11,2,auto,1
49780,76105,750,25,0.23,15,5,auto,1
34435,85907,833,21,0.12,17,6,personal,0
4370,47383,455,17,0.16,8,6,auto,1
39744,43404,705,1,0.42,7,5,home,0
21454,92656,674,18,0.27,11,6,business,0
42381,25702,754,23,0.08,8,6,personal,0
39367,93883,501,23,0.37,19,3,business,0
4650,120965,751,9,0.57,6,7,home,1
46117,76332,486,14,0.67,19,7,auto,1
26708,59419,667,9,0.46,19,1,personal,0
43662,110576,639,25,0.56,4,9,home,0
4190,123182,561,27,0.3,15,4,home,1
49113,131395,842,9,0.4,17,1,business,0
9789,122619,605,26,0.56,18,2,personal,1
33125,108078,464,29,0.56,12,2,business,0
34159,128269,387,11,0.35,10,4,business,1
18459,93844,499,7,0.43,9,7,home,1
36418,59242,570,22,0.7,8,2,business,0
47368,144983,350,13,0.49,8,6,auto,1
48085,54142,788,1,0.5,11,4,auto,0
19768,129699,497,16,0.6,12,9,home,1
16563,116226,322,5,0.13,6,9,business,1
28885,27393,522,26,0.42,3,9,auto,1
22885,89939,520,7,0.72,15,3,education,1
7895,89082,565,0,0.3,6,1,education,0
24958,122281,372,2,0.26,7,5,business,1
2531,48893,376,14,0.47,6,3,home,0
6481,29388,843,16,0.2,2,3,auto,1
24932,138099,734,25,0.44,6,4,personal,0
22360,127292,364,24,0.16,2,8,personal,1
44642,82969,656,6,0.46,1,0,auto,0
25829,56660,317,13,0.47,15,4,business,1
20932,109244,735,23,0.34,10,4,education,1
39931,44726,740,24,0.32,10,1,education,0
39032,99544,308,2,0.22,10,2,auto,0
16890,121553,769,25,0.28,5,3,education,0
19807,82996,647,26,0.4,4,0,auto,0
12767,20111,671,17,0.22,15,9,home,0
9071,135370,474,21,0.6,9,2,education,1
27149,37545,814,4,0.55,16,0,business,1
16540,60168,429,19,0.24,9,0,education,0
36676,22379,592,21,0.12,19,8,auto,1
5712,115773,652,14,0.05,14,3,personal,0
27201,131484,523,5,0.47,12,3,education,0
45958,107346,823,27,0.2,12,3,auto,0
20899,61120,808,2,0.06,3,8,education,0
20787,37809,667,29,0.3,19,7,education,0
21982,72813,799,17,0.72,11,3,education,0
23606,94005,389,24,0.53,5,5,personal,1
11150,47967,371,23,0.65,6,1,auto,1
21393,29748,732,29,0.15,6,5,home,0
38259,43424,647,19,0.1,19,0,business,0
47687,106512,562,21,0.06,14,4,personal,0
47936,43914,570,2,0.72,16,7,business,1
28750,115603,808,26,0.26,12,0,business,0
9593,128411,807,7,0.37,18,1,home,0
18358,98478,719,18,0.33,13,2,education,0
17607,39491,371,17,0.56,9,6,home,1
38381,69454,373,14,0.27,18,7,business,1
25811,90069,802,22,0.42,4,3,personal,0
29074,71925,445,13,0.75,11,7,business,1
21595,109119,345,15,0.36,18,0,business,1
45194,57049,404,2,0.44,3,2,home,0
27853,47821,408,28,0.4,4,3,auto,0
9183,115797,616,24,0.61,9,4,business,1
21661,123072,420,14,0.24,13,8,auto,1
42169,49945,798,18,0.17,15,1,education,0
37495,37384,342,7,0.58,10,6,business,1
14703,48410,398,1,0.34,9,2,home,0
31815,97734,610,24,0.69,16,9,education,0
30565,83766,513,16,0.5,16,1,personal,1
23942,114890,762,11,0.45,13,8,business,0
43986,136406,722,18,0.1,5,2,home,0
34161,27169,688,10,0.56,10,7,business,1
49760,60129,411,29,0.53,1,0,home,1
42803,117445,571,17,0.5,3,4,home,1
10716,23830,401,12,0.24,3,4,auto,1
42563,76306,509,13,0.71,10,5,business,1
34349,106940,321,28,0.28,17,6,home,0
48098,85267,458,11,0.16,18,2,home,0
43899,47757,642,14,0.74,13,4,education,0
1132,83867,699,22,0.57,2,7,business,0
48752,55650,753,20,0.34,16,5,education,0
4385,53766,442,7,0.71,4,1,auto,0
37538,101478,696,1,0.11,18,6,auto,1
36036,52419,835,7,0.11,14,2,home,0
34743,36668,440,22,0.53,6,9,home,1
41373,36246,539,27,0.17,11,8,home,0
8213,44996,591,26,0.69,17,3,business,0
45223,71312,381,4,0.64,8,3,business,1
27119,23065,470,1,0.26,3,3,personal,1
3835,30467,825,9,0.67,3,9,home,0
3738,70646,841,26,0.08,17,9,education,0
43317,130380,409,22,0.43,4,7,personal,0
5134,41007,511,9,0.7,19,0,business,1
26892,88079,737,3,0.65,8,2,business,0
40601,48702,621,3,0.3,17,7,home,1
9353,114369,383,7,0.18,5,6,education,1
16690,95569,675,5,0.2,11,5,education,0
2909,73952,352,24,0.41,12,6,auto,0
26703,78065,795,26,0.47,15,0,home,0
15496,54169,555,14,0.07,12,7,business,1
13062,36829,519,17,0.34,7,3,home,0
10850,80135,399,20,0.63,3,0,home,0
28701,24522,428,21,0.36,10,3,auto,1
35731,105687,518,7,0.17,16,1,auto,0
6153,55319,776,19,0.72,1,4,personal,0
11481,140334,757,26,0.24,11,0,home,0
34734,46543,321,6,0.61,17,0,business,1
1889,138576,628,26,0.19,14,4,auto,0
20445,123120,779,22,0.35,18,1,personal,0
7461,137419,638,19,0.39,12,8,personal,0
39934,50473,478,16,0.4,16,9,personal,0
29205,27699,720,18,0.41,8,6,business,0
24351,88165,781,1,0.21,3,3,auto,0
17006,60455,348,28,0.41,11,6,education,0
45149,95692,329,28,0.39,15,7,business,0
11940,37441,384,11,0.2,4,7,home,1
12258,50716,801,18,0.74,16,7,education,1
25485,82175,845,4,0.66,17,4,business,0
24763,26834,628,26,0.67,14,6,auto,1
41048,143637,733,11,0.53,2,6,personal,1
2067,38179,548,16,0.16,15,1,business,1
21607,46219,433,4,0.45,8,2,home,0
44883,123153,664,1,0.63,13,1,home,0
10018,35782,724,29,0.08,3,2,home,0
49521,101363,714,3,0.4,4,8,education,0
47946,142903,811,5,0.33,4,6,personal,0
16187,94967,684,8,0.2,4,3,business,0
38375,122454,687,25,0.31,2,7,education,0
4985,129593,748,21,0.74,13,6,business,1
44052,29496,602,9,0.56,8,9,auto,0
20563,108867,398,28,0.26,9,5,auto,0
48322,59238,605,10,0.47,1,3,business,0
38306,66025,341,27,0.22,1,4,education,1
19608,149209,767,1,0.48,9,9,home,1
40139,79886,739,23,0.68,11,7,education,0
2726,43563,626,20,0.44,16,2,education,0
27582,23712,332,24,0.56,4,2,business,0
6791,114067,711,25,0.37,15,4,education,0
9458,65489,413,8,0.42,7,8,auto,1
18221,52664,807,19,0.54,2,4,business,1
49506,130799,355,28,0.62,10,0,business,0
21968,32420,651,16,0.51,17,4,business,1
18070,74610,628,26,0.73,11,8,education,1
28937,25315,845,29,0.62,19,6,personal,1
42831,90917,569,8,0.59,10,8,home,1
43933,95033,495,24,0.64,4,9,home,0
48307,114576,712,7,0.25,13,9,auto,0
49340,137862,378,4,0.35,1,4,business,1
38415,117911,382,4,0.45,7,2,home,1
43770,99030,436,25,0.37,9,1,education,0
21802,83910,838,5,0.64,1,8,education,1
44601,117288,605,15,0.07,18,4,education,1
11420,80972,610,0,0.2,18,0,auto,0
7642,141075,687,8,0.67,16,1,business,1
20775,110893,848,20,0.09,16,1,home,0
29754,75919,805,6,0.21,5,3,business,0
44310,102486,687,10,0.3,14,5,business,0
5357,101288,592,14,0.58,1,7,education,1
22263,122926,478,23,0.44,6,2,home,0
49367,24132,728,4,0.72,6,9,auto,1
14201,147153,823,18,0.21,12,9,business,0
3739,61598,611,5,0.66,18,5,personal,0
14231,113812,379,22,0.25,9,3,education,0
43278,125299,313,28,0.22,16,7,personal,0
43495,40551,353,13,0.4,15,8,auto,1
22168,112511,746,19,0.1,2,8,auto,0
33624,88206,364,24,0.32,5,5,auto,0
11635,94900,671,13,0.3,13,1,auto,0
10964,46296,802,10,0.16,19,1,home,0
28785,110216,395,3,0.65,1,9,personal,1
30510,38066,832,26,0.32,16,8,education,0
18261,48892,559,9,0.74,7,4,personal,1
20254,95577,547,1,0.68,13,6,home,0
12392,94590,426,24,0.19,16,5,business,0
13336,97173,798,3,0.4,12,8,auto,0
12939,96293,345,19,0.47,7,4,business,0
28412,84771,567,9,0.62,14,7,auto,1
17676,126794,841,0,0.67,18,3,education,0
10843,47484,393,13,0.49,19,6,auto,0
46591,97865,615,17,0.07,13,8,auto,0
26112,119074,370,11,0.39,2,1,business,0
31598,149920,748,18,0.67,19,8,business,1
36454,47115,666,22,0.55,4,7,business,0
34001,46038,709,11,0.66,14,9,home,1
28228,56622,390,24,0.52,2,0,auto,0
15429,55886,808,27,0.08,18,9,business,0
19758,71284,827,4,0.73,19,6,home,0
3272,29901,409,3,0.69,19,4,education,1
18350,76377,388,12,0.14,4,4,education,1
23538,102910,571,17,0.13,19,6,auto,0
4400,69862,546,29,0.43,3,9,business,1
16371,138992,660,28,0.58,8,3,auto,0
38310,140055,677,11,0.32,4,0,auto,0
37291,131826,505,29,0.15,3,5,auto,0
19147,52806,644,15,0.41,5,0,home,0
4291,37659,754,22,0.29,11,0,auto,0
36256,134306,366,5,0.3,19,7,education,0
11892,43453,342,27,0.5,19,3,business,1
35326,50498,528,27,0.67,17,4,personal,0
38458,90393,743,6,0.44,2,9,personal,0
39889,36312,533,23,0.53,9,9,personal,0
45966,21436,498,8,0.51,3,0,business,0
38207,47569,796,9,0.44,10,9,auto,0
41288,78813,331,4,0.27,9,6,business,1
26995,136787,563,26,0.31,4,1,business,1
6409,110485,412,20,0.27,7,5,home,0
43438,93229,758,3,0.69,12,8,business,0
45874,65986,575,10,0.63,11,1,home,0
45702,122555,445,18,0.46,15,5,education,0
30823,73177,656,28,0.69,14,4,home,0
8869,148541,305,6,0.67,7,1,personal,1
36724,29305,639,12,0.7,15,8,home,1
23401,52646,793,12,0.21,14,1,education,0
26958,112838,407,20,0.55,11,0,business,0
11766,96126,370,22,0.48,10,8,personal,1
20768,140900,639,17,0.56,19,8,home,0
31794,137922,399,24,0.23,3,8,auto,0
27145,144145,626,24,0.54,12,7,business,0
11086,60430,332,28,0.34,13,3,personal,0
44203,142238,442,8,0.63,7,8,personal,1
27442,88659,543,12,0.61,12,1,home,0
17412,135341,516,12,0.2,2,0,business,0
26596,24158,733,4,0.18,1,9,business,0
11255,94236,353,29,0.55,6,6,auto,0
43406,96067,450,25,0.44,19,5,auto,1
41524,47738,354,11,0.44,6,2,personal,0
24332,29879,816,24,0.58,13,1,personal,0
45624,25543,747,0,0.65,4,7,education,1
16764,132284,334,17,0.22,14,3,personal,0
28563,67924,418,25,0.44,16,5,auto,1
23139,62348,496,20,0.63,2,3,home,1
37370,104117,813,20,0.66,9,8,education,1
6062,56679,721,21,0.25,13,4,personal,0
45645,99118,816,29,0.12,14,5,auto,0
8244,63888,438,23,0.21,14,8,education,1
7372,50276,343,27,0.71,5,5,home,0
40873,123539,518,16,0.37,2,1,home,1
20965,24799,557,9,0.34,5,0,auto,0
45997,110627,812,27,0.06,6,8,business,0
17956,113770,676,8,0.09,2,1,auto,0
41473,132529,588,19,0.52,1,1,auto,0
14894,144713,769,7,0.46,16,3,auto,0
46048,140048,402,27,0.45,9,9,business,0
34382,110141,448,14,0.13,14,9,personal,1
5050,80558,383,12,0.3,9,2,personal,0
17709,135013,325,27,0.62,5,6,home,1
16722,56534,474,20,0.17,15,6,personal,1
16210,51668,721,16,0.67,10,2,auto,0
37545,24111,645,29,0.14,15,2,personal,0
39674,44686,601,8,0.17,17,8,business,0
35489,92551,597,23,0.38,3,6,personal,1
18733,92392,434,20,0.71,8,2,auto,1
21080,36490,354,29,0.28,4,2,personal,0
37664,55194,355,10,0.51,11,2,home,1
40709,34497,673,29,0.46,19,8,personal,0
47232,139066,638,3,0.15,14,7,home,0
39014,73516,756,23,0.22,18,6,education,0
42152,137219,654,24,0.7,2,7,business,1
28250,108730,431,6,0.18,9,0,home,0
21229,64104,792,19,0.54,10,8,education,1
49137,25316,409,22,0.73,13,4,education,1
17475,58130,425,21,0.13,19,4,auto,0
47412,90229,595,26,0.33,4,4,education,1
44876,127294,478,27,0.21,16,8,business,0
30011,49954,496,2,0.21,12,4,business,1
9128,133437,400,9,0.13,16,1,business,1
33450,41652,482,2,0.5,17,5,business,0
19897,34178,308,0,0.57,16,6,auto,1
9168,128933,712,13,0.52,7,6,personal,1
7861,71163,403,12,0.7,2,6,home,1
42758,34751,425,4,0.15,9,1,auto,1
14750,85961,845,7,0.27,12,5,auto,0
17988,23044,569,11,0.29,13,8,home,0
3979,83165,765,5,0.21,14,0,home,0
24524,31480,417,23,0.15,12,2,personal,0
8065,85439,391,22,0.39,3,5,personal,1
38684,63874,784,1,0.63,16,6,business,1
24184,124533,386,23,0.72,18,1,personal,0
34365,86775,533,3,0.14,3,9,personal,0
24704,26566,423,26,0.63,9,7,home,1
6622,105311,502,4,0.63,15,5,education,1
19261,122517,331,10,0.32,8,8,business,0
45932,73149,656,12,0.13,10,8,business,0
29419,23006,762,7,0.74,3,8,auto,1
35467,92561,393,20,0.51,5,8,personal,0
26605,39423,821,4,0.74,6,1,personal,0
30171,124862,707,5,0.39,14,9,home,0
23164,110710,399,14,0.33,19,9,personal,0
47197,112199,543,22,0.22,18,6,auto,1
14796,53952,357,24,0.74,7,4,home,1
37854,47326,656,15,0.23,4,8,business,1
32320,137272,790,29,0.07,3,0,personal,0
1665,51139,619,10,0.41,13,9,personal,0
33694,82103,318,6,0.31,4,6,auto,0
25230,132734,656,5,0.23,9,9,auto,0
23995,80857,416,11,0.49,6,4,home,0
27784,93638,435,25,0.3,11,8,business,0
15605,132173,595,3,0.33,9,6,auto,0
18463,92652,824,13,0.07,9,3,auto,0
9419,32937,400,10,0.46,19,7,business,1
48952,146934,679,25,0.14,1,8,education,0
34837,50161,454,11,0.2,4,8,home,0
6263,24383,404,1,0.55,1,9,education,1
49877,105856,825,10,0.27,13,3,business,0
41719,136387,427,12,0.16,16,5,personal,0
46687,90043,700,10,0.45,12,3,home,0
35131,34735,828,8,0.2,1,0,business,0
38276,79919,849,25,0.24,15,5,business,1
35523,115249,423,26,0.48,5,7,home,0
1519,102055,659,20,0.57,1,5,education,1
32106,87561,363,15,0.57,17,2,personal,0
45504,105455,401,4,0.39,8,7,education,0
11514,57622,576,26,0.37,8,9,auto,0
48456,58135,526,11,0.6,15,8,education,1
8233,55658,322,2,0.19,12,0,auto,1
2102,104677,363,28,0.16,16,5,home,0
1597,49696,456,15,0.52,18,9,auto,1
47715,23773,689,18,0.34,3,7,business,0
20657,44956,448,16,0.55,4,1,auto,0
46009,141340,662,27,0.23,15,3,business,0
39549,35819,763,10,0.28,14,0,business,0
44565,21528,698,20,0.68,1,3,education,0
7256,147781,704,18,0.35,17,1,personal,0
44148,106491,431,26,0.46,17,2,education,0
30401,64588,496,17,0.12,18,3,education,0
42548,90585,334,26,0.18,1,2,business,0
7554,119152,719,8,0.08,2,5,personal,0
13664,147872,676,12,0.35,16,6,business,0
43367,40511,698,29,0.74,14,6,personal,1
49279,30119,519,25,0.66,18,0,auto,0
25386,95893,816,5,0.49,9,4,business,0
5846,36167,641,2,0.65,14,2,education,0
27205,76503,715,22,0.47,13,0,business,0
26570,130782,755,11,0.31,14,0,home,0
31255,140554,596,8,0.17,19,1,home,0
22182,107789,630,8,0.51,17,9,home,1
40373,54889,638,14,0.19,8,7,education,0
44019,65678,597,0,0.34,4,3,education,0
17043,115334,611,17,0.63,9,9,home,1
46532,80262,354,14,0.14,11,2,education,1
36754,24681,833,7,0.14,7,7,education,1
1400,100291,404,10,0.21,15,1,education,0
20239,86008,474,16,0.44,18,8,home,1
11416,136475,593,26,0.23,5,3,auto,0
4412,118417,674,27,0.4,16,8,auto,0
17440,33690,749,26,0.26,12,0,personal,0
25406,45912,744,13,0.4,17,4,business,1
2875,26473,359,18,0.24,15,9,auto,1
38066,61298,691,26,0.74,19,6,personal,1
37536,38669,689,22,0.39,7,3,auto,0
6752,119500,511,23,0.57,12,4,home,1
22217,101998,834,4,0.54,17,8,personal,0
13489,40943,539,29,0.39,7,5,home,1
2353,58785,787,1,0.22,11,5,home,1
27986,120956,421,14,0.41,1,1,personal,0
22371,83427,552,18,0.53,17,0,personal,1
40365,82001,440,24,0.37,7,3,auto,1
15691,81724,751,15,0.11,2,9,auto,0
5311,139006,452,12,0.06,11,2,business,1
49075,30832,607,26,0.28,16,6,auto,0
11794,25385,616,28,0.16,15,6,personal,0
3934,115898,828,25,0.68,8,5,auto,1
17406,34708,595,6,0.17,15,4,personal,1
11394,78600,644,28,0.33,7,2,business,0
27872,43438,581,16,0.55,5,3,personal,1
42708,102747,507,18,0.62,8,4,business,1
42093,100107,395,24,0.38,2,3,business,0
21800,80062,751,6,0.18,6,2,business,0
44397,85428,672,11,0.24,4,1,home,0
